queue_position,project_name,request_type,is_generator,cluster,status,status_code,fuel_type,fuel_group,unit_type,state,is_massachusetts,county,planning_zone,poi,jurisdiction,service_type,capacity_mw,net_mw,summer_mw,winter_mw,is_zero_net_request,request_date,request_year,op_date,sync_date,withdrawal_date,years_in_queue,sis_complete,i39_approved,ia_status,last_updated
1,Millennium+K117,G,True,,in service,C,DFO NG,All other,CC,MA,True,Worcester,WMA,W 123 Line,F,ES,,,,,False,1996-06-07,1996,2001-04-06,,,4.829568788501026,Y,Y,,
2,EMI-Tiverton,G,True,,in service,C,NG,All other,CC,RI,False,Newport,SEMA,Near Tiverton 115 kV Substation,F,ES,,,,,False,1996-11-08,1996,2000-08-18,,,3.7754962354551678,Y,Y,,
3,Androscoggin Energy Center,G,True,,in service,C,DFO NG,All other,CC,ME,False,Franklin,ME,Jay 115 kV Substation,F,ES,,,,,False,1997-02-13,1997,2000-12-28,,,3.871321013004791,Y,Y,,
4,EMI Dighton Power Project,G,True,,in service,C,NG,All other,CC,MA,True,Bristol,SEMA,U6 Line,F,ES,,,,,False,1997-04-10,1997,1999-08-01,,,2.308008213552361,Y,Y,,
5,Brayton Pt,G,True,,withdrawn,W,,All other,,MA,True,Bristol,RI,Brayton Point 345 kV Station,F,MIS,,,,,False,1997-05-09,1997,2001-12-31,,,,Y,Y,,
6,Rumford Power Associates,G,True,,in service,C,NG,All other,CC,ME,False,Oxford,ME,Rumford 115 kV Substation,F,,,,,,False,1997-06-12,1997,2000-10-16,,,3.345653661875428,Y,Y,,
7,Bridgeport Harbor Station,G,True,,in service,C,NG,All other,CC,CT,False,Fairfield,SWCT,Pequonnock 115 kV Substation,F,,,,,,False,1997-06-25,1997,1999-07-24,,,2.078028747433265,Y,Y,,
8,ANP Blackstone Energy Project Unit 2,G,True,,in service,C,NG,All other,CC,MA,True,Worcester,RI,Sectionalize 336 Line,F,MIS,,,,,False,1997-07-15,1997,2001-07-13,,,3.994524298425736,Y,Y,,2009-10-02
8,ANP Bellingham Energy Project Unit 1,G,True,,in service,C,NG,All other,CC,MA,True,Norfolk,RI,Sectionalize Line 303,F,MIS,,,,,False,1997-07-15,1997,2002-10-24,,,5.27583846680356,Y,Y,,2009-10-02
8,ANP Bellingham Energy Project Unit 2,G,True,,in service,C,NG,All other,CC,MA,True,Norfolk,RI,Sectionalize Line 303,F,MIS,,,,,False,1997-07-15,1997,2002-12-28,,,5.453798767967146,Y,Y,,2009-10-02
8,ANP Blackstone Energy Project Unit 1,G,True,,in service,C,NG,All other,CC,MA,True,Worcester,RI,Sectionalize 336 Line,F,MIS,,,,,False,1997-07-15,1997,2001-06-07,,,3.89596167008898,Y,Y,,2009-10-02
9,IDC Bellingham,G,True,,withdrawn,W,,All other,,MA,True,Norfolk,RI,Sectionalize 336 Line,F,MIS,,,,,False,1997-07-22,1997,2002-12-31,,,,Y,Y,,
10,Maine Independence,G,True,,in service,C,NG,All other,CC,ME,False,Penobscot,BHE,"Located at Graham Station in Veazie, ME",F,,,,,,False,1997-07-24,1997,2000-05-01,,,2.7707049965776864,Y,Y,,
11,Wareham,G,True,,withdrawn,W,,All other,,MA,True,Plymouth,SEMA,Adjacent to the Tremont Substation,F,,,,,,False,1997-08-05,1997,2001-02-28,,,,N,N,,
12,Berkshire Power,G,True,,in service,C,NG,All other,CC,MA,True,Hampden,WMA,South Agawam Jct. 115 kV Station,F,ES,,,,,False,1997-08-15,1997,2000-06-19,,,2.844626967830253,Y,Y,,
13,Summit Power,G,True,,withdrawn,W,,All other,,MA,True,Hampden,WMA,1302 Line,F,,,,,,False,1997-08-22,1997,2001-03-31,,,,N,N,,
13,Milford Power Unit 1,G,True,,in service,C,DFO NG,All other,CC,CT,False,New Haven,SWCT,Devon 115 kV Substation,F,MIS,,,,,False,1997-08-22,1997,2004-02-12,,,6.4750171115674195,Y,Y,,2009-10-02
13,Milford Power Unit 2,G,True,,in service,C,DFO NG,All other,CC,CT,False,New Haven,SWCT,Devon 115 kV Substation,F,MIS,,,,,False,1997-08-22,1997,2004-05-03,,,6.69678302532512,Y,Y,,2009-10-02
14,Cabot Power,G,True,,withdrawn,W,,All other,,MA,True,Middlesex,BOST,Mystic 345 kV Station,F,ES,,,,,False,1997-09-30,1997,2000-06-30,,,,Y,Y,,
15,South Norwalk,G,True,,withdrawn,W,,All other,,CT,False,Fairfield,NOR,Norwalk 115 kV Substation,F,,,,,,False,1997-10-09,1997,2000-01-01,,,,Y,N,,
16,ANP Gorham,G,True,,withdrawn,W,,All other,,ME,False,Cumberland,ME,S. Gorham 345 kV Substation,F,MIS,,,,,False,1997-10-24,1997,2000-07-01,,,,Y,Y,,
17,Lake Road Generating Unit 3,G,True,,in service,C,DFO NG,All other,CC,CT,False,Windham,RI,Line 347,F,MIS,,,,,False,1997-12-12,1997,2002-05-22,,,4.440793976728268,Y,Y,,2009-10-02
17,Lake Road Generating Units 1&2,G,True,,in service,C,DFO NG,All other,CC,CT,False,Windham,RI,Line 347,F,MIS,,,,,False,1997-12-12,1997,2002-03-15,,,4.254620123203286,Y,Y,,2009-10-02
17,SEI Newington (ConEd),G,True,,in service,C,JF NG,All other,CC,NH,False,Rockingham,NH,Newington 345 kV Station,F,MIS,,,,,False,1997-12-12,1997,2002-09-18,,,4.766598220396989,Y,Y,,
18,Versaille Energy Center,G,True,,withdrawn,W,,All other,,CT,False,New London,CT,Tunnel 115 kV Substation,F,,,,,,False,1998-01-13,1998,2000-12-31,,,,N,N,,
18,Sprague Newington (Piscataqua Power),G,True,,withdrawn,W,,All other,,NH,False,Rockingham,NH,Newington 345 kV Station,F,MIS,,,,,False,1998-01-13,1998,2000-01-01,,,,N,N,,
18,White Mountain Cogen.Center,G,True,,withdrawn,W,,All other,,NH,False,Coos,NH,Lost Nation 115 kV Substation,F,,,,,,False,1998-01-13,1998,2000-12-31,,,,N,N,,
19,Livermore Falls,G,True,,withdrawn,W,,All other,,ME,False,Androscoggin,ME,Livermore Falls 115 kV Substation,F,,,,,,False,1998-01-14,1998,2000-12-01,,,,N,N,,
20,Housatonic Power,G,True,,withdrawn,W,,All other,,CT,False,Fairfield,CT,398 Line,F,,,,,,False,1998-01-20,1998,2001-01-01,,,,N,N,,
21,Wallingford Power Units 1&3,G,True,,in service,C,NG,All other,GT,CT,False,New Haven,SWCT,Wallingford 115 kV Substation,F,MIS,,,,,False,1998-02-11,1998,2001-12-31,,,3.885010266940452,Y,Y,,2009-10-02
21,Wallingford Power Units 2&5,G,True,,in service,C,NG,All other,GT,CT,False,New Haven,SWCT,Wallingford 115 kV Substation,F,MIS,,,,,False,1998-02-11,1998,2002-02-07,,,3.9890485968514717,Y,Y,,2009-10-02
21,Wallingford Power Unit 4,G,True,,in service,C,NG,All other,GT,CT,False,New Haven,SWCT,Wallingford 115 kV Substation,F,MIS,,,,,False,1998-02-11,1998,2002-01-23,,,3.9479808350444903,Y,Y,,2009-10-02
21,AES Londonderry (Granite Ridge),G,True,,in service,C,DFO NG,All other,CC,NH,False,Rockingham,NH,N. Litchfield 230 kV Station and Watts Brook 115 k,F,MIS,,,,,False,1998-02-11,1998,2003-04-01,,,5.13347022587269,Y,Y,,
22,Meriden Power,G,True,,withdrawn,W,,All other,,CT,False,New Haven,CT,Sectionalize 362 Line,F,MIS,,,,,False,1998-02-16,1998,2003-06-30,,,,Y,Y,,
23,HQ-Surowiec,ETU,False,,withdrawn,W,,All other,,ME,False,Cumberland,ME,Surowiec 345 kV or MEPCO,F,MIS,,,,,False,1998-02-19,1998,2002-12-31,,,,Y,N,,
24,Orrington Generation,G,True,,withdrawn,W,,All other,,ME,False,Penobscot,ME,Orrington 345 kV Station,F,,,,,,False,1998-02-25,1998,2001-06-30,,,,N,N,,
25,Patriot Power,G,True,,withdrawn,W,,All other,,MA,True,Bristol,SEMA,Bridgewater 345 kV Line,F,,,,,,False,1998-02-27,1998,2001-03-31,,,,N,N,,
26,S&P Cogeneration,G,True,,withdrawn,W,,All other,,MA,True,Essex,BOST,Lynn 115 kV,F,,,,,,False,1998-03-06,1998,2001-12-31,,,,Y,N,,
27,AES Carpenter,G,True,,withdrawn,W,,All other,,CT,False,Hartford,CT,Southington 345 kV Substation,F,MIS,,,,,False,1998-03-13,1998,2001-12-31,,,,N,N,,
28,Newington Energy Center,G,True,,withdrawn,W,,All other,,NH,False,Rockingham,NH,Newington 345 kV Station,F,,,,,,False,1998-03-18,1998,2001-03-31,,,,N,N,,
29,"Bucksport Energy, L.P.",G,True,,in service,C,DFO NG,All other,CC,ME,False,Hancock,BHE,Belfast 115 kV bus,F,MIS,,,,,False,1998-03-24,1998,2001-01-01,,,2.7761806981519506,Y,Y,,
30,Norwich Power Station,G,True,,withdrawn,W,,All other,,CT,False,New London,CT,Bean Hill Substation,F,,,,,,False,1998-03-25,1998,2000-12-31,,,,Y,N,,
30,Engage Energy LTF PtP,ETU,False,,withdrawn,W,,All other,,,False,N/A,,Import from New Brunswick via MEPCO,F,ES,,,,,False,1998-03-25,1998,2000-12-31,,,,Y,N,,
31,North Smithfield,G,True,,withdrawn,W,,All other,,RI,False,Providence,RI,W. Farnum 345 kV,F,MIS,,,,,False,1998-03-26,1998,2002-06-30,,,,Y,N,,
32,Towantic Energy,G,True,,withdrawn,W,,All other,,CT,False,New Haven,CT,Beacon Falls 115 kV,F,MIS,,,,,False,1998-03-30,1998,2002-12-31,,,,Y,Y,,
33,Sithe Medway,G,True,,withdrawn,W,,All other,,MA,True,Norfolk,RI,Existing Medway Station 345 kV,F,MIS,,,,,False,1998-03-31,1998,2001-12-31,,,,Y,Y,,
33,Sithe Edgar Station Expansion (Fore River),G,True,,in service,C,NG,All other,CC,MA,True,Norfolk,SEMA,Holbrook 345 kV,F,MIS,,,,,False,1998-03-31,1998,2003-08-04,,,5.344284736481861,Y,Y,,
33,Westbrook Power,G,True,,in service,C,NG,All other,CC,ME,False,Cumberland,SME,Spring St. 115 kV Substation,F,MIS,,,,,False,1998-03-31,1998,2001-04-13,,,3.0362765229295,Y,Y,,
33,Sithe Mystic Station Expansion Unit 9,G,True,,in service,C,NG,All other,CC,MA,True,Suffolk,BOST,Mystic 345 kV,F,ES,,,,,False,1998-03-31,1998,2003-06-11,,,5.196440793976728,Y,Y,,2009-10-02
33,Sithe Framingham Station Expansion,G,True,,withdrawn,W,,All other,,MA,True,Middlesex,BOST,Framingham 230 kV,F,,,,,,False,1998-03-31,1998,2001-12-31,,,,N,N,,
33,Sithe Mystic Station Expansion Unit 8,G,True,,in service,C,NG,All other,CC,MA,True,Suffolk,BOST,Mystic 345 kV,F,ES,,,,,False,1998-03-31,1998,2003-04-13,,,5.034907597535934,Y,Y,,2009-10-02
34,WEG-Norwich,G,True,,withdrawn,W,,All other,,CT,False,New London,CT,Montville 115 kV Substation,F,,,,,,False,1998-04-01,1998,2005-06-30,,,,N,N,,
35,Wyman B,G,True,,withdrawn,W,,All other,,ME,False,Cumberland,SME,Wyman 115 kV Station,F,,,,,,False,1998-04-02,1998,2000-01-03,,,,N,N,,
35,Wyman A,G,True,,withdrawn,W,,All other,,ME,False,Cumberland,SME,Wyman 115 kV Station,F,MIS,,,,,False,1998-04-02,1998,2000-01-02,,,,N,N,,
35,Mason,G,True,,withdrawn,W,,All other,,ME,False,Lincoln,ME,Mason 345 kV Substation,F,MIS,,,,,False,1998-04-02,1998,2000-12-31,,,,N,N,,
36,FPL Energy (Bedford),G,True,,withdrawn,W,,All other,,MA,True,Bristol,SEMA,Industrial Park 115 kV Substation,F,MIS,,,,,False,1998-04-14,1998,2000-11-30,,,,N,N,,
37,"FPLE RISE, LLC (R.I. Hope Energy)",G,True,,in service,C,NG,All other,CC,RI,False,Providence,RI,S 171 and S 172 Lines,F,MIS,,,,,False,1998-04-29,1998,2002-11-05,,,4.520191649555099,Y,Y,,
38,Rocky River Power,G,True,,withdrawn,W,,All other,,CT,False,Litchfield,CT,Long Mountain 345 kV Station,F,MIS,,,,,False,1998-05-08,1998,2001-07-31,,,,N,N,,
39,HQ Highgate2 HVDC,ETU,False,,withdrawn,W,,All other,,VT,False,Franklin,VT,"Located on the Hydro Quebec sys. N. near Highgate,",F,MIS,,,,,False,1998-05-28,1998,2001-12-31,,,,N,N,,
39,CVPS/GMP LTF PtP,ETU,False,,withdrawn,W,,All other,,NY,False,Clinton,VT,Import from NY via PV20,F,MIS,,,,,False,1998-05-28,1998,2001-12-31,,,,N,N,,
40,Glen Charlie Unit One,G,True,,withdrawn,W,,All other,,MA,True,Plymouth,SEMA,Wareham 115 kV Substation,F,,,,,,False,1998-06-01,1998,2001-03-31,,,,N,N,,
41,Canal 2 Repowering,G,True,,withdrawn,W,,All other,,MA,True,Barnstable,SEMA,Canal 345 kV Station,F,MIS,,,,,False,1998-06-04,1998,2001-06-30,,,,N,N,,
42,Wiscassett,G,True,,withdrawn,W,,All other,,ME,False,Lincoln,ME,Maine Yankee 345 KV,F,MIS,,,,,False,1998-06-05,1998,2001-10-01,,,,N,N,,
43,Tractebel LTF PtP,ETU,False,,withdrawn,W,,All other,,,False,N/A,,Import from the New Brunswick System,F,,,,,,False,1998-06-08,1998,2002-12-31,,,,N,N,,
44,Brockton Power Project,G,True,,withdrawn,W,,All other,,MA,True,Plymouth,SEMA,Industrial Blvd.,F,MIS,,,,,False,1998-07-10,1998,2001-01-31,,,,Y,Y,,
45,Kendall Repowering Project,G,True,,in service,C,NG,All other,CC,MA,True,Suffolk,BOST,Kendall Station in Cambridge,F,MIS,,,,,False,1998-07-17,1998,2002-12-18,,,4.421629021218344,Y,Y,,
46,Campello Power Co.,G,True,,withdrawn,W,,All other,,MA,True,Plymouth,SEMA,,F,MIS,,,,,False,1998-08-18,1998,2002-06-30,,,,N,N,,
47,Nickel Hill Energy Project,G,True,,withdrawn,W,,All other,,MA,True,Middlesex,BOST,Tewksbury 230 kV Substation,F,MIS,,,,,False,1998-08-26,1998,2001-06-30,,,,N,N,,
48,Rutland Energy Park,G,True,,withdrawn,W,,All other,,VT,False,Rutland,VT,TBD,F,,,,,,False,1998-09-09,1998,2001-11-30,,,,N,N,,
48,Bennington Energy Park,G,True,,withdrawn,W,,All other,,VT,False,Bennington,VT,TBD,F,,,,,,False,1998-09-09,1998,2001-11-30,,,,N,N,,
49,Irving Oil LTF PtP,ETU,False,,withdrawn,W,,All other,,,False,N/A,,Import from NB Via MEPCO,F,ES,,,,,False,1998-09-14,1998,2001-04-01,,,,N,N,,
50,Patriot Cabot Street Station,G,True,,withdrawn,W,,All other,,MA,True,Hampden,WMA,Holyoke Substation,F,,,,,,False,1998-10-29,1998,2001-12-31,,,,N,N,,
51,MEPCO-New England Interface Expansion,ETU,False,,withdrawn,W,,All other,,,False,N/A,ME,Import Capability from MEPCO,F,MIS,,,,,False,1998-10-30,1998,2000-01-01,,,,N,N,,
52,Haddam Station,G,True,,withdrawn,W,,All other,,CT,False,Middlesex,CT,Site of the Former CT Yankee Plant,F,MIS,,,,,False,1998-11-13,1998,2002-12-31,,,,N,N,,
52,Haddam Station Phase II,G,True,,withdrawn,W,,All other,,CT,False,Middlesex,CT,Site of the Former CT Yankee Plant,F,,,,,,False,1998-11-13,1998,2002-12-31,,,,N,N,,
53,Tractebel LTF Int + Internal PtP,ETU,False,,withdrawn,W,,All other,,,False,N/A,,Import from the New Brunswick System,F,ES,,,,,False,1998-11-30,1998,2002-05-01,,,,N,N,,
54,Redington Mountain Wind Farm,G,True,,withdrawn,W,,All other,,ME,False,Franklin,ME,Bigelow 115 kV Substation,F,MIS,,,,,False,1999-01-05,1999,2002-12-31,,,,N,N,,
55,Cross Sound Cable,ETU,False,,in service,C,N/A,All other,NA,CT,False,New Haven,CT,HVDC terminal adjacent to East Shore 345kV Substat,F,MIS,,,,,False,1999-01-21,1999,2003-09-01,,,4.610540725530458,Y,Y,,
56,New York Interface Import Expansion,ETU,False,,withdrawn,W,,All other,,,False,N/A,,Increase Import Capability from New York,F,,,,,,False,1999-02-25,1999,1999-05-01,,,,N,N,,
57,Norwich Power Station,G,True,,withdrawn,W,,All other,,CT,False,New London,CT,Bean Hill Substation,F,MIS,,,,,False,1999-06-04,1999,2002-01-01,,,,N,N,,
58,CPS LTF Pt to Pt  In Svc.,ETU,False,,withdrawn,W,,All other,,,False,N/A,,Increase Import Capability from NY,F,,,,,,False,1999-08-05,1999,1999-11-01,,,,N,N,,
59,Berkshire Power Uprate,G,True,,withdrawn,W,,All other,,MA,True,Hampden,WMA,Increase Existing Unit Capacity,F,MIS,,,,,False,1999-08-18,1999,2001-06-30,,,,N,N,,
59,Milford Power Uprate,G,True,,withdrawn,W,,All other,,CT,False,New Haven,SWCT,Increase Existing Unit Capacity,F,MIS,,,,,False,1999-08-18,1999,2001-06-30,,,,N,N,,
60,Sithe LTF  Pt to Pt In Svce.,ETU,False,,withdrawn,W,,All other,,,False,N/A,,Increase Import Capability from NY,F,,,,,,False,1999-09-01,1999,2000-03-01,,,,N,N,,
61,New York Interface Import Expansion,ETU,False,,withdrawn,W,,All other,,,False,N/A,,Increase Import Capability from NY,F,,,,,,False,1999-09-15,1999,1999-12-01,,,,N,N,,
62,New York Interface Import Expansion,ETU,False,,withdrawn,W,,All other,,,False,N/A,,Increase Import Capability from NY,F,MIS,,,,,False,1999-10-05,1999,2000-01-01,,,,N,N,,
63,WESC LTF Pt to Pt In Svce,ETU,False,,withdrawn,W,,All other,,,False,N/A,,Increase Import Capability from NY,F,,,,,,False,1999-11-04,1999,2000-02-01,,,,N,N,,
64,Seabrook Unit One Uprate,G,True,,withdrawn,W,,All other,,NH,False,Rockingham,NH,Increase Existing Unit Capacity,F,MIS,,,,,False,1999-11-08,1999,2002-05-01,,,,N,N,,
64,West Springfield Station,G,True,,in service,C,NG RFO,All other,ST,MA,True,Hampden,WMA,West Springfield  115 kV Substation,F,MIS,,,,,False,1999-11-08,1999,2002-06-07,,,2.5790554414784395,Y,Y,,
65,EPMI LTF Pt to Pt In Svce.,ETU,False,,withdrawn,W,,All other,,,False,N/A,,,F,,,,,,False,1999-12-02,1999,2002-01-01,,,,N,N,,
66,AEC Expansion,G,True,,withdrawn,W,,All other,,ME,False,Franklin,ME,Riley Road 115 kV Substation,F,MIS,,,,,False,1999-12-20,1999,2001-06-30,,,,N,N,,
67,Lowell Power Expansion,G,True,,withdrawn,W,,All other,,MA,True,Middlesex,CMA,Lowell Power 115 kV Station,F,MIS,,,,,False,2000-02-25,2000,2001-05-01,,,,Y,Y,,
68,Bridgeport Long Island HVDC,ETU,False,,withdrawn,W,,All other,,CT,False,Fairfield,SWCT,"HVDC to Long Island, NY from Bridgeport, CT",F,MIS,,,,,False,2000-03-09,2000,2003-05-01,,,,N,N,,
69,Neptune HVDC Cable Project,ETU,False,,withdrawn,W,,All other,,,False,N/A,,HVDC from Maine/ Maritimes to Boston Area and CT S,F,MIS,,,,,False,2000-04-20,2000,2004-03-31,,,,N,N,,
70,New York Interface LTF PtP Out Service,ETU,False,,withdrawn,W,,All other,,,False,N/A,,Increase Export Capability to New York,F,MIS,,,,,False,2000-04-25,2000,2003-07-31,,,,N,N,,
71,Bridgeport Harbor Station,G,True,,withdrawn,W,,All other,,CT,False,Fairfield,SWCT,Pequonnock 115 kV Substation,F,MIS,,,,,False,2000-05-22,2000,2003-06-01,,,,N,N,,
71,New Haven Harbor,G,True,,withdrawn,W,,All other,,CT,False,New Haven,CT,East Shore Substation,F,MIS,,,,,False,2000-05-22,2000,2003-06-01,,,,N,N,,
72,Tewksbury Power,G,True,,withdrawn,W,,All other,,MA,True,Middlesex,CMA,Tewksbury 345 kV Station,F,MIS,,,,,False,2000-06-28,2000,2004-06-30,,,,N,N,,
73,Somerset Diversity,G,True,,withdrawn,W,,All other,,MA,True,Bristol,SEMA,Somerset 115 kV Station,F,MIS,,,,,False,2000-07-07,2000,2004-03-31,,,,N,N,,
73,Montville A,G,True,,withdrawn,W,,All other,,CT,False,New London,CT,Montville Station,F,MIS,,,,,False,2000-07-07,2000,2004-09-30,,,,N,N,,
73,Middletown B,G,True,,withdrawn,W,,All other,,CT,False,Middlesex,CT,Middletown Station,F,MIS,,,,,False,2000-07-07,2000,2005-12-31,,,,N,N,,
73,Norwalk Harbor A,G,True,,withdrawn,W,,All other,,CT,False,Fairfield,NOR,Norwalk 115 kV Station,F,MIS,,,,,False,2000-07-07,2000,2003-12-31,,,,N,N,,
73,Devon A,G,True,,withdrawn,W,,All other,,CT,False,New Haven,SWCT,Devon 115 kV Substation,F,MIS,,,,,False,2000-07-07,2000,2003-12-31,,,,N,N,,
73,Norwalk Harbor B,G,True,,withdrawn,W,,All other,,CT,False,Fairfield,NOR,Norwalk 115 kV Station,F,MIS,,,,,False,2000-07-07,2000,2004-06-30,,,,N,N,,
73,Middletown A,G,True,,withdrawn,W,,All other,,CT,False,Middlesex,CT,Middletown Station,F,MIS,,,,,False,2000-07-07,2000,2003-12-31,,,,N,N,,
73,Somerset A,G,True,,withdrawn,W,,All other,,MA,True,Bristol,SEMA,Somerset 115 kV Station,F,MIS,,,,,False,2000-07-07,2000,2003-12-31,,,,N,N,,
74,South Norwalk Repowering,G,True,,withdrawn,W,DFO NG,All other,IC,CT,False,Fairfield,NOR,Norwalk 115 kV Substation,N,NA,48.9,48.9,48.9,48.9,False,2000-07-24,2000,2011-06-01,2011-04-15,2011-02-22,10.581793292265571,Y,Y,,2011-02-22
75,New York Interface LTF PtP Out Service,ETU,False,,withdrawn,W,,All other,,,False,N/A,,Increase Export Capability to New York,F,MIS,,,,,False,2000-08-16,2000,2001-01-01,,,,Y,Y,,
76,New York Interface LTF PtP Out Service,ETU,False,,withdrawn,W,,All other,,,False,N/A,,Increase Export Capability to New York,F,MIS,,,,,False,2000-08-31,2000,2001-01-01,,,,N,N,,
77,Berkshire Wind Power Project,G,True,,in service,C,WND,All other,WT,MA,True,Berkshire,WMA,WMECO at Brodie Mt. In Lanesboro MA,N,NA,15.0,15.0,15.0,15.0,False,2000-10-02,2000,2011-05-28,2011-05-06,,10.650239561943874,Y,Y,,2011-05-31
78,Norwalk-Northport HVDC,ETU,False,,withdrawn,W,,All other,,CT,False,Fairfield,NOR,HVDC Norwalk CT and Northport NY,F,MIS,,,,,False,2000-12-13,2000,2003-06-30,,,,N,N,,
79,Milford CT - New York HVDC,ETU,False,,withdrawn,W,,All other,,CT,False,New Haven,SWCT,HVDC Devon CT 115 kV,F,MIS,,,,,False,2000-12-18,2000,2003-06-30,,,,N,N,,
80,Berlin Energy Project,G,True,,withdrawn,W,,All other,,NH,False,Coos,NH,Berlin 115 kV Substation (PSNH),F,MIS,,,,,False,2000-12-27,2000,2002-01-01,,,,N,N,,
81,Berwick Energy Center,G,True,,withdrawn,W,,All other,,ME,False,York,NH,Dover 115 kV Substation,F,MIS,,,,,False,2001-01-02,2001,2002-01-01,,,,N,N,,
82,Cape Cod Offshore Wind Project,G,True,,withdrawn,W,,All other,,MA,True,Barnstable,SEMA,South of Barnstable 115kV Substation,F,MIS,,,,,False,2001-02-14,2001,2004-12-31,,,,N,N,,
83,Neptune Phase4 CT Import from NB or NS,ETU,False,,withdrawn,W,,All other,,CT,False,"Fairfield &
New Haven",NOR,Glenbrook 115 kV and E. Shore St. 115/345 kV (sep.,F,MIS,,,,,False,2001-03-12,2001,2004-03-31,,,,N,N,,
83,"Neptune Phase7 Wyman Export to Boston, CT, NYC or",ETU,False,,withdrawn,W,,All other,,ME,False,Cumberland,SEMA,Wyman 345 kV (Bi-Polar HVDC Terminal),F,MIS,,,,,False,2001-03-12,2001,2004-03-31,,,,N,N,,
83,"Neptune Phase5 ME Yankee Export to Boston, CT or N",ETU,False,,withdrawn,W,,All other,,ME,False,Lincoln,ME,Maine Yankee 345 kV (Bi-Polar HVDC Terminal),F,MIS,,,,,False,2001-03-12,2001,2004-03-31,,,,N,N,,
83,Neptune Phase3 Boston Import from NB or NS,ETU,False,,withdrawn,W,,All other,,MA,True,Suffolk,BOST,Kingston St. 115/345 kV and K St. 115 kV Substatio,F,MIS,,,,,False,2001-03-12,2001,2004-03-31,,,,N,N,,
84,Phase 2 - Nantucket Shouls Wind,G,True,,withdrawn,W,,All other,,MA,True,Barnstable,SEMA,Near Barnstable 115kV Substation,F,MIS,,,,,False,2001-03-13,2001,2008-12-31,,,,N,N,,
84,Phase 4 - Nantucket Shouls Wind,G,True,,withdrawn,W,,All other,,MA,True,Barnstable,SEMA,Near Barnstable 115kV Substation,F,MIS,,,,,False,2001-03-13,2001,2010-12-31,,,,N,N,,
84,Phase I - Nantucket Sound Wind Project,G,True,,withdrawn,W,,All other,,MA,True,Barnstable,SEMA,Near Barnstable 115kV Substation,F,MIS,,,,,False,2001-03-13,2001,2004-12-31,,,,N,N,,
84,Phase 2 - Nantucket Sound Wind,G,True,,withdrawn,W,,All other,,MA,True,Barnstable,SEMA,Near Barnstable 115kV Substation,F,MIS,,,,,False,2001-03-13,2001,2005-12-31,,,,N,N,,
84,Phase 1 - Nantucket Shouls Wind,G,True,,withdrawn,W,,All other,,MA,True,Barnstable,SEMA,Near Barnstable 115kV Substation,F,MIS,,,,,False,2001-03-13,2001,2007-12-31,,,,N,N,,
84,Phase 3 - Nantucket Shouls Wind,G,True,,withdrawn,W,,All other,,MA,True,Barnstable,SEMA,Near Barnstable 115kV Substation,F,MIS,,,,,False,2001-03-13,2001,2009-12-31,,,,N,N,,
85,Pilgrim Power Uprate,G,True,,in service,C,NUC,All other,ST,MA,True,Plymouth,SEMA,Increase Existing Unit Capacity,F,MIS,,,,,False,2001-04-04,2001,2003-08-01,,,2.324435318275154,Y,Y,,
86,New York Interface LTF PtP Out Service,ETU,False,,withdrawn,W,,All other,,,False,N/A,,Increase Export Capability to New York,F,MIS,,,,,False,2001-05-21,2001,2002-01-01,,,,N,N,,
87,Stage II Cross Sound Cable HVDC Interconnection,ETU,False,,withdrawn,W,,All other,,CT,False,New Haven,CT,HVDC terminal adjacent to East Shore 345kV Substat,F,MIS,,,,,False,2001-05-24,2001,2003-07-01,,,,N,N,,
88,Increase Orrington South Transfer Limit,ETU,False,,withdrawn,W,N/A,All other,NA,,False,N/A,ME,N/A,F,MIS,,,,,False,2001-06-01,2001,2007-12-01,,2008-01-02,6.587268993839836,Y,Y,,2017-04-21
89,Cape Wind Turbine Generators,G,True,,withdrawn,W,WND,All other,WT,MA,True,N/A,SEMA,Near Barnstable 115 kV Substation,F,NR,454.0,454.0,454.0,454.0,False,2001-06-06,2001,2018-12-31,2018-10-01,2017-01-12,15.603011635865846,Y,Y,Executed,2017-01-13
90,Cabot Station CUO Uprate,G,True,,in service,C,WAT,All other,HD,MA,True,Franklin,WMA,Increase generating capacity from 53.0 MW to 61.8,F,MIS,,,,,False,2001-06-08,2001,2004-05-01,,,2.8966461327857633,Y,Y,,
91,New York Interface LTF PtP Out Service,ETU,False,,withdrawn,W,,All other,,,False,N/A,,Increase Export Capability to New York,F,MIS,,,,,False,2001-06-12,2001,2003-06-01,,,,N,N,,
91,New York Interface LTF PtP Out Service,ETU,False,,withdrawn,W,,All other,,,False,N/A,,Increase Export Capability to New York,F,MIS,,,,,False,2001-06-12,2001,2002-06-01,,,,N,N,,
92,"Sithe Mystic 4,5,6 Reconfiguration of Interconnect",ETU,False,,withdrawn,W,,All other,,MA,True,Middlesex,BOST,"Reconfigure Mystic 4,5,6 Interconnection from Myst",F,MIS,,,,,False,2001-06-26,2001,2003-03-31,,,,N,N,,
93,"HVDC Interconn. betw. Norwalk Stat, CT & Shore Rd",ETU,False,,withdrawn,W,,All other,,CT,False,N/A,NOR,"Interconnection between Norwalk Stat, CT & Shore R",F,MIS,,,,,False,2001-07-06,2001,2004-05-01,,,,N,N,,
93,New York Interface LTF PtP Out Service,ETU,False,,withdrawn,W,,All other,,,False,N/A,,Increase Export Capability to New York,F,MIS,,,,,False,2001-07-06,2001,2002-01-01,,,,N,N,,
93,"HVDC Interconn. betw. Norwalk Stat, CT & Shore Rd",ETU,False,,withdrawn,W,,All other,,CT,False,N/A,NOR,"Interconnection between Norwalk Stat, CT & Shore R",F,MIS,,,,,False,2001-07-06,2001,2004-05-01,,,,N,N,,
93,New York Interface LTF PtP Out Service,ETU,False,,withdrawn,W,,All other,,,False,N/A,,Increase Export Capability to New York,F,MIS,,,,,False,2001-07-06,2001,2002-01-01,,,,N,N,,
94,CPV New Britain LLC,G,True,,withdrawn,W,,All other,,CT,False,Hartford,CT,Interconnection South New Britain CT 115 kV Corrid,F,MIS,,,,,False,2001-07-17,2001,2005-07-01,,,,N,N,,
95,Kleen Energy Project,G,True,,in service,C,DFO NG,All other,CC,CT,False,Middlesex,CT,Sectionalize 353 Line,F,CNR,619.8,619.8,619.8,620.0,False,2001-11-21,2001,2011-07-12,2011-05-03,,9.637234770704996,Y,Y,,2011-07-12
96,Great Northern - Millinocket,G,True,,in service,C,WAT,All other,HW,ME,False,Penobscot,BHE,115 kV connection to Chester 115 kV Substation,F,MIS,126.0,,126.0,126.0,False,2001-12-12,2001,2003-05-20,,,1.434633812457221,Y,Y,,
97,Western Maine Area Export Enhancement,ETU,False,,withdrawn,W,,All other,,,False,N/A,ME,Increase Export Capability from Rumford Power Asso,F,MIS,,,,,False,2001-12-26,2001,,,,,N,N,,
98,Redington Wind Farm Phase II,G,True,,withdrawn,W,,All other,,ME,False,Franklin,ME,Bigelow 115 kV Substation,F,MIS,,,,,False,2002-06-03,2002,2005-12-01,,,,N,N,,
99,Millstone 3 Upgrade7,G,True,,in service,C,NUC,All other,ST,CT,False,New London,CT,Increase Existing Unit Capacity,F,MIS,1195.0,,1195.0,1207.4,False,2002-08-08,2002,2006-05-08,,,3.7481177275838466,Y,Y,,
99,Millstone 2 Upgrade7,G,True,,in service,C,NUC,All other,ST,CT,False,New London,CT,Increase Existing Unit Capacity,F,MIS,897.5,,897.5,905.7,False,2002-08-08,2002,2004-03-10,,,1.5879534565366187,Y,Y,,
100,VT Yankee Nuclear Power Station Upgrade7,G,True,,in service,C,NUC,All other,ST,VT,False,Windham,VT,Increase Existing Unit Capacity,F,MIS,634.5,,634.5,641.5,False,2002-12-12,2002,2006-05-08,,,3.403148528405202,Y,Y,,
101,Seabrook Power Uprate7,G,True,,in service,C,NUC,All other,ST,NH,False,Rockingham,NH,Increase Existing Unit Capacity,F,MIS,1265.0,,1265.0,1265.0,False,2003-01-15,2003,2006-10-31,,,3.79192334017796,Y,Y,,
102,Peabody Power,G,True,,withdrawn,W,DFO NG,All other,GT,MA,True,Essex,BOST,C155 & B154 - 115 kV Lines,F,MIS,97.2,,97.2,97.2,False,2003-02-04,2003,2008-05-01,2008-02-01,2008-10-14,5.691991786447638,Y,Y,,2008-10-14
103,Waterside Power,G,True,,in service,C,,All other,GT,CT,False,Fairfield,NOR,Waterside 115 kV,F,MIS,,,,,False,2003-03-04,2003,2003-06-01,,,0.243668720054757,Y,Y,,
104,Waterside Power - 180 MW,G,True,,withdrawn,W,DFO NG,All other,GT,CT,False,Fairfield,NOR,Waterside 115 kV,F,CNR,203.9,203.9,203.9,207.2,False,2003-03-06,2003,2011-12-31,2011-09-30,2010-07-12,7.351129363449692,Y,Y,,2010-07-16
105,Evergreen Wind Power - Blueberry Barrens,G,True,,withdrawn,W,,All other,,ME,False,Washington,BHE,Deblois 115 kV,F,MIS,,,,,False,2003-03-10,2003,2004-10-01,,,,N,N,,
105,Evergreen Wind Power - Bagley Mountain,G,True,,withdrawn,W,,All other,,ME,False,Penobscot,BHE,Chester 115 kV,F,MIS,,,,,False,2003-03-10,2003,2004-07-01,,,,N,N,,
106,Ridgewood RI Generation Phase II,G,True,,in service,C,LFG,All other,IC,RI,False,Providence,RI,Johnston Substation Distribution System,F,MIS,4.2,,4.2,4.2,False,2003-03-18,2003,2005-11-20,,,2.6776180698151952,Y,Y,,2009-10-02
106,Ridgewood RI Generation Phase I,G,True,,in service,C,LFG,All other,IC,RI,False,Providence,RI,Johnston Substation Distribution System,F,MIS,4.2,,4.2,4.2,False,2003-03-18,2003,2004-02-18,,,0.9226557152635181,Y,Y,,2009-10-02
107,SNEW Summer '03 Temporary Generator,G,True,,in service,C,NG,All other,GT,CT,False,Fairfield,NOR,Norwalk 27.6 kV,F,MIS,19.445,,19.445,,False,2003-04-07,2003,2003-06-01,,,0.15058179329226556,Y,Y,,
108,Hoosac Wind Project,G,True,,in service,C,WND,All other,WT,MA,True,Berkshire & Franklin,WMA,Line Y25S,F,NR,28.5,28.5,28.5,28.5,False,2003-05-12,2003,2012-12-27,2012-12-05,,9.6290212183436,Y,Y,,2012-12-27
109,AWT Fitchburg Wind Project,G,True,,withdrawn,W,WND,All other,WT,MA,True,Worcester,WMA,Ashburnham No. 610 - 13.8 kV,N,MIS,12.0,12.0,,,False,2003-06-12,2003,2004-10-01,,2008-12-31,5.555099247091033,N,N,,2008-12-31
110,UCONN  COGEN Facility,G,True,,in service,C,NG,All other,,CT,False,Tolland,CT,Mansfield 69 kV,F,MIS,24.9,,24.9,24.9,False,2003-07-07,2003,2005-10-19,,,2.2861054072553046,Y,Y,,
111,GLHA James River/Fraser Paper7,G,True,,in service,C,WAT,All other,,NH,False,Coos,NH,Berlin 115 kV,F,MIS,25.0,,25.0,25.0,False,2003-07-21,2003,2004-06-22,,,0.9226557152635181,Y,Y,,
112,NECCO Cogen,G,True,,in service,C,DFO,All other,IC,MA,True,Suffolk,BOST,Everett 23 kV,F,MIS,,,,,False,2003-09-15,2003,2003-10-01,,,0.04380561259411362,Y,N,,
113,Sheffield Wind Power Project,G,True,,withdrawn,W,,All other,,VT,False,Caledonia,VT,TBD,F,MIS,,,,,False,2003-09-29,2003,2005-12-31,,,,N,N,,
114,"Waterside Power, LLC",G,True,,in service,C,DFO,All other,GT,CT,False,Fairfield,NOR,Waterside 115 kV,F,MIS,69.3,,69.3,74.1,False,2003-10-02,2003,2004-06-01,,,0.6652977412731006,Y,Y,,
115,SNEW Summer '04 Temporary Generator,G,True,,withdrawn,W,DFO,All other,GT,CT,False,Fairfield,NOR,Norwalk 27.6 kV,F,MIS,23.8,0.0,23.8,,True,2003-10-27,2003,2004-06-01,,2008-12-31,5.1800136892539355,N,N,,2008-12-31
116,East Haven Wind Farm,G,True,,withdrawn,W,WND,All other,WT,VT,False,Essex,VT,Village of Lyndonville Elec. Dept. Distribution Sy,N,NA,6.0,6.0,,,False,2003-11-10,2003,2012-10-30,,,,N,N,,2012-06-11
117,Waterside Power - 23 MW,G,True,,withdrawn,W,,All other,,CT,False,Fairfield,NOR,Waterside 115 kV - Norwalk/Stamford,F,MIS,,,,,False,2003-12-08,2003,2004-06-01,,,,N,N,,
118,New Haven Harbor Units 2 & 3,G,True,,withdrawn,W,,All other,,CT,False,New Haven,SWCT,East Shore 115 kV Substation,F,MIS,,,,,False,2003-12-29,2003,2005-05-01,,,,N,N,,
118,Bridgeport Harbor Units 5 & 6,G,True,,withdrawn,W,,All other,,CT,False,Fairfield,SWCT,Paquonnock 115 kV Substation,F,MIS,,,,,False,2003-12-29,2003,2005-05-01,,,,N,N,,
119,Ridgebury Power,G,True,,withdrawn,W,,All other,,CT,False,Fairfield,SWCT,CL&P Distribution System,F,MIS,,,,,False,2004-01-16,2004,2004-06-01,,2007-10-19,3.756331279945243,N,N,,2007-10-19
120,Univ. of NH - CHP,G,True,,in service,C,,All other,,NH,False,Strafford,NH,PSNH Dist. Sys./Madbury 115 kV,N,MIS,,,,,False,2004-05-10,2004,,,,,N,N,,
121,"Third Taxing District Units 1, 2 & 3",G,True,,in service,C,DFO,All other,,CT,False,Fairfield,NOR,CL&P 27.6 kV Distribution System/Norwalk 115kV,F,MIS,6.0,,6.0,6.0,False,2004-06-22,2004,2005-03-28,,,0.7638603696098563,N,Y,,
122,Rand-Whitney Co-Gen,G,True,,in service,C,DFO NG,All other,,CT,False,New London,CT,CL&P Distribution System/Montville 115 kV,F,MIS,11.866,,11.866,14.858,False,2004-07-20,2004,2005-01-03,,,0.45722108145106094,Y,Y,,
123,GenPower Athens,G,True,,withdrawn,W,,All other,,ME,False,Somerset,ME,Gorbell Tap of CMP's Detroit-Wyman Hydro 66 - 115,F,MIS,,,,,False,2004-10-04,2004,2006-06-01,,,,N,N,,
124,Hardscrabble Mountain Project,G,True,,withdrawn,W,,All other,,VT,False,Caledonia,VT,St. Johnsbury- Irasburg 115 kV Line,F,MIS,,,,,False,2004-10-27,2004,2006-03-31,,,,N,N,,
125,Norwalk Harbor Station Redevelopment,G,True,,withdrawn,W,KER,All other,GT,CT,False,Fairfield,NOR,Norwalk 345 kV Station,F,CNR,322.5,322.5,322.5,330.0,False,2004-11-02,2004,2013-02-28,2012-12-31,2010-02-16,5.28952772073922,Y,N,,2010-02-16
125,Cos Cob Redevelopment,G,True,,in service,C,KER,All other,GT,CT,False,Fairfield,NOR,Cos Cob 115 kV Substation,F,MIS,36.0,,36.0,45.8,False,2004-11-02,2004,2008-05-31,,,3.575633127994524,Y,Y,,2008-02-18
125,Devon Station Redevelopment,G,True,,withdrawn,W,,All other,,CT,False,New Haven,SWCT,Devon 115 kV Substation,F,MIS,,,,,False,2004-11-02,2004,2010-07-15,,,,N,N,,
126,Biomass,G,True,,withdrawn,W,WDS,All other,ST,NH,False,Cheshire,NH,"N-186, 115kV line between Vernon Road Tap and  bor",F,MIS,40.0,,40.0,,False,2004-11-09,2004,2007-07-01,,,,N,N,,
127,Lempster,G,True,,in service,C,WND,All other,WT,NH,False,Sullivan,NH,PSNH 34.5 kV circuit from Newport Substation,N,MIS,24.0,24.0,24.0,24.0,False,2004-11-15,2004,2008-11-10,2008-09-04,,3.9863107460643397,Y,Y,,2009-05-22
128,Biomass,G,True,,withdrawn,W,WDS,All other,ST,CT,False,Litchfield,,TBD,F,MIS,39.0,,39.0,42.0,False,2005-02-11,2005,2007-07-31,2007-05-31,,,N,N,,
129,Georgia Pacific,G,True,,in service,C,WDS,All other,ST,ME,False,Penobscot,BHE,BHE's Line 5 - 46kV,F,MIS,16.0,,16.0,16.0,False,2005-02-28,2005,2005-04-04,,,0.09582477754962354,Y,Y,,
130,Wind Project,G,True,,withdrawn,W,WND,All other,WT,VT,False,Caledonia,VT,Irasburg - St. Johnsbury 115 kV,F,MIS,53.0,,53.0,53.0,False,2005-05-24,2005,2007-09-01,2007-08-01,2006-09-22,1.3305954825462012,N,N,,
131,Wind Project,G,True,,withdrawn,W,WND,All other,WT,ME,False,Franklin,ME,Bigelow Substation,F,MIS,90.0,,90.0,90.0,False,2005-06-21,2005,2010-12-31,2010-06-01,2008-09-25,3.263518138261465,Y,Y,,2008-02-18
132,Wind Project,G,True,,withdrawn,W,WND,All other,WT,VT,False,Bennington,VT,Bennington - Brattleboro 46 kV,F,MIS,9.0,,9.0,9.0,False,2005-07-21,2005,2007-12-31,2007-06-01,2008-06-30,2.943189596167009,N,N,,2008-06-30
133,Combined Cycle,G,True,,withdrawn,W,DFO,All other,CC,VT,False,Orleans,VT,Newport 115 kV Substation,F,MIS,115.0,,115.0,124.0,False,2005-08-01,2005,2010-01-31,2009-12-31,,,N,N,,
134,Wind Project,G,True,,withdrawn,W,WND,All other,WT,VT,False,Bennington,VT,"Y-25 North, 69 kV line between Searsburg and Benni",F,MIS,45.0,,45.0,45.0,False,2005-08-03,2005,2010-12-30,2010-09-29,2008-08-19,3.0444900752908968,N,N,,2008-02-18
135,Russell Biomass,G,True,,withdrawn,W,WDS,All other,ST,MA,True,Hampden,WMA,Blanford - Southwick - Elm 115 kV line,F,CNR,55.0,55.0,55.0,55.0,False,2005-08-19,2005,2015-08-01,2015-03-01,2012-03-15,6.570841889117043,Y,Y,,2012-04-24
136,Biomass,G,True,,withdrawn,W,WDS,All other,ST,ME,False,Somerset,ME,Gorbell Tap of CMP's Detroit-Wyman Hydro 66 - 115,F,MIS,39.0,,39.0,40.0,False,2005-08-19,2005,2008-12-31,2008-09-30,2007-04-03,1.620807665982204,N,N,,2007-04-03
137,Rumford Hydro Configuration Modification,G,True,,in service,C,WAT,All other,HD,ME,False,Oxford,ME,CMP 115 kV Line 218,F,NA,0.0,0.0,,,True,2005-09-23,2005,2011-06-21,2011-05-20,,5.7412731006160165,Y,Y,,2011-07-07
138,Kibby Wind Project,G,True,,in service,C,WND,All other,WT,ME,False,Franklin,ME,Bigelow Substation,F,CNR,65.5,65.5,65.5,65.5,False,2005-09-26,2005,2010-10-26,2010-09-15,,5.08145106091718,Y,Y,,2010-10-26
138,Kibby Wind Project,G,True,,in service,C,WND,All other,WT,ME,False,Franklin,ME,Bigelow Substation,F,CNR,65.0,65.0,65.0,65.0,False,2005-09-26,2005,2009-10-30,2009-09-30,,4.093086926762491,Y,Y,,2009-11-02
139,Lowell Power Generators,G,True,,withdrawn,W,NG,All other,GT,MA,True,Middlesex,CMA,J162 115kV line between Tewksbury and Perry Street,F,MIS,99.0,99.0,99.0,99.0,False,2005-10-14,2005,2010-06-01,2010-04-01,2009-04-29,3.540041067761807,Y,Y,,2009-05-15
140,A. L. Pierce,G,True,,in service,C,DFO NG,All other,GT,CT,False,New Haven,SWCT,"Wallingford Electrical Division, East Street Subst",F,MIS,89.35,,89.35,99.56,False,2005-12-13,2005,2007-10-01,,,1.7987679671457906,Y,Y,,2007-09-30
141,Gas Turbine,G,True,,withdrawn,W,DFO NG,All other,GT,MA,True,Middlesex,BOST,115 kV O 167 line between Everett and Mystic Subst,F,MIS,200.0,,200.0,200.0,False,2005-12-14,2005,2009-09-30,2009-08-31,2007-02-07,1.1498973305954825,N,N,,2007-02-07
142,Wind Project,G,True,,withdrawn,W,WND,All other,WT,VT,False,Windham,VT,CVPS Londonderry Substation 46 kV,F,MIS,48.0,,48.0,48.0,False,2005-12-21,2005,2008-05-31,2008-03-31,2006-04-13,0.30937713894592744,N,N,,
143,Land Fill Gas,G,True,,withdrawn,W,LFG,All other,IC,RI,False,Providence,RI,Johnston Substation Distribution System,F,MIS,25.0,,25.0,25.0,False,2006-01-16,2006,2007-06-30,2007-06-01,2006-04-25,0.27104722792607805,N,N,,
144,Biomass,G,True,,withdrawn,W,WDS,All other,ST,VT,False,Windsor,VT,VELCO Coolidge Substation,F,MIS,25.0,,25.0,27.5,False,2006-02-06,2006,2009-04-30,2009-02-28,,,N,N,,
145,Wind Project,G,True,,withdrawn,W,WND,All other,WT,CT,False,Windham,CT,CL&P 115 kV 1607 line,F,MIS,51.0,,51.0,51.0,False,2006-02-13,2006,2009-12-31,2009-12-01,2008-06-20,2.349075975359343,N,N,,2007-08-31
146,Devon 10,G,True,,in service,C,JF KER,All other,GT,CT,False,New Haven,SWCT,CL&P Devon Substation,F,MIS,17.0,,17.0,20.0,False,2006-02-21,2006,2006-06-29,,,0.35044490075290896,Y,Y,,
147,Gas Turbine,G,True,,withdrawn,W,DFO,All other,GT,MA,True,Suffolk,BOST,NSTAR Chelsea Substation,F,MIS,168.2,,168.2,168.2,False,2006-02-28,2006,2010-06-01,2010-04-01,2007-11-02,1.675564681724846,N,N,,2007-08-31
148,Comerford Unit #3,G,True,,in service,C,WAT,All other,HD,NH,False,Grafton,NH,NGRID Comerford Substation,F,CNR,48.2,8.3,48.2,38.5,False,2006-03-06,2006,2011-03-25,2011-02-15,,5.0513347022587265,Y,Y,,2011-03-21
148,Comerford Unit #2,G,True,,in service,C,WAT,All other,HD,NH,False,Grafton,NH,NGRID Comerford Substation,F,CNR,48.3,8.4,48.3,48.5,False,2006-03-06,2006,2012-03-12,2012-02-27,,6.017796030116359,Y,Y,,2012-03-28
148,Comerford Unit #4,G,True,,in service,C,WAT,All other,HD,NH,False,Grafton,NH,NGRID Comerford Substation,F,,48.2,8.3,48.2,48.5,False,2006-03-06,2006,2013-03-22,2012-12-25,,7.044490075290897,Y,Y,Executed,2013-03-26
148,Comerford Unit #1,G,True,,in service,C,WAT,All other,HD,NH,False,Grafton,NH,NGRID Comerford Substation,F,CNR,24.3,-17.0,24.3,24.5,False,2006-03-06,2006,2009-11-30,2009-11-30,,3.7371663244353184,Y,Y,,2013-04-16
149,Transmission Expansion,ETU,False,,withdrawn,W,N/A,All other,NA,CT,False,N/A,CT,N/A,F,N/A,,,,,False,2006-03-10,2006,2006-11-01,,2007-12-04,1.7357973990417521,N,N,,2017-04-21
150,Plainfield Renewable Energy Project,G,True,,in service,C,WDS,All other,ST,CT,False,Windham,CT,CLP Fry Brook Substation,F,CNR,37.5,37.5,37.5,38.5,False,2006-05-25,2006,2013-12-12,2013-11-07,,7.5509924709103355,Y,Y,Executed,2013-12-12
151,Fitchburg Renewable Energy,G,True,,in service,C,LFG,All other,IC,MA,True,Worcester,CMA,NGRID E. Westminster Substation 13.8 kV,F,MIS,7.2,,7.2,7.2,False,2006-05-30,2006,2007-08-29,,,1.2484599589322383,Y,Y,,
152,MATEP (Medical Area Total Energy Project),G,True,,in service,C,DFO NG,All other,OT,MA,True,Suffolk,BOST,NSTAR Brighton Substation,F,MIS,42.0,,42.0,42.0,False,2006-05-30,2006,,,,,N,Y,,
153,Fuel Cell,G,True,,withdrawn,W,NG,All other,FC,CT,False,Fairfield,SWCT,CL&P Cedar Heights Substation,N,MIS,8.0,,8.0,8.0,False,2006-05-30,2006,2007-05-31,2007-05-31,,,N,N,,2007-10-08
154,Gas Turbine (Additional Capacity),G,True,,withdrawn,W,DFO,All other,GT,MA,True,Suffolk,BOST,NSTAR Chelsea Substation,F,MIS,29.0,,29.0,0.0,False,2006-05-31,2006,2008-08-01,2008-06-01,,,N,N,,
155,Fairfield University,G,True,,in service,C,NG,All other,,CT,False,Fairfield,SWCT,UI Ash Creek Substation,N,MIS,5.0,,5.0,5.0,False,2006-06-02,2006,2007-12-11,,,1.5249828884325805,N,N,,2009-05-22
155,Gas Turbine,G,True,,withdrawn,W,DFO NG,All other,,MA,True,Middlesex,BOST,NSTAR Mystic Substation,F,MIS,120.0,160.0,120.0,130.0,False,2006-06-02,2006,2011-05-01,2011-03-01,,,N,N,,2009-04-16
155,Fuel Cell,G,True,,withdrawn,W,NG,All other,FC,CT,False,Fairfield,SWCT,UI Pequonnock Substation,N,MIS,14.4,14.4,14.4,14.4,False,2006-06-16,2006,2009-06-01,2009-06-01,,,N,N,,2009-02-11
156,Brayton Point Unit 3 Voltage Regulator Replacement,G,True,,in service,C,BIT,All other,ST,MA,True,Bristol,RI,Brayton Switchyard,F,MIS,,,,,False,2006-06-13,2006,2006-05-26,,,,N,N,,
156,Salem Harbor Unit 1 Exciter Replacement,G,True,,in service,C,BIT,All other,ST,MA,True,Essex,BOST,Salem Switchyard,F,MIS,,,,,False,2006-06-13,2006,2006-11-26,,,0.4544832306639288,Y,Y,,2011-05-26
157,Billerica Power,G,True,,withdrawn,W,NG WO,All other,GT,MA,True,Middlesex,CMA,J-162 line to Tewksbury Substation,F,CNR,311.0,311.0,311.0,341.0,False,2006-06-21,2006,2011-06-15,2011-05-15,2009-12-29,3.5236139630390144,Y,Y,,2009-12-29
158,UTC - P&WA,G,True,,in service,C,NG,All other,,CT,False,Middlesex,CT,CL&P P&WA Substation,F,MIS,7.5,,7.5,7.5,False,2006-06-21,2006,2007-12-21,,,1.5003422313483916,Y,Y,,2009-05-22
159,Gas Turbine,G,True,,withdrawn,W,NG,All other,GT,CT,False,Fairfield,SWCT,UI 345 kV Singer Substation,F,MIS,325.0,325.0,325.0,375.0,False,2006-06-30,2006,2010-09-30,2010-06-30,2008-10-22,2.3134839151266258,Y,Y,,2008-11-12
159,Fuel Cell,G,True,,withdrawn,W,NG,All other,FC,CT,False,Fairfield,SWCT,NU Triangle Substation 11A,F,MIS,30.0,,30.0,30.0,False,2006-06-30,2006,2008-12-31,2008-03-31,2006-10-25,0.3203285420944558,N,N,,
159,Fuel Cell,G,True,,withdrawn,W,NG,All other,FC,CT,False,Fairfield,SWCT,UI Congress Street Substation 2C,F,MIS,30.0,,30.0,30.0,False,2006-06-30,2006,2008-12-31,2008-03-31,2006-10-25,0.3203285420944558,N,N,,
160,Gas Turbine,G,True,,withdrawn,W,DFO NG,All other,GT,CT,False,Middlesex,CT,CL&P Middletown Substation,F,MIS,82.2,82.2,82.2,94.8,False,2006-06-30,2006,2011-05-31,2011-04-30,2008-11-26,2.409308692676249,Y,N,,2008-11-26
161,Combined Cycle,G,True,,withdrawn,W,NG,All other,CC,CT,False,New London,CT,Montville Substation,F,MIS,630.0,223.0,630.0,690.0,False,2006-07-05,2006,2013-05-31,2013-02-01,2009-04-07,2.757015742642026,N,N,,2009-04-15
161,Middletown 11,G,True,,withdrawn,W,JF KER NG,All other,GT,CT,False,Middlesex,CT,CL&P Middletown Substation,F,CNR,107.5,107.5,107.5,110.0,False,2006-07-05,2006,2011-06-01,2011-04-01,2011-02-10,4.602327173169062,Y,Y,,2011-02-15
161,"Middletown 12, 13, 14 and 15",G,True,,in service,C,JF KER NG,All other,GT,CT,False,Middlesex,CT,CL&P Middletown Substation or CL&P Scovill Rock Su,F,CNR,215.0,215.0,215.0,211.0,False,2006-07-05,2006,2011-06-24,2011-04-05,,4.969199178644764,Y,Y,,2011-06-27
161,"Devon Units 15, 16, 17, 18",G,True,,in service,C,KER NG,All other,GT,CT,False,New Haven,SWCT,Devon Substation,F,CNR,196.8,196.8,196.8,196.8,False,2006-07-05,2006,2010-06-09,2010-04-01,,3.9288158795345653,Y,Y,,2010-07-16
161,Combustion Turbine,G,True,,withdrawn,W,NG,All other,,CT,False,,SWCT,CL&P Rocky River Substation,N,MIS,,,,,False,2006-07-17,2006,2008-04-30,,,,N,N,,2007-03-28
162,Vernon Repowering,G,True,,in service,C,WAT,All other,HD,VT,False,Windham,VT,,F,MIS,32.0,,32.0,32.0,False,2006-07-18,2006,2008-03-13,,,1.6536618754277892,Y,Y,,2009-05-22
163,Mirant Kendall Jet 2,G,True,,withdrawn,W,JF,All other,GT,MA,True,Middlesex,BOST,Kendall Station in Cambridge,F,MIS,18.0,18.0,18.0,22.0,False,2006-07-24,2006,2010-01-31,2010-01-15,2009-07-14,2.973305954825462,Y,Y,,2009-07-16
164,Combined Cycle( see # 201),G,True,,withdrawn,W,NG,All other,GT,RI,False,Providence,RI,345 kV RISE Substation,F,CNR,158.0,320.0,158.0,196.0,False,2006-08-01,2006,2012-06-01,2011-12-31,2009-12-14,3.370294318959617,N,N,,2009-12-15
165,Combined Cycle( See # 226),G,True,,withdrawn,W,NG,All other,CC,NH,False,Rockingham,NH,345 kV Seabrook  Substation,F,MIS,563.0,563.0,563.0,616.0,False,2006-08-03,2006,2013-06-30,2012-12-31,2009-04-10,2.6858316221765914,N,N,,2009-04-17
166,Granite Reliable Power,G,True,,in service,C,WND,All other,WT,NH,False,Coos,NH,PSNH W-179 115 kV line,F,CNR,94.5,94.5,94.5,94.5,False,2006-08-09,2006,2012-02-15,2011-10-24,,5.519507186858316,Y,Y,,2015-06-15
167,Fuel Cell,G,True,,withdrawn,W,NG,All other,FC,CT,False,New Haven,SWCT,CL&P Cherry Street 13 kV substation,N,MIS,16.0,16.0,16.0,16.0,False,2006-08-10,2006,2009-12-31,2009-12-31,,,N,N,,2009-02-11
168,Wind Project-Phase 3( MPS Queue # 4),G,True,,withdrawn,W,WND,All other,WT,,False,N/A,,"Maine Public Service System, upgrades include tap",N,,250.0,,250.0,250.0,False,2006-08-11,2006,2011-09-30,,2009-09-16,3.0992470910335386,N,N,,2009-10-01
168,Wind Project-Phase 2( MPS Queue # 2&3),G,True,,withdrawn,W,WND,All other,WT,,False,N/A,,"Maine Public Service System, upgrades include tap",N,MIS,250.0,,250.0,250.0,False,2006-08-11,2006,2012-09-30,,2009-09-16,3.0992470910335386,N,N,,2009-10-01
169,Biomass,G,True,,withdrawn,W,WDS,All other,ST,VT,False,Windsor,VT,New Ludlow 115 kV Substation,F,MIS,25.0,,25.0,27.5,False,2006-08-15,2006,2009-06-30,2009-04-30,2006-11-02,0.216290212183436,N,N,,
169,Transmission Expansion,ETU,False,,withdrawn,W,N/A,All other,NA,VT,False,N/A,VT,VELCO Coolidge Substation,F,N/A,,,,,False,2006-08-15,2006,2009-06-30,,,,N,N,,
170,Gas Turbine Capacity Increase        (see #155),G,True,,withdrawn,W,DFO NG,All other,,MA,True,Middlesex,BOST,NSTAR Mystic Substation,F,MIS,40.0,0.0,40.0,55.0,True,2006-08-25,2006,2011-05-01,2011-03-01,2009-04-09,2.622861054072553,N,N,,2009-04-16
171,Thomas A. Watson Generating Station,G,True,,in service,C,DFO NG,All other,GT,MA,True,Norfolk,SEMA,115 kV Potter Substation,F,CNR,108.0,108.0,108.0,115.0,False,2006-08-29,2006,2009-06-23,2009-03-01,,2.817248459958932,Y,Y,,2009-06-30
172,Sheffield Wind Project,G,True,,in service,C,WND,All other,WT,VT,False,Caledonia,VT,Irasburg - St. Johnsbury 115 kV,F,CNR,40.0,40.0,40.0,40.0,False,2006-08-29,2006,2011-10-19,2011-09-19,,5.138945927446954,Y,Y,,2011-10-19
173,Wind Project,G,True,,withdrawn,W,WND,All other,WT,VT,False,Rutland,VT,115 kV West Rutland substation,F,MIS,60.0,60.0,60.0,60.0,False,2006-09-21,2006,2010-10-30,2010-09-15,2009-01-21,2.3353867214236823,N,N,,2009-02-11
174,Combined Cycle,G,True,,withdrawn,W,DFO NG,All other,CC,MA,True,Hampden,WMA,345 kV Stony Brook Substation,F,CNR,280.0,280.0,280.0,280.0,False,2006-10-13,2006,2015-07-01,2015-05-01,2012-08-10,5.8261464750171115,Y,Y,,2012-08-09
175,Gas Turbine,G,True,,withdrawn,W,DFO NG,All other,GT,CT,False,Fairfield,SWCT,345 kV line # 321,F,MIS,175.0,175.0,175.0,203.6,False,2006-10-20,2006,2010-06-01,2010-02-01,2009-05-13,2.5626283367556466,N,N,,2009-05-15
176,Wind,G,True,,withdrawn,W,WND,All other,WT,NH,False,Coos,NH,PSNH 115 kV Whitefield substation,F,MIS,145.5,145.5,145.5,145.5,False,2006-10-20,2006,2008-12-30,2008-11-30,2008-12-29,2.193018480492813,N,N,,2008-12-31
177,Gas Turbine,G,True,,withdrawn,W,DFO NG,All other,GT,MA,True,Worcester,CMA,115 kV bus at Millbury substation,F,MIS,190.0,190.0,190.0,190.0,False,2006-10-23,2006,2011-06-01,2011-03-01,2008-12-23,2.1683778234086244,N,N,,2008-12-31
178,Brockton Combined Cycle,G,True,,withdrawn,W,DFO NG,All other,CC,MA,True,Plymouth,SEMA,115 kV F19 and E20 lines,F,NR,332.0,332.0,332.0,371.0,False,2006-11-02,2006,2019-05-31,2019-01-25,2017-05-25,10.559890485968515,Y,Y,,2017-05-25
179,Red Shield( Georgia Pacific/Old Town),G,True,,in service,C,WDS,All other,ST,ME,False,Penobscot,BHE,BHE's Line 5 - 46 kV,F,MIS,16.0,,16.0,16.0,False,2006-11-06,2006,2006-11-01,,,,N,N,,2009-05-22
180,Transmission Expansion,ETU,False,,withdrawn,W,N/A,All other,NA,CT,False,N/A,CT,CL&P Killingly 115 kV Substation,F,N/A,,,,,False,2006-11-08,2006,,,2007-05-31,0.5585215605749486,N,N,,2017-04-21
180,Transmission Expansion,ETU,False,,withdrawn,W,N/A,All other,NA,CT,False,N/A,CT,CL&P Card 345 kV Substation,F,N/A,,,,,False,2006-11-08,2006,,,,,N,N,,2007-02-16
181,Transmission Expansion,ETU,False,,withdrawn,W,N/A,All other,NA,CT,False,N/A,CT,Lake Road 345 kV Substation,F,N/A,0.0,0.0,,,True,2006-11-09,2006,,,2009-09-02,2.8145106091718,Y,N,,2017-04-21
182,Gas Turbine Capacity Increase ( See queue position,G,True,,withdrawn,W,DFO NG,All other,GT,CT,False,Fairfield,SWCT,345 kV line # 321,F,MIS,0.0,0.0,0.0,18.4,True,2006-10-20,2006,2010-06-01,2010-02-01,2009-05-13,2.5626283367556466,N,N,,2009-05-15
183,Increase Existing Capacity,G,True,,in service,C,NUC,All other,ST,CT,False,New London,CT,CL&P Millstone 345 kV Substation,F,MIS,1225.0,70.0,1225.0,1245.0,False,2006-11-17,2006,2008-11-01,2008-11-01,,1.9575633127994525,Y,Y,,2010-10-01
184,Gas Turbine Capacity Increase( #157),G,True,,withdrawn,W,DFO NG,All other,GT,MA,True,Middlesex,CMA,337 Sandy Pond - Tewksbury 345 kV Line,F,MIS,140.0,,140.0,140.0,False,2006-11-17,2006,2008-12-01,2008-09-01,2007-05-23,0.5119780971937029,N,N,,2007-05-23
185,Rollins Wind (Stetson Wind Phase II),G,True,,in service,C,WND,All other,WT,ME,False,Penobscot,BHE,BHE Keene Road 115 kV substation,F,NR,27.8,27.8,27.8,27.8,False,2006-11-22,2006,2011-07-26,2011-05-01,,4.673511293634497,Y,Y,,2013-02-05
185,Stetson Wind Phase I,G,True,,in service,C,WND,All other,WT,ME,False,Penobscot,BHE,BHE Keene Road 115 kV substation,F,NR,58.7,60.0,58.7,58.7,False,2006-11-22,2006,2009-01-22,2008-12-01,,2.1683778234086244,Y,Y,,2013-02-21
186,Gas Turbine,G,True,,withdrawn,W,DFO KER,All other,GT,CT,False,New Haven,SWCT,CL&P Shepaug 115 kV substation,F,MIS,78.0,78.0,78.0,93.0,False,2006-12-01,2006,2011-12-31,2011-10-30,2009-05-29,2.4914442162902124,N,N,,2009-06-01
186,Hydro,G,True,,withdrawn,W,WAT,All other,HD,CT,False,New Haven,SWCT,CL&P Shepaug 115 kV substation,F,MIS,48.0,6.5,48.0,48.0,False,2006-12-01,2006,2011-12-31,2011-10-30,2009-05-29,2.4914442162902124,N,N,,2009-06-01
187,Fuel Cell,G,True,,withdrawn,W,NG,All other,FC,CT,False,Fairfield,SWCT,UI Congress substation,N,MIS,28.9,28.9,28.9,28.9,False,2006-12-05,2006,2009-06-01,2009-06-01,2009-01-27,2.1464750171115674,N,N,,2009-02-11
188,Gas Turbine Capacity Increase( #178),G,True,,withdrawn,W,DFO NG,All other,CC,MA,True,Plymouth,SEMA,115 kV F19 and/or E20 lines,F,MIS,69.0,,69.0,0.0,False,2006-12-07,2006,2010-06-01,2010-04-01,2007-02-01,0.15331964407939766,N,N,,2007-02-01
189,Covanta Haverhill Landfill Gas,G,True,,in service,C,LFG,All other,IC,MA,True,Essex,BOST,NGRID 23 kV circuit # 2371 from Ward Hill substati,F,MIS,1.6,,1.6,1.6,False,2006-12-15,2006,2007-12-05,,,0.971937029431896,Y,Y,,2009-11-25
190,Gas Turbine,G,True,,withdrawn,W,DFO KER NG,All other,GT,CT,False,Litchfield,CT,CL&P Falls Village 69 kV Substation,F,MIS,39.0,39.0,39.0,50.0,False,2006-12-22,2006,2010-01-31,2009-10-30,2009-05-11,2.3846680355920604,Y,N,,2009-05-15
190,Gas Turbine,G,True,,withdrawn,W,DFO KER NG,All other,GT,MA,True,Hampden,WMA,W Mass. Mt. Tom 115 kV Substation,F,MIS,156.0,156.0,156.0,200.0,False,2006-12-22,2006,2010-01-31,2009-10-30,2009-05-28,2.431211498973306,N,N,,2009-05-15
190,Gas Turbine,G,True,,withdrawn,W,DFO KER NG,All other,GT,CT,False,New London,CT,CL&P  Tunnel 115 kV Substation,F,MIS,39.0,39.0,39.0,50.0,False,2006-12-22,2006,2010-01-31,2009-10-30,2009-05-07,2.3737166324435317,Y,N,,2009-05-12
190,Gas Turbine,G,True,,withdrawn,W,DFO KER NG,All other,GT,CT,False,New Haven,SWCT,CL&P Stevenson 115 kV Substation,F,MIS,39.0,39.0,39.0,50.0,False,2006-12-22,2006,2010-01-31,2009-10-30,2009-05-07,2.3737166324435317,Y,N,,2009-05-15
191,Biomass Project,G,True,,withdrawn,W,WDS,All other,ST,CT,False,Litchfield,SWCT,CL&P 115 kV line #1238,F,CNR,26.25,26.0,26.25,26.75,False,2006-12-22,2006,2013-03-01,2012-12-14,2010-09-13,3.7262149212867897,Y,Y,,2010-09-14
191,Gas Turbine,G,True,,withdrawn,W,NG,All other,GT,CT,False,Fairfield,SWCT,UI  115 kV line #8909,F,MIS,100.0,,100.0,100.0,False,2006-12-22,2006,2010-05-31,2010-03-31,2007-05-14,0.3915126625598905,N,N,,2007-05-14
192,Salem Harbor Unit 3 Exciter Replacement,G,True,,in service,C,BIT,All other,ST,MA,True,Essex,BOST,Salem Switchyard,F,MIS,,,,,False,2007-01-03,2007,2007-05-04,,,0.33127994524298426,Y,Y,,2011-05-26
192,Combined Cycle,G,True,,withdrawn,W,DFO NG,All other,CC,CT,False,Litchfield,,CL&P Frostbridge Substation,F,MIS,496.0,,496.0,550.0,False,2006-12-28,2006,2010-06-01,2010-04-01,2007-03-26,0.24093086926762491,N,N,,2007-03-26
192,Combined Cycle,G,True,,withdrawn,W,DFO NG,All other,CC,CT,False,Fairfield,SWCT,CL&P Plumtree Substation,F,MIS,496.0,,496.0,550.0,False,2006-12-28,2006,2013-06-01,2013-04-01,2008-07-30,1.5879534565366187,N,N,,2008-06-30
193,Ansonia Generation,G,True,,withdrawn,W,NG,All other,CC,CT,False,New Haven,SWCT,UI Ansonia 115 kV substation,F,CNR,60.0,60.0,60.0,67.0,False,2007-01-05,2007,2013-09-09,2013-07-10,2012-03-13,5.1854893908282,Y,Y,,2012-03-13
194,Gas Turbine,G,True,,withdrawn,W,NG,All other,GT,CT,False,New Haven,SWCT,UI 115 kV line # 8200,F,MIS,177.1,,177.1,189.3,False,2007-01-08,2007,2010-03-31,2010-01-15,2007-05-01,0.30937713894592744,N,N,,2007-05-01
195,Dartmouth Power Expansion,G,True,,in service,C,KER NG,All other,GT,MA,True,Bristol,SEMA,NSTAR 115 kV line #111,F,CNR,24.0,24.0,24.0,24.0,False,2007-01-09,2007,2009-09-24,2009-08-14,,2.707734428473648,Y,Y,,2009-09-25
196,UMass Gas Turbine,G,True,,in service,C,NG,All other,GT,MA,True,Hampshire,WMA,WMECO Podick substation 13.8 kV feeders,N,MIS,8.5,10.4,8.5,11.4,False,2007-01-26,2007,2009-01-29,2008-05-06,,2.0095824777549622,Y,Y,,2009-05-22
196,Northfield Mt Upgrade #1,G,True,,in service,C,WAT,All other,PS,MA,True,Franklin,WMA,W. Mass Northfield 345 kV substation,F,CNR,295.0,25.0,295.0,295.0,False,2007-01-16,2007,2016-02-18,2015-08-31,,9.089664613278575,Y,Y,Executed,2016-02-22
196,Northfield Mt. Upgrade #4,G,True,,in service,C,WAT,All other,PS,MA,True,Franklin,WMA,W. Mass Northfield 345 kV substation,F,CNR,295.0,25.0,295.0,295.0,False,2007-01-16,2007,2014-05-21,2014-05-21,,7.342915811088296,Y,Y,Executed,2014-05-21
196,Northfield Mt Upgrade #3,G,True,,in service,C,WAT,All other,PS,MA,True,Franklin,WMA,W. Mass Northfield  345 kV substation,F,CNR,295.0,25.0,295.0,295.0,False,2007-01-16,2007,2011-06-17,2011-06-01,,4.41615331964408,Y,Y,Executed,2011-06-29
196,Northfield Mt. Upgrade  #2,G,True,,in service,C,WAT,All other,PS,MA,True,Franklin,WMA,W. Mass Northfield 345 kV substation,F,CNR,295.0,25.0,295.0,295.0,False,2007-01-16,2007,2012-05-25,2012-06-01,,5.3552361396303905,Y,Y,Executed,2012-06-06
197,Record Hill Wind,G,True,,in service,C,WND,All other,WT,ME,False,Oxford,ME,115kV Rumford  Substation,F,CNR,50.6,50.6,50.6,50.6,False,2007-01-31,2007,2012-01-31,2011-11-28,,4.999315537303217,Y,Y,,2012-01-31
198,Biomass Project,G,True,,withdrawn,W,WDS,All other,ST,NH,False,Coos,NH,Near PSNH Lost Nation substation,F,MIS,56.4,,56.4,67.5,False,2007-02-08,2007,2009-06-01,2009-04-01,2008-05-07,1.242984257357974,N,N,,2008-05-07
199,Waterbury Generating Facility,G,True,,in service,C,NG,All other,GT,CT,False,New Haven,SWCT,CL&P Baldwin 115 kV substations,F,CNR,95.7,95.7,95.7,98.1,False,2007-02-21,2007,2009-06-26,2009-05-01,,2.3436002737850785,Y,Y,,2010-03-19
200,Wind Project,G,True,,withdrawn,W,WND,All other,WT,NH,False,Coos,NH,New Hampshire Electric Coop 34.5 kV line,N,NA,34.0,34.0,34.0,34.0,False,2007-02-21,2007,2014-11-01,2014-08-01,2013-08-07,6.458590006844627,N,N,,2013-08-12
201,Converts QP 164 to combined cycle facility and inc,G,True,,withdrawn,W,NG,All other,CC,RI,False,Providence,RI,345 kV RISE Substation,F,CNR,162.0,0.0,162.0,162.0,True,2007-02-26,2007,2014-02-26,2013-12-31,2009-12-14,2.7980835044490076,N,N,,2009-12-15
202,Combined Cycle,G,True,,withdrawn,W,NG,All other,CC,CT,False,Windham,RI,CL&P 345 kV Lake Road substation,F,CNR,250.0,250.0,250.0,285.0,False,2007-02-27,2007,2013-05-31,2013-01-31,2010-10-22,3.649555099247091,N,N,,2010-10-22
203,Landfill Gas,G,True,,withdrawn,W,LFG,All other,IC,NH,False,Coos,NH,34.5 kV feeder from Littleton,N,MIS,6.3,6.3,6.3,6.3,False,2007-03-20,2007,2008-12-31,2008-12-31,2009-07-01,2.2833675564681726,N,N,,2009-07-01
204,Gas Turbine,G,True,,withdrawn,W,DFO NG,All other,GT,CT,False,Hartford,CT,CL&P Windsor locks substation,F,MIS,40.0,,40.0,48.0,False,2007-03-30,2007,2009-12-31,2009-12-31,2007-04-27,0.07665982203969883,N,N,,2007-04-24
205,Gas Turbine,G,True,,withdrawn,W,NG,All other,GT,ME,False,Penobscot,ME,BHE's Line 5 - 46 kV,F,MIS,8.1,,8.1,9.1,False,2007-04-02,2007,2007-06-01,2007-06-01,2007-10-03,0.5037645448323066,N,N,,2007-10-03
206,Kimberly Clark-Unit 1,G,True,,in service,C,NG,All other,,CT,False,Litchfield,SWCT,CL&P Rocky River Substation,N,MIS,28.0,,28.0,28.0,False,2007-04-03,2007,2008-05-05,,,1.0896646132785763,Y,Y,,2009-05-22
206,Kimberly Clark-Unit 3,G,True,,in service,C,NG,All other,,CT,False,Litchfield,SWCT,CL&P Rocky River Substation,N,MIS,4.0,4.0,4.0,4.0,False,2007-04-03,2007,2009-01-05,2008-11-15,,1.7604380561259412,Y,Y,,2009-05-22
206,Kimberly Clark-Unit 2,G,True,,in service,C,NG,All other,,CT,False,Litchfield,SWCT,CL&P Rocky River Substation,N,MIS,10.8,,10.8,10.8,False,2007-04-03,2007,2008-10-01,,,1.4976043805612593,Y,Y,,2009-05-22
207,Towantic Energy,G,True,,withdrawn,W,DFO NG,All other,CC,CT,False,New Haven,SWCT,CL&P 115 kV lines between Baldwin Junction and Bea,F,CNR,452.0,452.0,452.0,540.0,False,2007-04-03,2007,2014-12-31,2014-06-30,2012-01-27,4.818617385352498,Y,Y,,2012-01-30
208,Gas Turbine,G,True,,withdrawn,W,NG,All other,GT,MA,True,Norfolk,RI,345 kV NEA Bellingham substation,F,MIS,100.0,,100.0,100.0,False,2007-04-13,2007,2011-06-01,2010-12-31,2008-08-21,1.3579739904175223,N,N,,2007-12-12
209,Mount Tom Voltage Regulator Replacement,G,True,,in service,C,BIT,All other,ST,MA,True,Hampden,WMA,W Mass. Mt. Tom 115 kV Substation,F,MIS,,,,,False,2007-04-18,2007,2007-06-30,,,0.1998631074606434,N,N,,2009-05-22
210,MATEP (Medical Area Total Energy Project)-modify i,G,True,,in service,C,DFO NG,All other,OT,MA,True,Suffolk,BOST,NSTAR Coburn Substation,F,MIS,,,,,False,2007-04-30,2007,2007-12-11,,,0.6160164271047228,N,Y,,2009-05-22
211,Combined Cycle,G,True,,withdrawn,W,DFO NG,All other,CC,MA,True,Bristol,SEMA,NSTAR 115 kV line #111,F,MIS,496.0,,496.0,550.0,False,2007-05-08,2007,2010-06-01,2010-02-01,2007-11-20,0.5366187542778919,N,N,,2007-11-20
212,Biomass Project,G,True,,withdrawn,W,WDS,All other,ST,NH,False,Hillsborough,NH,PSNH K-165 115 kV line,F,MIS,45.0,45.0,45.0,45.0,False,2007-05-15,2007,2010-02-28,2009-12-31,2009-05-28,2.0369609856262834,N,N,,2020-06-09
213,Gas Turbine,G,True,,withdrawn,W,NG,All other,GT,MA,True,Worcester,RI,ANP Blackstone 345 kV substation,F,CNR,158.5,159.0,158.5,184.7,False,2007-05-15,2007,2013-06-01,2013-02-01,2010-03-03,2.8008213552361396,N,N,,2010-03-03
213,Gas Turbine,G,True,,withdrawn,W,NG,All other,GT,MA,True,Worcester,RI,ANP Milford 115 kV substation,F,MIS,158.5,159.0,158.5,184.7,False,2007-05-15,2007,2010-06-01,2010-02-01,2008-10-21,1.4373716632443532,N,N,,2008-11-20
214,Biomass Project,G,True,,withdrawn,W,WDS,All other,ST,NH,False,Coos,NH,PSNH 34.5 kV circuit from Lost Nation or Whitefiel,F,MIS,41.0,,41.0,41.0,False,2007-05-21,2007,2010-08-31,2010-06-30,2007-10-27,0.4353182751540041,N,N,,2007-10-15
214,Biomass Project,G,True,,withdrawn,W,WDS,All other,ST,NH,False,Coos,NH,PSNH 115 kV S136 line,F,MIS,41.0,,41.0,41.0,False,2007-05-21,2007,2010-08-31,2010-06-30,2007-10-15,0.4024640657084189,N,N,,2007-10-15
215,Longfellow Wind,G,True,,withdrawn,W,WND,All other,WT,ME,False,Oxford,ME,CMP 115 kV Rumford Substation,F,CNR,50.0,50.0,50.0,50.0,False,2007-05-24,2007,2013-12-01,2013-10-01,2011-12-14,4.558521560574949,Y,Y,,2011-12-19
215,Combined Cycle,G,True,,withdrawn,W,DFO NG,All other,CC,MA,True,Norfolk,SEMA,NGRID 345 kV 344 Line,F,MIS,578.0,578.0,578.0,558.0,False,2007-05-30,2007,2013-06-01,2013-02-01,2008-10-27,1.4127310061601643,N,N,,2008-10-15
216,Combined Cycle,G,True,,withdrawn,W,DFO NG,All other,CC,MA,True,Bristol,SEMA,Cleary 115 kV substation,F,NR,244.0,244.0,244.0,294.0,False,2007-06-08,2007,2013-12-31,2013-11-01,2010-05-28,2.97056810403833,Y,Y,,2010-06-02
217,Northfield Mt. Equipment Replacement,G,True,,in service,C,WAT,All other,PS,MA,True,Franklin,WMA,W. Mass Northfield  345 kV substation,F,NA,1180.0,0.0,1180.0,1180.0,True,2007-06-13,2007,2008-10-20,2008-10-20,,1.3552361396303902,Y,Y,,2010-04-09
218,Biomass Project  ( Also see queue position #223),G,True,,withdrawn,W,WDS,All other,ST,MA,True,Berkshire,WMA,Doreen 115 kV substation or F132 115 kV line,F,MIS,41.0,62.0,41.0,48.0,False,2007-06-27,2007,2010-12-01,2010-09-01,2009-01-30,1.596167008898015,N,N,,2009-02-12
219,L'Energia,G,True,,in service,C,DFO NG,All other,CC,MA,True,Middlesex,CMA,J162 115kV line between Tewksbury and Perry Street,F,MIS,74.0,74.0,74.0,77.0,False,2007-07-06,2007,2009-01-01,2008-11-15,,1.4921286789869952,Y,Y,,2010-10-01
220,Indeck Energy Alexandria,G,True,,in service,C,WDS,All other,ST,NH,False,Grafton,NH,34.5 kV circuit from PSNH  Peniwagewassett substat,F,MIS,16.5,16.5,16.5,16.5,False,2007-07-10,2007,2009-01-31,2008-09-07,,1.5633127994524298,Y,Y,,2009-05-22
221,Wind Project,G,True,,withdrawn,W,WND,All other,WT,ME,False,Penobscot,BHE,115 kV line between Enfield and James River substa,F,NR,34.9,34.9,34.9,34.9,False,2007-07-18,2007,2012-12-30,2012-10-30,2011-02-04,3.5509924709103355,Y,Y,,2011-02-04
222,Meriden Gas Turbines,G,True,,withdrawn,W,DFO NG,All other,CC,CT,False,New Haven,CT,Haddam Neck-Southington 345 kV line,F,CNR,510.0,510.0,510.0,560.0,False,2007-07-16,2007,2015-06-01,2014-12-01,2012-05-30,4.87337440109514,Y,Y,,2012-05-30
223,Increase to biomass project in queue position 218,G,True,,withdrawn,W,WDS,All other,ST,MA,True,Berkshire,WMA,Doreen 115 kV substation or F132 115 kV line,F,MIS,20.5,0.0,20.5,24.0,True,2007-07-25,2007,2010-12-01,2010-09-01,2009-01-30,1.5195071868583163,N,N,,2015-11-19
223,Gas Turbine,G,True,,withdrawn,W,NG,All other,GT,CT,False,New Haven,SWCT,East Shore-Grand Ave 115 kV line,F,MIS,159.0,,159.0,185.0,False,2007-07-25,2007,2010-05-06,2010-03-24,2007-11-07,0.2874743326488706,N,N,,2007-11-07
224,VPPSA Swanton Gas Turbine #2,G,True,,in service,C,DFO NG,All other,GT,VT,False,Franklin,VT,Swanton Village 46 kV System,N,NA,21.2,21.0,21.2,27.6,False,2007-08-10,2007,2010-05-24,2010-05-01,,2.7871321013004793,Y,Y,,2010-05-24
224,VPPSA Swanton Gas Turbine #1,G,True,,in service,C,DFO NG,All other,GT,VT,False,Franklin,VT,Swanson Village 46 kV System,N,NA,21.2,21.0,21.2,27.6,False,2007-08-10,2007,2010-02-12,2009-12-16,,2.510609171800137,Y,Y,,2010-02-17
225,Combined Cycle Capacity Increase (See QP #202),G,True,,withdrawn,W,NG,All other,CC,CT,False,Windham,RI,CL&P 345 kV Lake Road substation,F,CNR,411.0,161.0,411.0,412.0,False,2007-08-13,2007,2013-05-31,2013-01-31,2010-10-22,3.19233401779603,N,N,,2010-10-22
225,Wind Project-Phase 1( MPS Queue # 6),G,True,,withdrawn,W,WND,All other,WT,,False,N/A,,"Maine Public Service System, upgrades include tap",N,NA,255.0,53.4,255.0,255.0,False,2007-09-04,2007,2010-09-01,,,,N,N,,2010-08-20
226,Combined Cycle Capacity Increase/ Generator Change,G,True,,withdrawn,W,NG,All other,CC,NH,False,Rockingham,NH,345 kV Seabrook  Substation,F,MIS,904.0,904.0,904.0,1010.0,False,2007-09-05,2007,2013-06-30,2012-12-31,2009-07-14,1.8562628336755647,N,N,,2009-07-23
227,Pump Storage Capacity Upgrade,G,True,,withdrawn,W,WAT,All other,PS,MA,True,Berkshire,WMA,Bear Swamp 230 kV Substation,F,NR,333.0,43.0,333.0,333.0,False,2007-09-26,2007,2013-03-30,2013-03-16,2010-09-23,2.9924709103353866,Y,Y,,2010-09-23
227,Increase Transfer South From Wyman Hydro,ETU,False,,withdrawn,W,N/A,All other,NA,ME,False,N/A,ME,N/A,F,MIS,,,,,False,2007-09-28,2007,,,,,N,N,,2008-03-14
227,Bear Swamp Uprate - First Unit,G,True,,withdrawn,W,WAT,All other,PS,MA,True,Berkshire,WMA,Bear Swamp 230 kV Substation,F,NR,333.0,43.0,333.0,333.0,False,2007-09-26,2007,2012-03-31,2012-03-17,2010-09-23,2.9924709103353866,Y,Y,,2010-09-23
228,Dundee Wind,G,True,,in service,C,WND,All other,WT,ME,False,Penobscot,BHE,BHE Keene Road Substation,F,NR,27.0,27.0,27.0,30.0,False,2007-10-09,2007,2011-07-26,2011-05-01,,3.7946611909650922,Y,Y,,2013-02-05
229,Biomass Project,G,True,,withdrawn,W,WDS,All other,ST,NH,False,Coos,NH,PSNH 34.5 kV circuit from Lost Nation or Whitefiel,F,MIS,41.0,,41.0,41.0,False,2007-10-15,2007,2013-12-31,2013-12-31,2008-09-08,0.9007529089664613,N,N,,2008-09-08
229,CPD Berlin,G,True,,withdrawn,W,WDS,All other,ST,NH,False,Coos,NH,PSNH 115 kV Berlin Substation,F,CNR,29.5,29.5,29.5,29.5,False,2007-10-15,2007,2013-08-31,2013-07-31,2011-10-11,3.9890485968514717,Y,Y,,2011-10-19
230,GMP Essex Diesel,G,True,,in service,C,DFO,All other,IC,VT,False,Colchester,VT,GMP Essex Substation,F,MIS,8.0,,8.0,8.0,False,2007-10-15,2007,2007-10-30,,,0.04106776180698152,N,Y,,2009-08-20
231,Brayton Point 3 Uprate( see 243),G,True,,in service,C,BIT,All other,ST,MA,True,Bristol,RI,Brayton Point 345 kV Switchyard,F,NR,642.0,30.0,642.0,663.0,False,2007-10-25,2007,2011-12-12,2011-12-11,,4.131416837782341,Y,Y,,2011-12-14
232,Gas Turbine,G,True,,withdrawn,W,DFO NG,All other,GT,CT,False,Hartford,CT,CL&P 329 345 kV line or 1895 115 kV line,F,MIS,250.0,,250.0,275.0,False,2007-11-01,2007,2010-06-01,2010-04-01,2008-01-29,0.243668720054757,N,N,,2008-01-29
233,Rhode Island Landfill Gas Genco,G,True,,in service,C,LFG,All other,CC,RI,False,Providence,RI,NGRID 115 kV S171 line,F,CNR,32.6,27.9,32.6,36.8,False,2007-11-02,2007,2013-05-25,2012-12-10,,5.560574948665297,Y,Y,,2013-05-30
234,Moretown Landfill,G,True,,in service,C,LFG,All other,IC,VT,False,Washington,VT,Green Mountain Power 34 kV feeder,N,MIS,4.8,4.8,4.8,4.8,False,2007-11-07,2007,2008-09-04,2008-09-04,,0.8268309377138946,N,N,,2009-05-22
235,Gas Turbine,G,True,,withdrawn,W,NG,All other,GT,CT,False,New Haven,SWCT,CL&P 46 kV circuit from  Baldwin Substation,F,MIS,58.0,,58.0,65.0,False,2007-11-15,2007,2010-01-31,2010-01-01,2008-02-27,0.28473648186173856,N,N,,2008-03-15
235,Gas Turbine,G,True,,withdrawn,W,DFO NG,All other,GT,CT,False,New London,CT,CL&P Card Street substation,F,MIS,170.0,,170.0,196.0,False,2007-11-15,2007,2010-05-31,2010-05-01,2008-06-30,0.6242299794661191,N,N,,2008-06-30
236,Pioneer Valley Energy Center,G,True,,withdrawn,W,DFO NG,All other,CC,MA,True,Hampden,WMA,115 kV line between Buck Pond and Pochassic substa,F,CNR,353.0,353.0,353.0,421.0,False,2007-11-30,2007,2015-09-28,2015-04-29,2012-11-01,4.922655715263518,Y,Y,Executed,2012-11-13
237,Combined Cycle,G,True,,withdrawn,W,NG,All other,CC,RI,False,Newport,RI,115 kV Tiverton Substation,F,CNR,285.0,285.0,285.0,300.0,False,2007-12-05,2007,2014-12-01,2014-08-01,2010-01-14,2.11088295687885,N,N,,2010-01-14
238,Barre Mass Landfill Gas,G,True,,withdrawn,W,LFG,All other,IC,MA,True,Worcester,WMA,13.8 kV distribution circuit,F,NR,1.6,1.6,1.6,2.0,False,2007-12-07,2007,2011-03-11,2011-02-11,2010-06-17,2.5270362765229293,Y,Y,,2010-06-24
239,Gas Turbine Capacity Increase ( See queue position,G,True,,withdrawn,W,DFO NG,All other,GT,CT,False,Fairfield,SWCT,UI 345 kV Singer Substation,F,MIS,360.0,35.0,360.0,436.0,False,2007-12-12,2007,2010-09-30,2010-06-30,2008-10-22,0.8624229979466119,N,N,,2008-11-12
240,Gas Turbine,G,True,,withdrawn,W,KER NG,All other,GT,CT,False,New London,CT,Montville Substation,F,CNR,94.0,94.0,94.0,98.0,False,2007-12-18,2007,2013-06-01,2013-01-01,2010-10-27,2.858316221765914,N,N,,2010-10-27
241,Towantic Energy increase,G,True,,withdrawn,W,DFO NG,All other,CC,CT,False,New Haven,SWCT,CL&P 115 kV lines between Baldwin Junction and Bea,F,CNR,489.0,38.0,489.0,557.0,False,2007-12-31,2007,2014-12-31,2014-06-30,2012-01-27,4.073921971252567,Y,Y,,2012-01-30
242,Biomass Project,G,True,,withdrawn,W,WDS,All other,ST,NH,False,Cheshire,NH,PSNH 115 kV N186 circuit,F,CNR,20.0,20.0,20.0,20.0,False,2008-01-03,2008,2013-10-30,2013-06-30,2009-09-18,1.7084188911704312,N,N,,2009-09-25
243,Increase to Steam Turbine  Capacity Uprate (See QP,G,True,,in service,C,BIT,All other,ST,MA,True,Bristol,RI,Brayton Point 345 kV Switchyard,F,NR,648.0,6.0,648.0,669.0,False,2008-01-04,2008,2011-12-12,2011-12-11,,3.9370294318959616,Y,Y,,2011-12-14
244,Wind,G,True,,withdrawn,W,WND,All other,WT,ME,False,Somerset,ME,CMP 115 kV Wyman substation,F,CNR,117.0,117.0,117.0,117.0,False,2008-01-03,2008,2013-12-30,2013-10-01,2012-03-21,4.213552361396304,Y,Y,,2012-03-23
245,Stetson Wind II(Jimmey & Owl Mt.-UPC) See # 249,G,True,,in service,C,WND,All other,WT,ME,False,Washington,BHE,BHE Keene Road Substation,F,NR,24.0,24.0,24.0,24.0,False,2008-01-11,2008,2010-03-12,2010-01-15,,2.1656399726214923,Y,Y,,2013-02-05
246,Gas Turbine,G,True,,withdrawn,W,NG,All other,GT,MA,True,Worcester,CMA,115 kV bus at Millbury substation,F,MIS,77.0,77.0,77.0,87.0,False,2008-01-29,2008,2011-06-01,2011-03-01,2008-12-31,0.9226557152635181,N,N,,2008-12-31
247,Reconnect Existing Hydro,G,True,,withdrawn,W,WAT,All other,HD,VT,False,Orleans,VT,VELCO Newport Substation 46 kV bus,F,MIS,4.1,0.0,4.1,4.1,True,2008-01-31,2008,2010-05-31,2010-05-01,2009-04-02,1.1690622861054072,N,N,,2009-04-17
247,Diesel generation,G,True,,withdrawn,W,DFO,All other,IC,VT,False,Orleans,VT,VELCO Newport Substation 46 kV bus,F,MIS,10.3,10.3,10.3,10.3,False,2008-01-31,2008,2009-05-01,2009-05-01,2009-04-02,1.1690622861054072,N,N,,2009-04-17
248,New Haven Harbor 2-4,G,True,,in service,C,DFO NG,All other,GT,CT,False,New Haven,CT,UI East shore Substation 115 kV bus,F,CNR,129.6,129.6,129.6,145.8,False,2008-02-07,2008,2012-05-23,2012-04-11,,4.290212183436003,Y,Y,,2015-11-19
249,Stetson Wind II(Jimmey & Owl Mt.-UPC),G,True,,in service,C,WND,All other,WT,ME,False,Washington,BHE,BHE Keene Road Substation,F,NR,26.2,2.2,26.2,26.2,False,2008-02-04,2008,2010-03-12,2010-01-15,,2.099931553730322,Y,Y,,2013-02-05
250,Hamilton Sundstrand,G,True,,in service,C,NG,All other,GT,CT,False,Hartford,CT,CL&P Windsor Locks Substation,N,NA,4.9,5.0,4.9,6.1,False,2008-02-13,2008,2011-10-01,2011-09-30,,3.6303901437371664,N,Y,,2011-11-30
251,Burgess BioPower,G,True,,in service,C,WDS,All other,ST,NH,False,Coos,NH,PSNH Eastside(Berlin) Substation,F,CNR,58.7,58.7,58.7,58.7,False,2008-02-15,2008,2014-06-17,2013-10-25,,6.335386721423682,Y,Y,Executed,2014-06-18
252,Foxwoods Central Plant,G,True,,in service,C,NG,All other,GT,CT,False,New London,CT,CL&P 23 kV feeders from Tunnel and Mystic Substati,N,NA,13.2,13.2,13.2,17.6,False,2008-02-13,2008,2010-07-15,2010-04-30,,2.4175222450376452,Y,Y,,2010-07-30
253,Combined Cycle,G,True,,withdrawn,W,DFO,All other,CC,CT,False,Fairfield,SWCT,CL&P 115 kV 1876 line,F,MIS,269.0,269.0,269.0,310.0,False,2008-03-11,2008,2011-06-01,2011-02-01,2009-06-01,1.2238193018480492,N,N,,2009-06-17
254,Wind Project,G,True,,withdrawn,W,WND,All other,WT,MA,True,Berkshire,WMA,WMECO Berkshire substation  23 kV circuit,N,NA,12.5,12.5,12.5,12.5,False,2008-03-25,2008,2016-11-30,2016-10-31,2015-09-02,7.438740588637919,N,N,,2015-09-03
254,Wind,G,True,,withdrawn,W,WND,All other,WT,ME,False,Penobscot,ME,CMP 115 kV line # 203,F,CNR,19.5,19.5,19.5,19.5,False,2008-03-10,2008,2010-11-01,2010-11-01,2009-08-25,1.45927446954141,N,N,,2009-08-31
255,Distribution Wind Alternative,G,True,,withdrawn,W,WND,All other,WT,NH,False,Grafton,NH,PSNH Ashland 34.5 kV,N,NA,50.0,2.0,50.0,50.0,False,2008-03-31,2008,2012-12-31,2012-10-01,,,N,N,,2012-11-13
255,Wind,G,True,,withdrawn,W,WND,All other,WT,NH,False,Grafton,NH,115 kV Plymouth substation,F,CNR,50.0,50.0,50.0,50.0,False,2008-03-31,2008,2010-12-31,2010-10-01,2009-09-30,1.5003422313483916,N,N,,2009-12-03
256,Steam Turbine,G,True,,withdrawn,W,WDS,All other,ST,NH,False,Merrimack,NH,Unitil 34.5kV line from PSNH Garvins station to UE,N,NA,20.0,20.0,20.0,20.0,False,2008-04-04,2008,2013-03-31,2012-12-30,2013-03-02,4.908966461327857,N,N,,2013-03-26
257,Wind Project-Phase 4( MPS Queue # 8),G,True,,withdrawn,W,WND,All other,WT,ME,False,N/A,BHE,"Maine Public Service System, upgrades include tap",N,NA,250.0,250.0,250.0,250.0,False,2008-04-14,2008,2013-09-01,,2013-09-03,5.388090349075975,N,N,,2013-09-16
257,Wind Project-Phase 5( MPS Queue # 9),G,True,,withdrawn,W,WND,All other,WT,ME,False,N/A,BHE,"Maine Public Service System, upgrades include tap",N,NA,150.0,150.0,150.0,150.0,False,2008-04-14,2008,2013-09-01,2013-09-03,2013-09-03,5.388090349075975,N,N,,2013-09-16
258,Merrimack Unit 2 Uprate,G,True,,in service,C,BIT,All other,ST,NH,False,Merrimack,NH,PSNH Merrimack Substation,F,MIS,327.5,4.65,327.5,337.0,False,2008-04-15,2008,2008-05-26,,,0.11225188227241616,N,N,,2015-11-19
259,Combined Cycle,G,True,,withdrawn,W,DFO NG,All other,CC,MA,True,Norfolk,RI,345 kV NEA Bellingham Substation,F,MIS,303.3,27.0,303.3,340.2,False,2008-05-07,2008,2010-06-01,2010-06-01,2009-01-28,0.7282683093771389,N,N,,2009-02-12
259,Combined Cycle,G,True,,withdrawn,W,NG,All other,CC,RI,False,Providence,RI,115 kV RISE Substation,F,CNR,551.0,27.0,551.0,616.3,False,2008-05-07,2008,2012-06-01,2012-06-01,2010-08-11,2.2614647501711156,N,N,,2010-08-19
260,Wind,G,True,,withdrawn,W,WND,All other,WT,RI,False,N/A,RI,Kent County 115 kV bus or Davisville 115 kV bus,F,MIS,450.0,0.0,450.0,450.0,True,2008-05-08,2008,2013-12-31,2012-06-30,2009-02-27,0.8076659822039699,N,N,,2009-03-19
260,Wind,G,True,,withdrawn,W,WND,All other,WT,RI,False,N/A,RI,Brayton Point 115 kV bus or Dexter 115 kV bus,F,MIS,450.0,450.0,450.0,450.0,False,2008-05-08,2008,2013-12-31,2012-06-30,2009-02-27,0.8076659822039699,N,N,,2009-03-19
261,Combined Cycle,G,True,,withdrawn,W,NG,All other,CC,ME,False,,ME,Yarmouth Substation 115 kV bus,F,MIS,440.0,221.6,440.0,497.0,False,2008-05-19,2008,2013-12-31,2013-06-30,2008-11-07,0.47091033538672145,N,N,,2008-11-07
262,Rhode Island Landfill Gas Genco Increase (see QP #,G,True,,withdrawn,W,LFG,All other,CC,RI,False,Providence,RI,NGRID 115 kV S171 line,F,CNR,45.9,6.0,45.9,50.1,False,2008-05-23,2008,2013-09-01,2013-09-01,2011-11-09,3.463381245722108,Y,Y,,2011-11-10
263,Wind,G,True,,withdrawn,W,WND,All other,WT,RI,False,Washington,RI,West Kingston Substation,F,CNR,385.0,385.0,385.0,385.0,False,2008-05-27,2008,2012-12-01,2011-06-01,2010-03-24,1.8234086242299794,N,N,,2010-03-25
264,Landfill Gas,G,True,,withdrawn,W,LFG,All other,IC,NH,False,,NH,NHEC 12.5 kV circuit,N,MIS,0.8,0.8,0.8,0.8,False,2008-06-04,2008,2008-11-30,2008-11-01,2008-07-10,0.09856262833675565,N,N,,2008-07-10
264,Biomass Project,G,True,,withdrawn,W,WDS,All other,ST,NH,False,Grafton,NH,PSNH 34.5 kV circuit #343,N,NA,10.0,10.0,10.0,10.0,False,2008-06-11,2008,2010-06-01,2010-06-01,2009-09-28,1.297741273100616,N,N,,2009-09-28
265,MATEP - Third CTG,G,True,,withdrawn,W,DFO NG,All other,GT,MA,True,Suffolk,BOST,NSTAR Brighton Substation,F,CNR,12.5,12.5,12.5,14.0,False,2008-06-16,2008,2014-06-01,2014-05-01,2013-01-07,4.561259411362081,Y,Y,,2013-12-05
266,Wind,G,True,,withdrawn,W,WND,All other,WT,VT,False,Orleans,VT,CVPS Lowell Substation,F,MIS,34.0,34.0,34.0,34.0,False,2008-06-19,2008,2011-12-31,2011-09-15,2009-04-13,0.8158795345653662,N,N,,2009-05-01
267,Gas Turbine Capacity Increase ( See queue position,G,True,,withdrawn,W,DFO NG,All other,GT,CT,False,Fairfield,SWCT,345 kV line # 321,F,MIS,175.0,175.0,175.0,222.0,False,2008-06-24,2008,2011-06-01,2011-02-01,2009-03-09,0.7063655030800822,N,N,,2009-03-19
268,Wind ( increase in queue position  266),G,True,,withdrawn,W,WND,All other,WT,VT,False,Orleans,VT,CVPS Lowell Substation,F,MIS,8.5,8.5,8.5,8.5,False,2008-07-08,2008,2011-12-31,2011-09-15,2009-04-13,0.7638603696098563,N,N,,2009-05-01
269,Indian River Power,G,True,,in service,C,WAT,All other,HD,MA,True,Hampden,WMA,WMELCO 23 kV circuit,F,NR,1.28,1.28,1.28,1.28,False,2008-07-14,2008,2011-08-02,2011-03-31,,3.049965776865161,Y,Y,,2011-08-03
270,Pumped Storage Project,G,True,,withdrawn,W,WAT,All other,PS,ME,False,Wiscasset,ME,Maine Yankee 345 kV substation,F,NR,1000.0,1000.0,1000.0,1000.0,False,2008-07-17,2008,2014-06-01,2014-06-01,2011-03-31,2.702258726899384,N,N,,2011-03-31
271,"Two terminal, 1000 MW , 500 kV, dc line",ETU,False,,withdrawn,W,N/A,All other,NA,,False,N/A,,Hertel S/S in Quebec or Clay S/S in NY and Singer,F,N/A,0.0,0.0,,,True,2008-07-30,2008,2014-03-31,,,,N,N,,2010-07-16
271,"Two terminal, 1000 MW , 500 kV, dc line",ETU,False,,withdrawn,W,N/A,All other,NA,,False,N/A,,Hertel S/S in Quebec or Clay S/S in NY and Glenbro,F,N/A,0.0,0.0,,,True,2008-07-30,2008,2014-03-31,,,,N,N,,2010-01-29
271,"Two terminal, 1000 MW , 500 kV, dc line",ETU,False,,withdrawn,W,N/A,All other,NA,,False,N/A,,Hertel S/S in Quebec or Clay S/S in NY and Norwalk,F,N/A,0.0,0.0,,,True,2008-07-30,2008,2014-03-31,,2009-05-12,0.783025325119781,N,N,,2017-04-21
271,MPS RNS Application,TS,False,,withdrawn,W,N/A,All other,NA,ME,False,Aroostoock,BHE,N/A,F,N/A,0.0,0.0,,,True,2008-08-01,2008,2010-10-01,,,,N,N,,2009-10-22
272,Wind,G,True,,withdrawn,W,WND,All other,WT,ME,False,Aroostoock,BHE,BHE  Millinocket Substation,F,MIS,150.0,0.0,150.0,150.0,True,2008-08-01,2008,2011-08-01,2011-05-01,2008-10-03,0.17248459958932238,N,N,,2008-10-03
272,Wind,G,True,,withdrawn,W,WND,All other,WT,ME,False,Somerset,ME,CMP 115 KV LINE 222,F,CNR,85.0,85.0,85.0,85.0,False,2008-08-01,2008,2012-08-01,2012-06-01,2010-02-03,1.5085557837097878,N,N,,2010-02-16
272,Wind,G,True,,withdrawn,W,WND,All other,WT,ME,False,Aroostoock,BHE,BHE  Powersville  Substation,F,MIS,150.0,0.0,150.0,150.0,True,2008-08-01,2008,2011-08-01,2011-05-01,2009-03-10,0.6050650239561944,N,N,,2009-04-15
272,Wind,G,True,,withdrawn,W,WND,All other,WT,ME,False,Franklin,ME,CMP Rumford or Bigelow Substation,F,MIS,64.0,64.0,64.0,64.0,False,2008-08-01,2008,2012-08-01,2012-06-01,2009-06-15,0.8706365503080082,N,N,IA Filed Unexecuted,2009-06-17
272,Wind,G,True,,withdrawn,W,WND,All other,WT,ME,False,Aroostoock,BHE,BHE 345 kV 396 line,F,MIS,128.0,128.0,128.0,128.0,False,2008-08-01,2008,2013-12-31,2013-10-31,2009-04-21,0.7200547570157426,N,N,,2009-05-01
272,Oakfield II Wind - Keene Road,G,True,,in service,C,WND,All other,WT,ME,False,Aroostoock,BHE,BHE Keene Road  Substation,F,NR,135.5,135.5,135.5,135.5,False,2008-08-01,2008,2015-10-29,2015-07-29,,7.241615331964408,Y,Y,Executed,2015-10-29
273,Palmer Renewable Energy,G,True,,withdrawn,W,WDS,All other,ST,MA,True,Hampden,WMA,115 kV line near E. Springfield substation,F,NR,36.7,36.7,36.7,37.0,False,2008-08-03,2008,2020-07-15,2020-06-15,2019-10-16,11.200547570157427,Y,Y,Executed,2019-11-01
274,Wind project point-to-point  application,TS,False,,withdrawn,W,N/A,All other,NA,ME,False,Aroostoock,BHE,N/A,F,N/A,100.0,0.0,100.0,100.0,True,2008-08-25,2008,2011-10-01,,,,N,N,,2009-03-19
274,GMP Generator Replacement,G,True,,withdrawn,W,DFO NG,All other,GT,VT,False,Chittenden,VT,GMP Gorge Substation,F,CNR,41.5,29.5,41.5,48.7,False,2008-08-07,2008,2014-06-01,2014-05-01,2012-10-14,4.186173853524983,Y,Y,,2012-10-04
275,"Two terminal, 2000 MW , 500 kV, dc line",ETU,False,,withdrawn,W,N/A,All other,NA,,False,N/A,,"Maine Yankee Substation, South Boston Substation",F,N/A,0.0,0.0,,,True,2008-08-27,2008,2014-03-31,,2008-09-15,0.05201916495550993,N,N,,2017-04-21
276,Deerfield Wind,G,True,,withdrawn,W,WND,All other,WT,VT,False,Bennington,WMA,"Y-25 North, 69 kV line between Searsburg and Benni",F,NR,30.0,30.0,30.0,30.0,False,2008-09-02,2008,2013-12-31,2013-10-01,2014-09-11,6.023271731690623,Y,Y,Executed,2014-09-19
277,Combined Cycle,G,True,,withdrawn,W,DFO NG,All other,CC,CT,False,Fairfield,SWCT,CL&P 345 KV 321 line,F,MIS,695.0,695.0,695.0,695.0,False,2008-09-12,2008,2013-06-01,2013-01-15,2009-02-13,0.4216290212183436,N,N,,2009-03-19
277,Combined Cycle (QP310 in NYISO Queue),G,True,,withdrawn,W,NG,All other,CC,NY,False,Dutchess,,Pleasant Valley - Long Mtn 345 kV,N,NA,1002.0,1002.0,1002.0,1115.0,False,2008-09-22,2008,2018-01-31,2017-07-01,2014-12-18,6.236824093086927,N,N,,2014-12-22
278,"Two terminal, 1000 MW , 500 kV, dc line",ETU,False,,withdrawn,W,N/A,All other,NA,MA,True,N/A,BOST,"Maine Yankee Substation, South Boston Substation",F,N/A,0.0,0.0,,,True,2008-09-26,2008,2017-03-31,2017-03-31,2014-06-13,5.711156741957564,N,N,,2014-06-13
279,Biomass,G,True,,withdrawn,W,WDS,All other,ST,VT,False,Windsor,VT,CVPS 46kV circuit in Springfield area,N,MIS,30.0,30.0,30.0,30.0,False,2008-09-30,2008,2011-05-01,2011-03-01,2009-02-20,0.3915126625598905,N,N,,2009-03-19
280,Wind,G,True,,withdrawn,W,WND,All other,WT,NH,False,Coos,NH,PSNH W-179 115 kV,F,CNR,180.0,180.0,180.0,180.0,False,2008-10-02,2008,2011-09-01,2011-07-01,2010-09-24,1.9767282683093772,N,N,,2010-09-24
281,Equipment Addition,G,True,,in service,C,NG,All other,CC,CT,False,Windham,RI,CL&P 345 kV Lake Road substation,F,MIS,45.0,45.0,,,False,2008-10-07,2008,2009-01-30,2008-06-01,,0.31485284052019163,N,N,,2009-02-12
281,Wind,G,True,,withdrawn,W,WND,All other,WT,VT,False,Rutland,VT,VELCO 115 kV K34 line,F,CNR,85.0,85.0,85.0,85.0,False,2008-10-06,2008,2011-09-01,2011-07-01,2010-03-30,1.4784394250513346,N,N,,2010-03-31
282,Biomass Project,G,True,,withdrawn,W,WDS,All other,ST,MA,True,Franklin,WMA,115 kV line near Montage or Fench King substations,F,CNR,49.7,49.7,49.7,51.5,False,2008-10-15,2008,2014-02-01,2013-11-01,2011-06-28,2.6995208761122518,N,N,,2011-06-29
283,1100 MW HVDC Line,ETU,False,,withdrawn,W,N/A,All other,NA,MA,True,N/A,BOST,Orrington ME and  BostonMA,F,N/A,0.0,0.0,,,True,2008-10-20,2008,2017-06-30,2017-03-30,2015-02-16,6.324435318275154,N,N,,2015-02-17
284,Seabrook LP Turbine Blade replacement,G,True,,in service,C,NUC,All other,ST,NH,False,Rockingham,NH,345 kV Seabrook Substation,F,CNR,1257.0,13.0,1257.0,1257.0,False,2008-10-22,2008,2012-04-05,2010-12-31,,3.4524298425735798,Y,Y,Executed,2012-04-10
285,Gas Turbine,G,True,,withdrawn,W,NG,All other,GT,ME,False,Penobscot,BHE,BHE Powersville substation,F,CNR,35.0,35.0,35.0,35.0,False,2008-10-24,2008,2014-07-31,2014-06-30,2012-08-29,3.8466803559206024,Y,N,,2012-08-29
286,Gas Turbine,G,True,,withdrawn,W,NG,All other,GT,MA,True,Worcester,CMA,115 kV bus at Millbury substation,F,MIS,187.5,187.5,187.5,199.0,False,2008-12-05,2008,2012-06-01,2012-02-01,2009-09-30,0.8186173853524983,N,N,,2009-09-30
287,Saddleback Ridge Wind Project,G,True,,in service,C,WND,All other,WT,ME,False,Franklin,ME,115kV Line 229,F,NR,33.0,33.0,33.0,33.0,False,2008-12-18,2008,2015-09-15,2015-08-15,,6.740588637919234,Y,Y,Executed,2015-09-16
288,Local Service Application - 87 MW,TS,False,,in service,C,,All other,,ME,False,Somerset,ME,N/A,F,N/A,0.0,0.0,,,True,2008-12-18,2008,2009-09-01,,,0.70362765229295,Y,N,,2009-09-25
289,Fuel Cell,G,True,,withdrawn,W,NG,All other,FC,CT,False,New Haven,SWCT,UI''s Milvon substation,N,NA,9.0,9.0,9.0,9.0,False,2009-01-08,2009,2012-06-15,2012-05-15,2013-08-05,4.572210814510609,Y,Y,,2013-08-05
289,Sikorsky Aircraft,G,True,,in service,C,NG,All other,GT,CT,False,Fairfield,SWCT,UI's Trap Falls substation,N,NA,10.265,10.265,10.265,10.265,False,2009-01-08,2009,2011-10-05,2011-07-24,,2.737850787132101,Y,Y,,2011-11-10
289,Yale University - Sterling Power Plant,G,True,,in service,C,NG,All other,GT,CT,False,New Haven,SWCT,UI's Water Street substation,N,NA,17.6,17.6,17.6,17.6,False,2009-01-08,2009,2010-05-26,2010-05-01,,1.377138945927447,Y,Y,,2010-06-02
290,Wind,G,True,,withdrawn,W,WND,All other,WT,ME,False,Oxford,ME,CMP Woodstock Substation,F,CNR,18.0,18.0,18.0,18.0,False,2009-01-15,2009,2010-12-30,2010-09-30,2010-07-29,1.5331964407939767,Y,Y,,2010-07-29
290,Spruce Mountain Wind,G,True,,in service,C,WND,All other,WT,ME,False,Oxford,ME,CMP Woodstock substation,N,NA,18.0,18.0,18.0,18.0,False,2009-01-15,2009,2011-12-21,2011-11-30,,2.9295003422313486,Y,Y,,2011-12-21
291,Merrimack Unit 2 Second Uprate,G,True,,in service,C,BIT,All other,ST,NH,False,Merrimack,NH,PSNH Merrimack Substation,F,CNR,340.0,17.175,340.0,353.5,False,2009-01-21,2009,2010-06-17,2010-06-01,,1.4017796030116358,Y,Y,,2010-06-24
292,Biomass Project,G,True,,withdrawn,W,WDS,All other,ST,MA,True,Berkshire,WMA,Doreen 115 kV substation of F132 115 kV line,F,CNR,49.7,49.7,49.7,51.5,False,2009-01-30,2009,2013-10-01,2013-07-01,2010-01-26,0.9883641341546886,N,N,,2010-02-01
293,Red Shield Acquisition - Biomass,G,True,,in service,C,WDS,All other,ST,ME,False,Penobscot,ME,BHE's Line 5 - 46 kV,F,CNR,13.0,0.0,13.0,16.0,True,2009-01-30,2009,2009-07-20,,,0.4681724845995893,N,N,,2010-05-19
293,Red Shield Acquisition - Hydro,G,True,,in service,C,WAT,All other,HD,ME,False,Penobscot,ME,BHE's Line 5 - 46 kV,F,CNR,5.0,0.0,5.0,5.0,True,2009-01-30,2009,2009-07-20,,,0.4681724845995893,N,N,,2010-05-19
294,Wind,G,True,,withdrawn,W,WND,All other,WT,RI,False,Washington,RI,NGRID 34.5 kV 3302 line,F,NS,20.0,20.0,20.0,20.0,False,2009-02-05,2009,2012-06-30,2012-04-30,2009-05-07,0.24914442162902123,N,N,,2015-07-29
295,Combined Cycle,G,True,,withdrawn,W,NG,All other,CC,MA,True,Plymouth,SEMA,345 kV 322 Line,F,CNR,898.0,898.0,898.0,1012.0,False,2009-02-09,2009,2015-03-01,2014-09-01,2009-05-08,0.24093086926762491,N,N,,2015-07-29
296,Biomass,G,True,,withdrawn,W,WDS,All other,ST,VT,False,Windsor,VT,CVPS 46 kV circuit in Springfield Area,N,MIS,30.0,30.0,30.0,30.0,False,2009-02-20,2009,2011-05-01,2011-03-01,2009-07-30,0.4380561259411362,N,N,,2009-07-31
296,Wind Farm,G,True,,withdrawn,W,WND,All other,WT,VT,False,Chittenden,VT,CVPS 34.5 kV Fairfax - Milton line,N,NA,12.0,12.0,12.0,12.0,False,2009-02-23,2009,2010-12-31,2010-12-31,,,N,N,,2010-05-19
296,Salem Harbor 2 Exciter Replacement,G,True,,in service,C,BIT,All other,ST,MA,True,Essex,BOST,Salem Switchyard,F,NA,0.0,0.0,0.0,0.0,True,2009-03-20,2009,2009-11-15,2009-11-15,,0.6570841889117043,Y,Y,Executed,2013-03-20
297,Wind,G,True,,withdrawn,W,WND,All other,WT,ME,False,Aroostook,BHE,"MEPCO Line at Haynesville, ME",F,CNR,201.6,201.6,201.6,201.6,False,2009-03-25,2009,2013-10-01,2013-07-01,2012-01-09,2.7926078028747434,N,N,,2012-01-11
298,Wind Uprate (see QP290),G,True,,withdrawn,W,,All other,WT,ME,False,Oxford,ME,CMP Woodstock Station,F,NR,1.5,1.5,1.5,1.5,False,2009-04-15,2009,2010-11-30,2010-09-30,2009-05-12,0.07392197125256673,N,N,,2009-05-12
299,Seabrook PSS Enabling,G,True,,in service,C,NUC,All other,ST,NH,False,Rockingham,NH,345 kV Seabrook substation,F,CNR,0.0,0.0,0.0,0.0,True,2009-05-11,2009,2009-11-01,2009-11-01,,0.47638603696098564,Y,Y,Executed,2012-04-10
300,Canton Mountain Winds,G,True,,in service,C,WND,All other,WT,ME,False,Oxford,ME,229 Line near Riley Substation,F,NR,19.25,19.25,19.25,19.25,False,2009-05-14,2009,2017-11-29,2017-10-18,,8.544832306639288,Y,Y,Executed,2017-11-29
301,Dundee Wind Increase,G,True,,in service,C,WND,All other,WT,ME,False,Penobscot,BHE,BHE Keene Rd Substation,F,NR,3.9,3.9,3.9,3.9,False,2009-05-28,2009,2011-07-26,2011-05-01,,2.1601642710472277,Y,Y,,2015-11-19
302,Wind Alternative (see 272),G,True,,withdrawn,W,WND,All other,WT,ME,False,Aroostook,BHE,BHE/MEPCO Line,F,CNR,150.0,0.0,150.0,150.0,True,2009-06-16,2009,2012-12-31,2012-09-01,2011-04-26,1.8590006844626967,N,N,,2011-04-26
303,Biomass,G,True,,withdrawn,W,,All other,ST,ME,False,Androscoggin,ME,TBD,F,NR,9.5,9.5,9.5,9.5,False,2009-06-24,2009,,,2009-07-10,0.04380561259411362,N,N,,2009-09-28
303,Biomass,G,True,,withdrawn,W,WDS,All other,ST,ME,False,Cumberland,SME,Rigby/Pleasant Hill 34.5 kV Line,F,NR,7.6,7.6,7.6,7.6,False,2009-06-23,2009,2010-03-01,2010-02-16,2009-08-18,0.15331964407939766,N,N,,2009-08-20
304,Biomass,G,True,,withdrawn,W,WDS,All other,IC,ME,False,Cumberland,SME,CMP Moshers 34.5 kV,F,CNR,4.9,4.9,4.9,4.9,False,2009-07-06,2009,2012-04-30,2012-01-30,2009-09-16,0.1971252566735113,N,N,,2009-09-28
305,Wind,G,True,,withdrawn,W,WND,All other,WT,NH,False,Grafton/Merrimack,NH,Pemigewassett 115 kV Substation,F,CNR,66.0,66.0,66.0,66.0,False,2009-07-10,2009,2012-12-31,2012-10-01,2011-07-29,2.0506502395619437,N,N,,2011-07-29
305,Wind (non-FERC alternative),G,True,,withdrawn,W,WND,All other,WT,NH,False,Grafton/Merrimack,NH,Pemigewassett 34.5 kV Substation,N,NA,66.0,0.0,66.0,66.0,True,2009-07-10,2009,2012-12-31,2012-10-01,,,N,N,,2011-07-29
305,Internal Combustion,G,True,,withdrawn,W,DFO,All other,IC,MA,True,Dukes,SEMA,NSTAR 23 kV Edgartown0Vineyard Haven Rd Line,F,CNR,15.5,10.0,15.5,15.5,False,2009-07-10,2009,2013-05-31,2013-04-30,2009-10-20,0.2792607802874743,N,N,,2015-11-19
306,Hydro,G,True,,withdrawn,W,WAT,All other,HD,MA,True,Hampden,WMA,HG&E Prospect 24B substation,F,CNR,3.35,3.35,3.35,3.35,False,2009-07-13,2009,2014-04-01,2014-01-01,2010-08-04,1.0595482546201231,N,N,,2010-08-04
306,Overflow #3,G,True,,withdrawn,W,WAT,All other,HD,MA,True,Hampden,WMA,HG&E Holyoke Substation,F,CNR,0.5,0.5,0.5,0.5,False,2009-07-13,2009,2013-11-30,2013-10-31,,,N,N,,2013-01-18
307,Wind Expansion,G,True,,withdrawn,W,WND,All other,WT,ME,False,Franklin,ME,Section 267,F,NR,45.0,45.0,45.0,45.0,False,2009-07-14,2009,2011-10-31,2011-09-01,2009-09-10,0.15879534565366188,N,N,,2009-09-28
307,Diesel,G,True,,withdrawn,W,DFO,All other,IC,VT,False,Essex,VT,NGRID 34.5 kV Moore/Gilman Line,F,CNR,9.125,9.125,9.125,9.125,False,2009-07-14,2009,2013-05-30,2013-04-01,2012-05-30,2.8774811772758384,Y,N,,2012-05-30
308,Wind,G,True,,withdrawn,W,WND,All other,WT,RI,False,Washington,RI,NGRID 3302 Feeder,F,NR,28.8,28.8,28.8,28.8,False,2009-08-28,2009,2012-12-31,2012-09-30,2011-08-08,1.943874058863792,N,N,,2011-08-08
309,Hydro Uprate,G,True,,withdrawn,W,WAT,All other,HD,ME,False,Lewiston,ME,CMP Gulf Island 115 kV,F,CNR,34.038,0.975,34.038,34.038,False,2009-09-01,2009,2009-12-01,2009-11-01,2009-09-28,0.07392197125256673,N,N,,2009-09-28
310,Kibby Wind Expansion,G,True,,withdrawn,W,WND,All other,WT,ME,False,Franklin,ME,Section 267 to CMP Bigalow,F,CNR,33.0,33.0,33.0,33.0,False,2009-09-10,2009,2014-10-15,2014-09-01,2012-11-15,3.1813826146475015,Y,Y,Executed,2012-11-15
311,Kingdom Community Wind,G,True,,in service,C,WND,All other,WT,VT,False,Orleans,VT,VEC Lowell 46 kV station,F,CNR,61.5,61.5,61.5,61.5,False,2009-09-15,2009,2012-11-16,2012-08-29,,3.1704312114989732,Y,Y,IA Filed Unexecuted,2012-11-19
312,Biomass,G,True,,withdrawn,W,WDS,All other,ST,NH,False,Cheshire,NH,PSNH 34.5 kV to Winchester substation,F,CNR,20.0,20.0,20.0,20.0,False,2009-09-18,2009,2013-10-30,2013-06-30,2011-10-18,2.080766598220397,N,N,,2011-10-19
313,Gulf Island Unit 1 Increase,G,True,,in service,C,WAT,All other,HW,ME,False,Androscoggin,SME,CMP Gulf Island 115 kV,F,CNR,33.945,0.975,33.945,34.175,False,2009-10-08,2009,2012-08-24,2012-08-23,,2.8774811772758384,N,Y,,2012-09-12
313,Gulf Island Unit 3 Increase,G,True,,in service,C,WAT,All other,HW,ME,False,Androscoggin,SME,CMP Gulf Island 115 kV,F,CNR,34.514,0.569,34.514,34.744,False,2009-10-08,2009,2011-04-26,2010-12-18,,1.5468856947296372,N,Y,,2011-05-10
314,RNS Application,TS,False,,withdrawn,W,N/A,All other,NA,ME,False,Aroostook,BHE,N/A,F,N/A,,,,,False,2009-10-16,2009,2011-12-01,,,,N,N,,2010-01-27
314,400 MW 150 kV HVDC Line,ETU,False,,withdrawn,W,N/A,All other,NA,VT,False,Colchester,VT,"NYPA 230.115 kV substation in Plattsburg, NY to near VELCO 345 kV New Haven Substation",F,N/A,,,,,False,2009-10-16,2009,2018-06-01,2018-06-01,2015-02-16,5.336071184120465,N,N,,2015-02-17
314,Combined Cycle,G,True,,withdrawn,W,NG,All other,CC,MA,True,Plymouth,SEMA,NSTAR 127 and 128 Lines or new 115 kV,F,CNR,410.0,410.0,410.0,455.0,False,2009-10-16,2009,2015-05-01,2014-12-01,2009-12-02,0.12867898699520877,N,N,,2009-12-03
315,Cresent Hydroelectric Project Uprate,G,True,,in service,C,WAT,All other,HD,MA,True,Hampden,WMA,WMECO 19J1 23 kV line,F,CNR,1.667,0.667,1.667,1.667,False,2009-10-20,2009,2012-06-08,,,2.6338124572210813,N,N,Executed,2012-06-15
316,Red Shield Acquisition #5,G,True,,in service,C,NG WDS,All other,GT,ME,False,Penobscot,ME,BHE Line 5 - 46  kV,F,CNR,26.15,9.5,26.15,27.25,False,2009-11-02,2009,2010-10-04,2010-09-15,,0.919917864476386,Y,Y,,2011-01-10
317,Bull Hill Wind Phase I,G,True,,in service,C,WND,All other,WT,ME,False,Hancock,BHE,BHE Line 66,F,NR,34.485,34.485,34.485,34.485,False,2009-11-04,2009,2012-10-31,2012-10-04,,2.9897330595482545,Y,Y,Executed,2013-02-05
317,Wind,G,True,,withdrawn,W,WND,All other,WT,ME,False,Hancock,BHE,BHE Line 66,F,CNR,81.0,46.8,81.0,81.0,False,2009-11-04,2009,2013-12-31,2013-10-01,2011-08-22,1.7960301163586585,N,N,,2011-08-22
318,Algonquin Power Windsor Locks Cogeneration Facilit,G,True,,in service,C,DFO NG,All other,GT,CT,False,Hartford,CT,CL&P Windsor Locks Substation,N,CNR,47.5,0.0,47.5,47.5,True,2009-11-24,2009,2010-04-14,2010-04-14,,0.3860369609856263,N,N,,2010-05-13
319,Power Station Increase,G,True,,withdrawn,W,NUC,All other,ST,CT,False,New London,CT,CL&P Millstone 345 kV substation,F,CNR,1253.0,29.0,1253.0,1260.0,False,2009-12-14,2009,2011-11-30,2011-11-20,2011-06-09,1.483915126625599,N,N,,2011-06-09
320,Combined Cycle Repowering,G,True,,withdrawn,W,DFO NG,All other,CC,CT,False,Fairfield,NOR,Norwalk Harbor 115 kV station,F,CNR,0.0,0.0,0.0,0.0,True,2009-12-15,2009,2014-06-01,2014-01-01,2011-10-31,1.8754277891854894,N,N,,2011-11-01
321,Rumford Falls Unit #3 increase,G,True,,in service,C,WAT,All other,HD,ME,False,Oxford,ME,CMP 115 kV Rumford Substation,F,CNR,44.1,1.3,44.1,44.1,False,2009-12-24,2009,2010-06-01,2010-06-01,,0.4353182751540041,N,N,,2014-05-07
322,345 kV Tie Line,ETU,False,,withdrawn,W,N/A,All other,NA,ME,False,N/A,BHE,Houlton to MEPCO Line,F,N/A,,,,,False,2009-12-28,2009,2012-07-01,,2011-06-29,1.5003422313483916,N,N,,2011-06-29
323,Wind Increase (see QP290),G,True,,withdrawn,W,WND,All other,WT,ME,False,Oxford,ME,CMP Woodstock Substation,F,CNR,20.0,2.0,20.0,20.0,False,2010-01-21,2010,2010-12-30,2010-09-30,2010-07-29,0.5174537987679672,N,N,,2010-07-30
323,Spruce Mountain Wind Increase,G,True,,in service,C,WND,All other,WT,ME,False,Oxford,ME,CMP Woodstock substation,N,NA,20.0,2.0,20.0,20.0,False,2010-01-21,2010,2011-12-21,2011-11-30,,1.9137577002053388,N,Y,,2011-12-21
324,345kV Tie Line - Part 1,ETU,False,,withdrawn,W,N/A,All other,NA,ME,False,N/A,BHE,"Houlton, ME to MEPCO Line",F,N/A,,,,,False,2010-01-22,2010,2016-12-01,2016-09-01,2015-02-16,5.06776180698152,N,N,,2015-02-17
324,345 kV Tie Line - Part 2,ETU,False,,withdrawn,W,N/A,All other,NA,ME,False,N/A,BHE,"MEPCO to Bridgewater, ME",F,N/A,,,,,False,2010-01-22,2010,2016-12-31,2016-09-01,2015-02-16,5.06776180698152,N,N,,2015-02-17
325,Wind,G,True,,withdrawn,W,WND,All other,WT,RI,False,Washington,RI,GRID Brayton Point 345 kV substation,F,NR,535.5,535.5,535.5,535.5,False,2010-02-10,2010,2015-12-31,2014-09-30,2011-09-19,1.6043805612594113,N,N,,2011-09-19
326,Solar,G,True,,withdrawn,W,SUN,Solar,PV,MA,True,Hampden,WMA,GRID 69 kV N-14 Line,F,CNR,19.92,19.92,19.92,19.92,False,2010-04-08,2010,2012-06-01,2012-04-01,2010-07-26,0.29842573579739906,N,N,,2010-07-19
327,Wind,G,True,,withdrawn,W,WND,All other,WT,ME,False,Penobscot/Washington,BHE,BHE Keene Rd Substation,F,NR,48.0,48.0,48.0,48.0,False,2010-05-04,2010,2016-09-01,2016-06-01,2014-08-25,4.309377138945927,Y,Y,In Progress,2014-08-26
328,Douglas Woods Wind Units 1-11,G,True,,withdrawn,W,WND,All other,WT,MA,True,Worcester,WMA,GRID 69 kV S19 at E. Webster Substation,F,NR,27.5,27.5,27.5,27.5,False,2010-05-06,2010,2014-10-01,2014-08-01,2013-09-05,3.3347022587268995,Y,Y,,2020-06-09
328,Douglas Woods Wind Unit 12,G,True,,withdrawn,W,WND,All other,WT,MA,True,Worcester,WMA,GRID 69 kV S19 at E. Webster Substation,F,NR,30.0,2.5,30.0,30.0,False,2010-05-06,2010,2014-10-01,2014-08-01,2013-09-05,3.3347022587268995,Y,Y,,2020-06-09
329,Georgia Mountain Community Wind,G,True,,in service,C,WND,All other,WT,VT,False,Chittenden,VT,CVPS 34.5 kV Fairfax - Milton Line,F,CNR,10.0,10.0,10.0,10.0,False,2010-05-07,2010,2012-12-31,2012-12-20,,2.652977412731006,Y,Y,Executed,2012-12-27
330,Fair Haven Biomass,G,True,,withdrawn,W,WDS,All other,ST,VT,False,Rutland,VT,CVPS 46 kV Castleton - Fair Haven,F,NR,33.0,33.0,33.0,33.3,False,2010-05-10,2010,2016-03-30,2016-01-29,2015-06-09,5.08145106091718,Y,Y,Executed,2015-06-09
331,Kendall #3 Back Pressure Steam Turbine,G,True,,in service,C,DFO NG,All other,ST,MA,True,Middlesex,BOST,115 kV Line 875-539 to NSTAR 875 substation,F,CNR,28.5,7.5,28.5,28.4,False,2010-05-13,2010,2016-05-31,2016-05-31,,6.050650239561944,N,Y,Executed,2016-05-31
331,Waterbury Generation Increase,G,True,,in service,C,NG,All other,GT,CT,False,New Haven,SWCT,CL&P Baldwin 115 kV substation,F,CNR,103.6,7.5,103.6,103.0,False,2010-05-13,2010,2010-10-12,2010-09-30,,0.4161533196440794,N,Y,Executed,2011-01-10
332,RISEP Increase,G,True,,in service,C,NG,All other,CC,RI,False,Providence,RI,115 kV RISE substation,F,NR,613.0,66.0,613.0,625.0,False,2010-05-13,2010,2012-11-12,2011-11-15,,2.5023956194387407,Y,Y,Executed,2013-02-19
333,Bingham Wind,G,True,,in service,C,WND,All other,WT,ME,False,Somerset,ME,CMP Guilford Substation,F,CNR,184.8,184.8,184.8,184.8,False,2010-05-14,2010,2016-12-13,2016-08-15,,6.584531143052704,Y,Y,Executed,2016-12-13
334,Wind,G,True,,withdrawn,W,WND,All other,WT,MA,True,Hampden,WMA,Section #175 115kV line from Palmer to Little Rest,F,CNR,30.0,30.0,30.0,30.0,False,2010-05-14,2010,2012-12-31,2012-10-01,2011-03-17,0.840520191649555,N,N,,2011-03-21
335,Biomass,G,True,,withdrawn,W,WDS,All other,ST,ME,False,Hancock,ME,CMP 115 kV,F,CNR,18.1,18.1,18.1,18.1,False,2010-05-14,2010,2012-03-01,2012-02-01,2011-06-30,1.1279945242984257,Y,N,,2011-06-30
336,Manchester Street Station increase,G,True,,in service,C,NG,All other,CC,RI,False,Providence,RI,GRID 115 kV Franklin substation,F,CNR,471.0,0.0,471.0,492.0,True,2010-05-14,2010,2010-08-02,,,0.2190280629705681,N,N,,2010-08-04
337,"Verso Androscoggin Energy Cogen 1, 2, & 3 Increase",G,True,,in service,C,KER NG,All other,CC,ME,False,Franklin,ME,CMP Section 227,F,CNR,147.0,26.0,147.0,180.0,False,2010-05-14,2010,2012-01-13,,,1.6673511293634498,Y,Y,,2012-01-20
338,Wind,G,True,,withdrawn,W,WND,All other,WT,NH,False,Hillsborough,NH,PSNH 34.5 kV 3140 Circuit,N,NA,18.0,0.0,18.0,18.0,True,2010-05-14,2010,2013-12-03,2013-11-02,2012-11-19,2.518822724161533,N,N,,2012-11-19
339,Exciter Upgrades,G,True,,withdrawn,W,NG,All other,CC,RI,False,Providence,RI,GRID 115 kV Franklin substation,F,NA,441.0,0.0,441.0,492.0,True,2010-06-09,2010,2011-03-07,2011-02-13,2010-07-21,0.11498973305954825,N,N,,2010-07-22
340,Biomass,G,True,,withdrawn,W,WDS,All other,ST,VT,False,Bennington,VT,CVPS East Pownal to Bennington 46 KV line,F,CNR,33.0,33.0,33.0,33.3,False,2010-06-24,2010,2013-03-31,2012-12-31,2011-03-28,0.758384668035592,N,N,,2011-03-31
341,HVDC Line,ETU,False,,withdrawn,W,N/A,All other,NA,MA,True,N/A,BOST,MEPCO 345kV at Haynesville or MPC 345 kV/NSTAR 345,F,N/A,0.0,0.0,,,True,2010-07-19,2010,2014-12-31,2014-12-31,2013-11-15,3.326488706365503,N,N,,2013-11-15
342,Manchester Street Station Exciter Upgrades & incre,G,True,,in service,C,NG,All other,CC,RI,False,Providence,RI,GRID 115 kV Franklin substation,F,CNR,483.0,12.0,483.0,510.0,False,2010-07-21,2010,2011-06-14,2011-02-13,,0.8980150581793293,Y,Y,,2011-06-09
343,Operating change,G,True,,withdrawn,W,NUC,All other,ST,MA,True,Plymouth,SEMA,NSTAR 342 & 355 Line/345 switchyard,F,NA,0.0,0.0,0.0,0.0,True,2010-08-10,2010,,,2012-03-21,1.6125941136208077,N,N,,2012-03-21
344,Mass Power Increase,G,True,,in service,C,NG,All other,CC,MA,True,Hampden,WMA,NU 115 kV Shawanigan,F,CNR,256.3,5.0,256.3,279.89,False,2010-09-07,2010,2011-09-30,2011-09-30,,1.0622861054072552,N,Y,,2011-09-30
345,Groton Wind Farm,G,True,,in service,C,WND,All other,WT,NH,False,Grafton,NH,PSNH Beebe River 115 kV Substation,F,CNR,48.0,48.0,48.0,48.0,False,2010-09-08,2010,2012-12-28,2012-10-31,,2.305270362765229,Y,Y,,2012-12-27
346,Burgess BioPower Increase,G,True,,in service,C,WDS,All other,ST,NH,False,Coos,NH,PSNH Eastside (Berlin) Substation,F,CNR,67.5,9.0,67.5,67.5,False,2010-10-01,2010,2014-06-17,2013-10-25,,3.7097878165639973,Y,Y,Executed,2015-04-07
347,Bucksport G5,G,True,,in service,C,WDS,All other,ST,ME,False,Hancock,ME,CMP 115 kV,F,NR,25.0,25.0,25.0,25.0,False,2010-10-07,2010,2012-11-15,2012-10-25,,2.108145106091718,Y,Y,Executed,2014-02-13
348,1090 MW HVDC Tie - Import Only,ETU,False,,withdrawn,W,N/A,All other,NA,NH,False,N/A,NH,HQ Des Cantons substation to PSNH Deerfield substa,F,N/A,,,,,False,2010-10-13,2010,2018-06-01,2018-05-01,2015-02-16,4.344969199178645,Y,Y,,2015-02-17
349,Pisgah Mountain,G,True,,in service,C,WND,All other,WT,ME,False,Penobscot,BHE,BHE Line 66,F,NR,9.0,9.0,9.0,9.0,False,2010-10-20,2010,2016-12-16,2016-11-01,,6.157426420260096,Y,Y,Executed,2016-12-16
350,Wind,G,True,,withdrawn,W,WND,All other,WT,ME,False,Somerset,ME,CMP Wyman substation,F,NR,96.9,96.9,96.9,96.9,False,2010-11-10,2010,2016-12-31,2016-10-01,2015-10-05,4.900752908966461,Y,N,,2015-10-05
350,Wind,G,True,,withdrawn,W,WND,All other,WT,ME,False,Washington,BHE,BHE Washington County 115 kV substation,F,NR,92.25,92.25,92.25,92.25,False,2010-11-10,2010,2015-12-31,2015-10-01,2013-11-15,3.0143737166324436,N,N,,2015-10-01
351,Gulf Island Unit 2 Increase,G,True,,in service,C,WAT,All other,HW,ME,False,Androscoggin,SME,CMP Gulf Island 115 kV,F,CNR,38.915,4.4,38.915,38.915,False,2010-12-03,2010,2011-04-26,2011-04-26,,0.3942505133470226,N,Y,,2012-01-11
352,Salem Harbor Station Increase,G,True,,in service,C,BIT RFO,All other,ST,MA,True,Essex,BOST,Salem Switchyard,F,CNR,750.58,8.0,750.58,753.07,False,2010-12-14,2010,,,,,N,N,,2011-05-26
353,Wind,G,True,,withdrawn,W,WND,All other,WT,MA,True,Plymouth,SEMA,NSTAR 115 kV Valley substation,F,CNR,9.9,9.9,9.9,9.9,False,2010-12-21,2010,2013-12-31,2013-11-30,2012-08-08,1.6317590691307324,Y,N,,2012-08-08
353,Wind,G,True,,withdrawn,W,WND,All other,WT,MA,True,Barnstable,SEMA,NSTAR 115 kV Valley substation,F,CNR,14.9,14.9,14.9,14.9,False,2010-12-21,2010,2012-11-30,2012-10-31,2011-06-07,0.459958932238193,N,N,,2011-06-09
354,Combined Cycle Increase,G,True,,withdrawn,W,DFO NG,All other,CC,MA,True,Berkshire,WMA,WMECO Doreen 19A Substation,F,CNR,157.3,20.2,157.3,185.2,False,2011-01-12,2011,2011-04-01,,2011-02-04,0.06297056810403832,N,N,,2011-02-07
355,HVDC Tie,ETU,False,,withdrawn,W,N/A,All other,NA,,False,N/A,,UI Singer 345 kV substation to LIPA Pt Jefferson 1,F,N/A,,,,,False,2011-01-27,2011,2016-06-30,,2012-12-04,1.8535249828884326,N,N,,2012-12-04
356,Altresco Increase (winter),G,True,,in service,C,DFO NG,All other,CC,MA,True,Berkshire,WMA,WMECO Doreen 19A substation,F,CNR,160.0,0.0,160.0,192.5,True,2011-02-04,2011,2012-06-29,,,1.3990417522245038,Y,Y,,2012-06-26
357,Passadumkeag Windpark,G,True,,in service,C,WND,All other,WT,ME,False,Penobscot,BHE,BHE 115 kV between Enfield and James River Substat,F,NR,39.975,39.975,39.975,39.975,False,2011-02-24,2011,2016-05-23,2016-04-12,,5.242984257357974,Y,Y,Executed,2016-07-01
358,Hydro,G,True,,withdrawn,W,WAT,All other,HD,ME,False,Penobscot,BHE,BHE Orono 12.5 kV substation,F,CNR,3.858,3.858,3.858,3.858,False,2011-03-04,2011,2012-08-15,2012-08-01,2011-04-11,0.10403832991101986,N,N,,2011-04-12
358,Medway Hydro Expansion,G,True,,in service,C,WAT,All other,HD,ME,False,Penobscot,BHE,BHE Medway substation,F,CNR,4.003,0.6,4.003,4.003,False,2011-03-04,2011,2012-04-04,2012-04-04,,1.0869267624914443,Y,Y,Executed,2016-10-26
358,Hydro,G,True,,withdrawn,W,WAT,All other,HD,ME,False,Penobscot,BHE,BHE Stillwater 12.5 kV substation,F,CNR,2.274,2.274,2.274,2.274,False,2011-03-04,2011,2012-08-15,2012-08-01,2011-10-05,0.5886379192334018,N,N,,2011-10-06
358,Milford Hydro Expansion,G,True,,in service,C,WAT,All other,HD,ME,False,Penobscot,BHE,BHE Milford Substation,F,CNR,8.9,2.5,8.9,8.9,False,2011-03-04,2011,2011-11-04,2011-11-01,,0.6707734428473648,Y,Y,Executed,2011-11-17
359,Bear Swamp AVR/PSS Unit 1,G,True,,in service,C,WAT,All other,PS,MA,True,Franklin and Bershire,WMA,Bear Swamp 230 kV substation,F,CNR,0.0,0.0,0.0,0.0,True,2011-03-07,2011,2012-03-08,2012-03-06,,1.0047912388774811,Y,Y,,2012-03-09
359,Bear Swamp AVR/PSS Unit 2,G,True,,in service,C,WAT,All other,PS,MA,True,Franklin and Berkshire,WMA,GRID Bear Swamp 230 kV substation,F,CNR,0.0,0.0,0.0,0.0,True,2011-03-07,2011,2011-07-13,2011-06-30,,0.35044490075290896,Y,Y,,2020-06-09
360,Woronoco Hydro CNR,G,True,,in service,C,WAT,All other,HD,MA,True,Hampden,WMA,WMECO 23 kV,F,CNR,2.7,0.0,2.7,2.7,True,2011-03-14,2011,2012-01-06,,,0.8158795345653662,N,N,,2012-01-11
360,Turners Falls Hydro CNR,G,True,,in service,C,WAT,All other,HD,MA,True,Franklin,WMA,WMECO 13.8 kV,F,NR,0.95,0.0,0.95,0.95,True,2011-03-14,2011,2012-05-29,2012-05-29,,1.2101300479123889,N,N,,2015-01-13
360,Indian River Power Supply CNR,G,True,,in service,C,WAT,All other,HD,MA,True,Hampden,WMA,WMECO 23 kV circuit,F,CNR,1.3,0.0,1.3,1.3,True,2011-03-14,2011,2011-08-02,,,0.3860369609856263,N,N,,2011-08-03
361,Grandpas Knob Wind,G,True,,withdrawn,W,WND,All other,WT,VT,False,West Rutland,VT,VELCO W Rutland 115 kV Substation,F,NR,20.0,20.0,20.0,20.0,False,2011-03-14,2011,2016-12-31,2016-09-30,2014-05-19,3.1813826146475015,Y,Y,Executed,2014-05-19
362,Milford Hydro Expansion Increase (Q358),G,True,,in service,C,WAT,All other,HD,ME,False,Penobscot,BHE,BHE Milford substation,F,CNR,9.083,0.183,9.083,9.083,False,2011-03-22,2011,2011-11-04,2011-11-01,,0.621492128678987,Y,Y,,2011-11-17
363,Solar,G,True,,withdrawn,W,SUN,Solar,PV,MA,True,Bristol,SEMA,NSTAR 115 kV or 13.2 kV,F,CNR,6.0,6.0,6.0,6.0,False,2011-03-31,2011,2012-12-31,2012-09-30,2011-07-29,0.32854209445585214,N,N,,2011-07-29
364,Solar,G,True,,withdrawn,W,SUN,Solar,PV,MA,True,Hampden,WMA,GRID 69kV N-14 Line,F,CNR,4.92,4.92,4.92,4.92,False,2011-04-07,2011,2012-03-31,2012-03-01,2011-05-18,0.11225188227241616,N,N,,2011-05-26
365,Bridgeport Harbor #3 CNR Increase,G,True,,in service,C,DFO SUB,All other,ST,CT,False,Fairfield,SWCT,UI Pequonnock 115 kV substation,F,CNR,385.0,5.0,385.0,385.0,False,2011-04-27,2011,2011-10-31,,,0.5119780971937029,N,Y,,2011-11-14
366,Wyman Hydro Uprate U2,G,True,,in service,C,WAT,All other,HW,ME,False,Somerset,ME,CMP 115 kV Wyman,F,CNR,29.9,0.0,29.9,29.9,True,2011-05-23,2011,2015-03-23,2015-03-23,,3.8329911019849416,Y,Y,Executed,2015-03-25
366,Wyman Hydro Uprate U1,G,True,,in service,C,WAT,All other,HW,ME,False,Somerset,ME,CMP 115 kv Wyman,F,CNR,30.0,2.5,30.0,30.0,False,2011-05-23,2011,2016-03-30,2016-03-24,,4.854209445585216,Y,Y,Executed,2016-03-30
366,Wyman Hydro Uprate U3,G,True,,in service,C,WAT,All other,HW,ME,False,Somerset,ME,CMP 115 kV Wyman,F,CNR,30.0,4.3,30.0,30.0,False,2011-05-23,2011,2016-03-30,2016-03-24,,4.854209445585216,Y,Y,Executed,2016-03-30
367,Kingdom Community Wind Increase (see Q311),G,True,,in service,C,WND,All other,WT,VT,False,Orleans,VT,VEC Lowell 46 kV station,F,CNR,64.575,3.075,64.575,64.575,False,2011-05-26,2011,2012-12-16,2012-08-29,,1.5605749486652978,Y,Y,Executed,2012-11-19
368,Wind,G,True,,withdrawn,W,WND,All other,WT,NH,False,Hillsborough,NH,PSNH 7.2 kV to Milford Substation,F,CNR,10.0,10.0,10.0,10.0,False,2011-05-27,2011,2012-09-30,2012-09-01,2011-08-23,0.24093086926762491,N,N,,2014-06-10
368,Wind,G,True,,withdrawn,W,WND,All other,WT,NH,False,Hillsborough,NH,PSNH 34.5 kV to Monadnock substation,F,CNR,16.1,16.1,16.1,16.1,False,2011-05-27,2011,2014-10-31,2014-10-01,2013-07-25,2.16290212183436,Y,Y,,2013-07-25
369,Combined Cycle,G,True,,withdrawn,W,NG,All other,CC,CT,False,Fairfield,NOR,NU 345 kV Line,F,CNR,745.0,745.0,745.0,775.0,False,2011-06-08,2011,2016-06-01,2016-01-01,2011-11-28,0.4736481861738535,N,N,,2011-11-29
370,Shepaug AVR Upgrade,G,True,,in service,C,WAT,All other,HW,CT,False,New Haven,SWCT,CL&P 69 kV bus at Shepaug,F,CNR,0.0,0.0,0.0,0.0,True,2011-07-01,2011,2012-10-16,2012-09-23,,1.2950034223134839,Y,Y,,2012-10-15
371,Wind,G,True,,withdrawn,W,WND,All other,WT,NH,False,Hillsborough,NH,PSNH L163 115 kV,F,CNR,33.0,33.0,33.0,33.0,False,2011-08-01,2011,2015-07-31,2015-06-30,2013-08-06,2.0150581793292264,Y,Y,,2013-08-06
372,Skelton Station Modernization Phase 1,G,True,,in service,C,WAT,All other,HD,ME,False,York,ME,CMP 34.5 kV Louden substation,F,CNR,21.083,1.083,21.083,21.083,False,2011-08-03,2011,2013-12-28,2013-12-19,,2.403832991101985,Y,Y,Executed,2014-01-07
372,Skelton Station Modernization Phase 2,G,True,,in service,C,WAT,All other,HD,ME,False,York,ME,CMP 34.5 kV Louden substation,F,CNR,22.2,1.083,22.2,22.2,False,2011-08-03,2011,2013-12-28,2013-12-14,,2.403832991101985,Y,Y,Executed,2014-01-07
373,CC Administrative Increase,G,True,,withdrawn,W,DFO NG,All other,CC,MA,True,Hampden,WMA,WMECO Ludlow 19S substation,F,CNR,478.0,0.0,478.0,550.0,True,2011-08-12,2011,,,2012-09-21,1.111567419575633,N,N,,2012-09-21
374,Brayton Pt. 1 Exciter Replacement,G,True,,in service,C,BIT,All other,ST,MA,True,Bristol,RI,GRID 345 kV Brayton Pt Switchyard,F,CNR,0.0,0.0,0.0,0.0,True,2011-08-24,2011,2012-05-20,2012-05-12,,0.7392197125256673,Y,Y,Executed,2012-06-07
374,Brayton Pt. 2 Exciter Replacement,G,True,,withdrawn,W,BIT,All other,ST,MA,True,Bristol,RI,GRID 345 kV Brayton Pt Switchyard,F,CNR,0.0,0.0,0.0,0.0,True,2011-08-24,2011,2014-05-30,2014-05-22,2013-12-04,2.2806297056810405,Y,Y,Executed,2014-01-28
375,Wind,G,True,,withdrawn,W,WND,All other,WT,NH,False,Merrimack/Grafton,NH,GRID Comerford/Merrimack 230 kV Line,F,CNR,80.0,80.0,80.0,80.0,False,2011-09-07,2011,2014-12-31,2014-09-30,2013-09-27,2.0561259411362083,N,N,,2013-09-27
376,Algonquin Power Windsor Locks CNR Increase,G,True,,in service,C,NG,All other,IC,CT,False,Hartford,CT,CL&P Windsor Locks 23 kV Substation,F,CNR,0.0,0.0,0.0,0.0,True,2011-09-08,2011,2012-07-20,2012-06-28,,0.865160848733744,Y,Y,,2012-07-30
377,Harrington Street PV Project (QF),G,True,,in service,C,SUN,Solar,PV,MA,True,Worcester,WMA,GRID 69 kV,N,NA,9.75,9.75,9.75,9.75,False,2011-09-14,2011,2016-12-23,2016-02-08,,5.27583846680356,Y,Y,,2016-12-23
378,HVDC Line,ETU,False,,withdrawn,W,N/A,All other,NA,MA,True,N/A,BOST,MEPCO 345 kV at Haynesville or MPC 345 KV/GRID 115,F,N/A,0.0,0.0,,,True,2011-10-18,2011,2015-12-31,2015-12-31,2013-11-15,2.078028747433265,N,N,,2013-11-15
379,CornerStone Power Monson 2,G,True,,withdrawn,W,SUN,Solar,PV,MA,True,Hampden,WMA,GRID 69 kV N14 Line,F,NR,4.92,4.92,4.92,4.92,False,2011-10-19,2011,2014-11-01,2014-10-15,2014-08-12,2.8145106091718,Y,Y,Executed,2014-09-02
379,CornerStone Power Monson 3,G,True,,withdrawn,W,SUN,Solar,PV,MA,True,Hampden,WMA,GRID 69 kV N14 Line,F,NR,4.92,4.92,4.92,4.92,False,2011-10-19,2011,2014-11-01,2014-10-15,2014-08-12,2.8145106091718,Y,Y,Executed,2014-09-02
380,1000 MW HVDC Line,ETU,False,,withdrawn,W,N/A,All other,NA,MA,True,N/A,SEMA,NSTAR Carver 345 kV,F,N/A,,,,,False,2011-11-10,2011,2020-06-01,2020-01-01,2015-02-16,3.268993839835729,N,N,,2015-02-17
380,1000 MW HVDC Line,ETU,False,,withdrawn,W,N/A,All other,NA,MA,True,N/A,SEMA,NSTAR Barnstable 345 kV,F,N/A,,,,,False,2011-11-10,2011,2020-06-01,2020-01-01,2015-02-16,3.268993839835729,N,N,,2015-02-17
381,Wind,G,True,,withdrawn,W,WND,All other,WT,ME,False,Lincoln,ME,CMP 34.5 kV Boothbay Substation,F,CNR,11.9,11.9,11.9,11.9,False,2011-11-14,2011,2017-09-15,2017-09-01,2013-10-21,1.9356605065023955,Y,N,,2013-10-21
382,Wind,G,True,,withdrawn,W,WND,All other,WT,ME,False,Oxford,ME,CMP 115 kV Rumford to Livermore Line,F,CNR,79.86,79.86,79.86,79.86,False,2011-12-05,2011,2014-10-31,2014-07-31,2012-11-20,0.9609856262833676,N,N,,2012-11-20
383,Wind,G,True,,withdrawn,W,WND,All other,WT,ME,False,Franklin,ME,CMP Roxbury substation,F,CNR,198.0,198.0,198.0,198.0,False,2011-12-22,2011,2016-10-31,2015-10-31,2013-07-26,1.593429158110883,N,N,,2013-07-26
384,CPV Towantic Energy Center,G,True,,in service,C,DFO NG,All other,CC,CT,False,New Haven,SWCT,CL&P 115 kV,F,CNR,745.0,745.0,745.0,775.0,False,2011-12-29,2011,2018-05-21,2018-01-24,,6.392881587953457,Y,Y,Executed,2018-05-21
385,Wind,G,True,,withdrawn,W,WND,All other,WT,VT,False,Calendonia and Essex,VT,VELCO 115 kV Lyndonville substation,F,CNR,60.0,60.0,60.0,60.0,False,2012-01-06,2012,2015-12-01,2015-09-01,2014-05-21,2.3709787816563996,N,N,,2014-05-21
386,Westbrook Energy Center Expansion,G,True,,in service,C,NG,All other,CC,ME,False,York,SME,CMP 115 kV Westbrook Substation,F,CNR,538.0,9.5,538.0,597.0,False,2012-01-12,2012,2013-01-31,2013-01-31,,1.054072553045859,Y,Y,Executed,2013-02-05
387,Gas Turbine Increase,G,True,,withdrawn,W,NG,All other,GT,CT,False,New Haven,SWCT,CMEEC 115kV Wallingford Substation,F,,250.0,13.5,250.0,250.0,False,2012-01-13,2012,2013-02-28,2013-02-28,2013-03-22,1.1882272416153319,N,Y,Executed,2013-03-26
387,Footprint Combined Cycle Unit,G,True,,in service,C,NG,All other,CC,MA,True,Essex,BOST,NGRID 115 kV Salem Harbor Substation,F,CNR,715.6,715.6,715.6,715.6,False,2012-01-13,2012,2018-05-31,2017-12-22,,6.379192334017796,Y,Y,Executed,2018-05-31
388,Combined Cycle,G,True,,withdrawn,W,NG,All other,CC,CT,False,Fairfield,SWCT,UI 115 kV or 345 kV,F,,680.0,680.0,680.0,700.0,False,2012-01-13,2012,2016-05-31,2016-03-01,2013-03-19,1.1800136892539357,N,N,,2013-03-26
389,Solar,G,True,,withdrawn,W,SUN,Solar,PV,CT,False,Fairfield,NOR,CL&P 115 kV Norwalk Harbor Substation,F,CNR,5.04,5.04,5.04,5.04,False,2012-01-17,2012,2013-05-31,2013-03-31,2012-03-23,0.1806981519507187,N,N,,2012-03-23
390,Spruce Ridge Wind Farm,G,True,,withdrawn,W,WND,All other,WT,NH,False,Grafton,NH,NGRID 230 kV Comerford/Dunbarton Line,F,NR,50.82,50.82,50.82,50.82,False,2012-01-30,2012,2017-10-31,2017-09-18,2017-04-10,5.193702943189596,Y,Y,Executed,2017-04-11
391,Weston Station Uprate U4,G,True,,in service,C,WAT,All other,HD,ME,False,Somerset,ME,CMP 34.5 kV Weston Substation,F,CNR,14.806,1.6,14.806,14.806,False,2012-02-02,2012,2015-07-31,2015-07-30,,3.490759753593429,Y,Y,Executed,2015-10-09
391,Weston Station AVR Replacement U2-4,G,True,,in service,C,WAT,All other,HD,ME,False,Somerset,ME,CMP 34.5 kV Weston Substation,F,CNR,14.806,0.0,14.806,14.806,True,2012-02-02,2012,2015-07-31,2015-07-30,,3.490759753593429,Y,Y,Executed,2015-10-09
391,Weston  Station GSU/AVR Replacement U1,G,True,,in service,C,WAT,All other,HD,ME,False,Somerset,ME,CMP 34.5 kV Weston Substation,F,CNR,14.806,0.0,14.806,14.806,True,2012-02-02,2012,2013-12-14,2013-12-14,,1.864476386036961,Y,Y,Executed,2013-12-17
392,Wind,G,True,,withdrawn,W,WND,All other,WT,NH,False,Coos,NH,PSNH 12.47 kV,F,CNR,2.7,2.7,2.7,2.7,False,2012-03-28,2012,2012-10-29,2012-10-15,2012-07-11,0.2874743326488706,N,N,,2012-07-23
393,Wind,G,True,,withdrawn,W,WND,All other,WT,ME,False,Somerset,ME,CMP 115 kV W. S. Wyman Hydro Substation,F,NR,84.0,84.0,84.0,84.0,False,2012-05-07,2012,2016-11-01,2016-10-01,2015-10-28,3.4743326488706368,N,N,,2015-10-28
394,Bridgeport Fuel Cell 2,G,True,,in service,C,NG,All other,FC,CT,False,Fairfield,SWCT,UI 13.8 kV New Congress I substation,N,NA,5.6,5.6,5.6,5.6,False,2012-07-25,2012,2013-12-22,2013-11-24,,1.4099931553730323,Y,Y,Executed,2013-12-23
394,Bridgeport Fuel Cell 3,G,True,,in service,C,NG,All other,FC,CT,False,Fairfield,SWCT,UI 13.8 kV New Congress II Substation,N,NA,4.15,4.15,4.15,4.15,False,2012-07-25,2012,2013-12-22,2013-11-24,,1.4099931553730323,Y,Y,Executed,2013-12-23
394,Bridgeport Fuel Cell I,G,True,,in service,C,NG,All other,FC,CT,False,Fairfield,SWCT,UI 13.8 kV Ash Creek substation,N,NA,5.6,5.6,5.6,5.6,False,2012-07-25,2012,2013-12-22,2013-11-24,,1.4099931553730323,Y,Y,Executed,2013-12-23
395,Solar,G,True,,withdrawn,W,SUN,Solar,PV,VT,False,Windham,VT,CVPS 46 kV,F,CNR,2.18,2.18,2.18,2.18,False,2012-07-30,2012,2013-06-01,2013-05-15,2012-10-24,0.23545516769336072,N,N,,2012-10-24
396,Berkshire Wind Increase,G,True,,in service,C,WND,All other,WT,MA,True,Berkshire,WMA,WMECO 23 kV from Partridge substation,F,NR,19.6,4.6,19.6,19.6,False,2012-08-28,2012,2019-11-19,2019-09-25,,7.225188227241615,Y,N,Executed,2020-01-07
397,Hancock Wind Project,G,True,,in service,C,WND,All other,WT,ME,False,Hancock,BHE,BHE Line 66 - Bull Hill substation,F,NR,51.0,51.0,51.0,51.0,False,2012-08-30,2012,2016-12-14,2016-10-01,,4.290212183436003,Y,Y,Executed,2016-12-14
398,Dighton Power Uprate,G,True,,in service,C,NG,All other,CC,MA,True,Bristol,SEMA,GRID 115 kV U6 Line,F,CNR,180.0,5.0,180.0,197.0,False,2012-09-04,2012,2013-12-05,2013-12-05,,1.2511978097193703,Y,Y,Executed,2013-11-15
399,Wind Increase,G,True,,withdrawn,W,WND,All other,WT,ME,False,Franklin,ME,CMP Ludden Lane Substation,F,CNR,34.2,1.2,34.2,34.2,False,2012-10-01,2012,2014-08-15,2014-06-02,2013-02-27,0.4079397672826831,N,N,,2013-02-27
400,Downeast Wind,G,True,,withdrawn,W,WND,All other,WT,ME,False,Washington,BHE,BHE Epping Substation,F,NR,90.0,90.0,90.0,90.0,False,2012-10-03,2012,2019-10-03,2019-07-18,2018-04-19,5.541409993155373,Y,Y,Executed,2018-04-19
401,Wind,G,True,,withdrawn,W,WND,All other,WT,ME,False,Washington,BHE,BHE Epping 115 kV substation or BHE 34.5 kV,F,CNR,19.8,19.8,19.8,19.8,False,2012-10-05,2012,2014-12-31,2014-11-30,2014-08-14,1.8562628336755647,N,N,,2014-12-11
402,Mechanicsville Hydro Increase,G,True,,in service,C,WAT,All other,HD,CT,False,Windham,CT,CL&P 23 kV at Mechanicsville,F,CNR,0.31,0.31,0.31,0.31,False,2012-10-16,2012,2013-03-01,2013-03-01,,0.3723477070499658,N,N,Executed,2014-01-17
403,Pisgah Mountain Increase (see Q349),G,True,,in service,C,WND,All other,WT,ME,False,Penobscot,BHE,BHE Line 66,F,NR,9.075,0.075,9.075,9.075,False,2012-12-06,2012,2016-12-16,2016-11-01,,4.027378507871321,N,N,Executed,2016-12-16
404,MATEP -3rd CTG,G,True,,in service,C,DFO NG,All other,GT,MA,True,Suffolk,BOST,NSTAR Brighton substation,F,CNR,100.0,14.15,100.0,105.6,False,2013-01-08,2013,2017-06-28,2016-12-01,,4.468172484599589,Y,Y,Executed,2017-06-30
405,Block Island Wind Farm,G,True,,in service,C,WND,All other,WT,RI,False,Washington,RI,Grid 34.5 kV,N,NA,29.0,29.0,29.0,29.0,False,2013-01-18,2013,2016-12-09,2016-11-04,,3.890485968514716,Y,Y,,2016-12-09
406,Canton Increase and CNR (see Q300),G,True,,in service,C,WND,All other,WT,ME,False,Oxford,ME,CMP Ludden Lane Substation,F,NR,22.8,3.55,22.8,22.8,False,2013-02-22,2013,2017-11-29,2017-10-18,,4.766598220396989,N,N,Executed,2017-11-29
407,Saddleback Increase and CNR (see Q287),G,True,,in service,C,WND,All other,WT,ME,False,Franklin,ME,CMP Ludden Lane Substation,F,CNR,34.2,1.2,34.2,34.2,False,2013-02-27,2013,2015-09-15,2015-08-15,,2.546201232032854,N,N,Executed,2015-09-16
408,Gas Turbine,G,True,,withdrawn,W,DFO NG,All other,GT,MA,True,Middlesex,BOST,NSTAR 345 kV Mystic Station,F,NR,207.7,207.7,207.7,204.4,False,2013-02-28,2013,2018-05-31,2018-02-01,2016-03-17,3.047227926078029,Y,N,,2016-03-23
409,Gas Turbine,G,True,,withdrawn,W,DFO NG,All other,GT,MA,True,Norfolk,BOST,NSTAR 230 kV W. Medway Station,F,CNR,207.7,207.7,207.7,204.4,False,2013-02-28,2013,2018-05-31,2018-02-01,2015-03-02,2.004106776180698,N,N,,2015-03-02
410,Wind CNR,G,True,,withdrawn,W,WND,All other,WT,ME,False,Peneobscot/Washington,BHE,BHE Keene Rd,F,CNR,48.0,0.0,48.0,48.0,True,2013-02-28,2013,2016-08-01,2016-06-01,2014-08-25,1.486652977412731,N,N,In Progress,2014-09-02
411,Gas Turbine Increase,G,True,,in service,C,DFO NG,All other,GT,MA,True,Essex,BOST,Peabody B-154S line,N,NA,39.4,10.9,39.4,45.8,False,2013-02-28,2013,2013-12-31,2013-12-31,,0.837782340862423,N,Y,,2014-07-16
412,PSEG Bridgeport Harbor CCGT Expansion,G,True,,in service,C,DFO NG,All other,CC,CT,False,Fairfield,SWCT,UI 345 kV Singer,F,CNR,509.6,509.6,509.6,532.6,False,2013-02-28,2013,2019-06-10,2019-05-11,,6.277891854893908,Y,Y,Executed,2019-06-10
413,Keene Rd ETU,ETU,False,,withdrawn,W,N/A,All other,NA,ME,False,Penobscot,BHE,BHE Keene Road Substation,F,N/A,0.0,,0.0,0.0,False,2013-03-04,2013,2016-03-01,2015-11-01,2015-02-16,1.9548254620123204,N,N,,2015-02-17
414,EP Newington Energy Capacity Increase,G,True,,in service,C,NG,All other,CC,NH,False,Rockingham,NH,PSNH Newington 345 kV substation,F,CNR,568.2,21.2,568.2,594.8,False,2013-03-26,2013,2014-06-17,2014-05-31,,1.2265571526351813,Y,Y,Executed,2014-06-24
415,Jericho Wind,G,True,,in service,C,WND,All other,WT,NH,False,Coos,NH,PSNH Berlin Substation,F,CNR,8.55,8.55,8.55,8.55,False,2013-04-12,2013,2016-01-23,2015-10-16,,2.7816563997262147,Y,Y,Executed,2016-01-25
416,Wind,G,True,,withdrawn,W,WND,All other,WT,NH,False,Coos,NH,Pontook Hydro,F,CNR,18.0,18.0,18.0,18.0,False,2013-04-23,2013,2017-04-30,2017-04-12,2013-07-17,0.2327173169062286,N,N,,2013-11-12
417,Number Nine Wind Farm,G,True,,withdrawn,W,WND,All other,WT,ME,False,Aroostook,BHE,Pittsfield 345KV,F,NR,250.0,250.0,250.0,250.0,False,2013-04-25,2013,2021-10-31,2021-04-05,2019-05-13,6.047912388774812,Y,Y,Executed,2019-05-14
418,Biomass,G,True,,withdrawn,W,DFO WDS,All other,ST,VT,False,Windsor,VT,GMP L97 Line,F,CNR,37.0,37.0,37.0,37.0,False,2013-05-01,2013,2015-08-30,2015-06-30,2014-02-14,0.7912388774811773,N,N,,2014-02-14
419,Wind,G,True,,withdrawn,W,WND,All other,WT,ME,False,Franklin,ME,CMP 115 kV Bigalow Substation,F,NR,33.0,33.0,33.0,33.0,False,2013-05-02,2013,2016-11-01,2016-10-01,2014-07-02,1.1663244353182751,N,N,,2014-07-03
420,Weaver Wind,G,True,,in service,C,WND,All other,WT,ME,False,Hancock,BHE,Bull Hill Switching Station,F,NR,72.6,72.6,72.6,72.6,False,2013-07-15,2013,2020-12-12,2020-10-13,,7.411362080766598,Y,Y,Executed,2020-12-14
421,Spruce Ridge Wind CNR (see Q390),G,True,,withdrawn,W,WND,All other,WT,NH,False,Grafton,NH,NGRID 230 kV Comerford/Dunbarton Line,F,NR,50.82,0.0,50.82,50.82,True,2013-07-18,2013,2017-10-31,2017-08-18,2017-04-10,3.728952772073922,N,N,Executed,2017-04-11
422,Number Nine Wind Farm CNR,G,True,,withdrawn,W,WND,All other,WT,ME,False,Aroostook,BHE,"MEPCO line in Haynesville, ME",F,NR,250.0,0.0,250.0,250.0,True,2013-07-26,2013,2021-10-31,2021-04-05,2019-05-13,5.796030116358659,N,N,Executed,2019-05-14
423,Wind,G,True,,withdrawn,W,WND,All other,WT,NH,False,Merrimack/Grafton,NH,A201 Comerford - North Litchfield 230 kV line,F,CNR,74.29,74.29,74.29,74.29,False,2013-09-10,2013,2016-12-31,2016-10-01,2014-03-12,0.5010266940451745,N,N,,2014-03-12
424,Hydro Increase,G,True,,withdrawn,W,WAT,All other,HW,MA,True,Hampden,WMA,HGE 115 kV North Canal substation,F,CNR,0.65,0.1,0.65,0.65,False,2013-09-11,2013,2014-01-01,2014-01-01,2013-11-05,0.15058179329226556,N,N,,2013-11-06
425,1000 MW HVDC Tie V1,ETU,False,,withdrawn,W,N/A,All other,NA,VT,False,Windsor,VT,HQ 735 kV substation to Velco 345 kV Coolidge substation,F,N/A,,,,,False,2013-09-23,2013,2018-12-31,2018-10-31,2015-02-16,1.3990417522245038,N,N,,2015-02-17
426,1000 MW HVDC Tie V2 (See Q425),ETU,False,,withdrawn,W,N/A,All other,NA,VT,False,Rutland,VT,HQ 735 kV substation to Velco 345 kV W. Rutland Substation,F,N/A,,,,,False,2013-10-15,2013,2018-12-31,2018-10-31,2015-02-16,1.3388090349075976,N,N,,2015-02-17
427,1000 MW HVDC Tie V3 (See Q425),ETU,False,,withdrawn,W,N/A,All other,NA,VT,False,Addison,VT,HQ 735 kV substation to Velco 345 kV New Haven substation,F,N/A,,,,,False,2013-10-15,2013,2018-12-31,2018-10-31,2015-02-16,1.3388090349075976,N,N,,2015-02-17
428,1200 MW AC to HVDC Tie,ETU,False,,withdrawn,W,N/A,All other,NA,MA,True,Middlesex,BOST,NB 345 Keswick or St. Andre substation to GRID 345 kV Wakefield substation,F,N/A,,,,,False,2013-11-15,2013,2019-03-31,2019-01-01,2015-02-16,1.2539356605065024,N,N,,2015-02-17
429,Offshore Wind,G,True,,withdrawn,W,WND,All other,WT,ME,False,Lincoln,ME,"Central Maine Power, Bristol Substation, Bristol Maine",F,NR,12.0,12.0,12.0,12.0,False,2013-12-02,2013,2017-11-06,2017-10-02,2014-01-10,0.10677618069815195,N,N,,2014-01-10
430,Coos ETU,ETU,False,,withdrawn,W,N/A,All other,NA,NH,False,Coos,NH,TBD,F,N/A,,,,,False,2014-01-13,2014,2016-07-01,2016-07-01,2015-02-16,1.0924024640657084,N,N,,2015-02-17
431,Local Transmission Service - 99 MW,TS,False,,withdrawn,W,N/A,All other,NA,NH,False,Coos,NH,NA,F,N/A,0.0,0.0,0.0,0.0,True,2014-01-14,2014,2015-01-01,2015-01-01,2014-01-28,0.038329911019849415,N,N,,2014-01-29
432,115 KV ETU,ETU,False,,withdrawn,W,N/A,All other,NA,ME,False,Aroostook,BHE,MPS 69 kV Mullen substation to ME Gen Lead 115 kV line,N,N/A,,,,,False,2014-01-21,2014,2017-07-31,2017-07-31,2014-05-14,0.30937713894592744,N,N,,2017-03-28
433,MATEP (Combined Cycle) Increase,G,True,,in service,C,DFO NG,All other,CC,MA,True,Suffolk,BOST,At existing point of interconnection for MATEP (Combined Cycle),F,CNR,62.083,1.7,62.083,66.0,False,2014-01-24,2014,2014-04-21,2014-03-21,,0.23819301848049282,N,N,Executed,2014-04-30
434,Expand Interface,ETU,False,,withdrawn,W,N/A,All other,NA,ME,False,Aroostook,BHE,TBD,F,N/A,,,,,False,2014-01-29,2014,2017-11-01,2017-09-01,2015-02-16,1.0485968514715949,N,N,,2015-02-17
435,Wind,G,True,,withdrawn,W,WND,All other,WT,ME,False,Washington,BHE,"Bangor Hydro Epping Substation, Columbia, Washington County, ME",F,NR,103.5,103.5,103.5,103.5,False,2014-01-31,2014,2018-12-31,2018-09-30,2018-01-19,3.9671457905544147,N,N,,2018-01-19
436,Gas Turbine (alt. to QP412),G,True,,withdrawn,W,DFO NG,All other,GT,CT,False,Fairfield,SWCT,345 kV generator side connection to the transmission grid.,F,CNR,335.0,0.0,335.0,335.0,True,2014-02-05,2014,2018-05-31,2018-02-01,2014-11-07,0.7529089664613279,Y,N,,2014-11-07
437,Jericho Wind expansion,G,True,,in service,C,WND,All other,WT,NH,False,Coos,NH,PSNH Berlin Substation Bus 1 Breaker 3521.,F,CNR,3.5,3.5,,,False,2014-02-10,2014,2016-01-23,2015-10-16,,1.949349760438056,Y,Y,Executed,2022-06-15
438,Potter Repowering,G,True,,withdrawn,W,NG,All other,GT,MA,True,Norfolk,SEMA,BELD Station 16 Switchyard,F,NR,63.27,-21.2,63.27,65.25,False,2014-02-24,2014,2019-05-22,2019-02-22,2017-05-31,3.263518138261465,Y,Y,Executed,2017-05-31
439,Simple Cycle,G,True,,withdrawn,W,NG,All other,GT,MA,True,Essex,CMA,"GRID Ward Hill – Tewksbury 345 kV line, approximately 1.8 miles from the Ward Hill",F,CNR,478.0,478.0,478.0,483.0,False,2014-02-24,2014,2018-05-01,2018-01-01,2015-02-12,0.9664613278576317,N,N,,2015-02-12
440,Wallingford Energy Center,G,True,,in service,C,NG,All other,GT,CT,False,New Haven,SWCT,CMEEC 115 kV Wallingford Substation Generating facility.,F,CNR,350.0,100.0,350.0,350.0,False,2014-02-24,2014,2018-05-09,2017-12-07,,4.202600958247776,Y,Y,Executed,2018-05-08
441,Glendale Hydroelectric Expansion Project,G,True,,in service,C,WAT,All other,HD,MA,True,Berkshire,WMA,GRID 13.8 kV,F,CNR,0.1856,0.2,0.1856,0.1856,False,2014-02-25,2014,2018-11-13,2018-11-07,,4.714579055441479,Y,N,Executed,2018-11-26
442,Combined Cycle,G,True,,withdrawn,W,DFO NG,All other,CC,MA,True,Hampden,WMA,"115kV Line 1302 between Buck Pond and Pochassic substations, approximately 1 mile south of Buck Pond.",F,CNR,387.9,387.9,387.9,422.1,False,2014-02-26,2014,2019-03-01,2018-06-01,2015-12-28,1.834360027378508,Y,Y,In Progress,2015-12-29
443,Brockton Combined Cycle CNR Increase,G,True,,withdrawn,W,NG,All other,CC,MA,True,Plymouth,SEMA,Grid 115 kV E20 and F19 Lines,F,NR,354.9,0.0,354.9,383.9,True,2014-03-03,2014,2019-05-31,2019-01-25,2017-05-25,3.2279260780287475,N,N,Executed,2017-05-25
444,Medway Peaker - SEMARI,G,True,,in service,C,DFO NG,All other,GT,MA,True,Norfolk,SEMA,Medway 115 kV station,F,CNR,207.7,207.7,207.7,207.7,False,2014-05-02,2014,2019-03-14,2019-02-08,,4.865160848733744,Y,Y,Executed,2019-05-02
445,Gas Turbine,G,True,,withdrawn,W,DFO NG,All other,GT,MA,True,Norfolk,SEMA,Edgar 115 kV Station,F,CNR,103.5,103.5,103.5,103.5,False,2014-03-04,2014,2018-05-31,2018-02-01,2015-03-02,0.9938398357289527,N,N,,2015-03-02
446,Gas Turbine,G,True,,withdrawn,W,DFO NG,All other,GT,VT,False,Chittenden,VT,"Gorge substation, No. 16, Breaker 3320.",F,CNR,59.5,47.5,59.5,59.5,False,2014-03-04,2014,2018-05-31,2018-03-31,2014-03-31,0.07392197125256673,N,N,,2014-04-01
447,Passadumkeag Windpark CNR Only,G,True,,in service,C,WND,All other,WT,ME,False,Penobscot,BHE,115kV line between James River and Enfield substations on Line 64,F,NR,39.975,0.0,39.975,39.975,True,2014-03-04,2014,2016-07-01,2016-04-12,,2.327173169062286,N,N,Executed,2024-08-29
448,Fuel Cell,G,True,,withdrawn,W,NG,All other,FC,CT,False,New London,CT,"NU/CL&P Montville substation, 4160V station service bus",F,CNR,5.6,5.6,5.6,5.6,False,2014-03-04,2014,2018-05-31,2018-05-01,2014-06-11,0.27104722792607805,N,N,,2014-06-11
449,Canal 3,G,True,,in service,C,DFO NG,All other,GT,MA,True,Barnstable,SEMA,NU/NStar 345kV Canal Substation,F,CNR,333.0,333.0,333.0,336.2,False,2014-03-04,2014,2019-06-15,2019-04-01,,5.281314168377824,Y,Y,Executed,2019-06-17
450,Combustion Turbine,G,True,,withdrawn,W,DFO,All other,GT,CT,False,Fairfield,NOR,NU/CL&P Norwalk Harbor 115kV Substation,F,CNR,245.0,245.0,245.0,245.0,False,2014-03-04,2014,2018-05-31,2018-05-01,2014-05-21,0.2135523613963039,N,N,,2014-05-21
451,Combined Cycle,G,True,,withdrawn,W,DFO NG,All other,CC,CT,False,Fairfield,NOR,NU/CL&P Norwalk Harbor 115kV substation,F,CNR,345.0,100.0,345.0,345.0,False,2014-03-04,2014,2018-05-31,2018-05-01,2014-05-21,0.2135523613963039,N,N,,2014-05-21
452,Wind,G,True,,withdrawn,W,WND,All other,WT,ME,False,Somerset,ME,"Harris substation near the Town of Jackman and Misery Township Somerset County, Maine",F,NR,85.0,85.0,85.0,85.0,False,2014-03-04,2014,2018-12-30,2018-11-30,2016-06-17,2.2888432580424367,N,N,,2016-06-21
453,Offshore Wind,G,True,,withdrawn,W,WND,All other,WT,ME,False,Lincoln,ME,"CMP Bristol Substation, Bristol Maine",F,NR,10.0,10.0,10.0,10.0,False,2014-03-31,2014,2017-11-13,2017-09-11,2014-06-11,0.1971252566735113,N,N,,2014-06-11
454,Wind Increase (see Q452),G,True,,withdrawn,W,WND,All other,WT,ME,False,Somerset,ME,"Harris substation near the Town of Jackman and Misery Township Somerset County, Maine",F,NR,85.8,0.8,85.8,85.8,False,2014-04-07,2014,2018-12-30,2018-11-30,2016-06-17,2.195756331279945,N,N,,2016-06-21
455,1000 MW HVDC Tie,ETU,False,,withdrawn,W,N/A,All other,NA,VT,False,Windsor,VT,HQ to VELCO 345 kv Coolidge substation,F,N/A,,,,,False,2014-04-17,2014,2017-12-31,2017-12-31,2015-02-16,0.8350444900752909,N,N,,2015-02-17
456,1200 MW HVDC Tie,ETU,False,,withdrawn,W,N/A,All other,NA,MA,True,Middlesex,BOST,HQ to NSTAR 345 kV Mystic substation,F,N/A,,,,,False,2014-04-17,2014,2017-12-31,2017-12-31,2015-02-12,0.8240930869267625,N,N,,2015-02-13
457,500 MW HVDC Tie,ETU,False,,withdrawn,W,N/A,All other,NA,VT,False,Chittenden,VT,HQ to VELCO 115 kV Essex substation,F,N/A,,,,,False,2014-04-17,2014,2017-12-31,2017-12-31,2014-11-18,0.5886379192334018,N,N,,2014-11-19
458,Wind,G,True,,withdrawn,W,WND,All other,WT,ME,False,Aroostook,BHE,Pittsfield 345KV,F,NR,104.0,104.0,104.0,104.0,False,2014-04-28,2014,2020-12-30,2020-09-15,2018-04-12,3.9561943874058865,N,N,,2018-04-12
459,Wind,G,True,,withdrawn,W,WND,All other,WT,ME,False,Aroostook,BHE,Pittsfield 345KV,F,NR,104.0,104.0,104.0,104.0,False,2014-04-29,2014,2020-12-30,2020-09-15,2018-04-12,3.9534565366187544,N,N,,2018-04-12
460,Wind,G,True,,withdrawn,W,WND,All other,WT,ME,False,Aroostook,BHE,Pittsfield 345KV,F,NR,104.0,104.0,104.0,104.0,False,2014-04-29,2014,2020-12-30,2020-09-15,2018-04-12,3.9534565366187544,N,N,,2018-04-12
461,Wind,G,True,,withdrawn,W,WND,All other,WT,ME,False,Aroostook,BHE,Pittsfield 345KV,F,NR,104.0,104.0,104.0,104.0,False,2014-04-30,2014,2018-12-30,2018-09-15,2018-04-12,3.9507186858316223,N,N,,2018-04-12
462,wind,G,True,,withdrawn,W,WND,All other,WT,ME,False,Aroostook,BHE,Pittsfield 345KV,F,NR,104.0,104.0,104.0,104.0,False,2014-04-30,2014,2020-12-30,2020-09-15,2018-04-12,3.9507186858316223,N,N,,2018-04-12
463,425 MW HVDC Tie,ETU,False,,withdrawn,W,N/A,All other,NA,VT,False,Franklin,VT,HQ to VELCO Williston 115 kV substation,F,N/A,,,,,False,2014-04-30,2014,2018-06-30,2018-01-30,2015-02-16,0.7994524298425736,N,N,,2015-02-17
464,1000 MW HVDC,ETU,False,,withdrawn,W,N/A,All other,NA,MA,True,Suffolk,BOST,NMISA to NSTAR K Street 345 kV substation,F,N/A,,,,,False,2014-05-12,2014,2019-06-30,2019-01-30,2015-02-16,0.7665982203969883,N,N,,2015-02-17
465,425 MW HVDC Tie,ETU,False,,withdrawn,W,N/A,All other,NA,VT,False,Addison,VT,VELCO 345 kV New Haven substation,F,N/A,,,,,False,2014-05-13,2014,2018-06-30,2018-01-30,2015-02-16,0.7638603696098563,N,N,,2015-02-17
466,AC Tie,ETU,False,,withdrawn,W,N/A,All other,NA,ME,False,Aroostook,BHE,NMISA to Emera Keene Rd Substation,F,N/A,,,,,False,2014-05-14,2014,2016-07-31,2016-02-28,2015-02-16,0.7611225188227242,N,N,,2015-02-17
467,MASSPOWER CNR Recovery,G,True,,in service,C,NG,All other,CC,MA,True,Hampden,WMA,115kV Shawinigan Substation,F,CNR,256.1,0.0,256.1,279.9,True,2014-05-29,2014,2014-11-10,2014-11-10,,0.4517453798767967,N,N,Executed,2020-06-09
468,Manchester Street Station Increase and CNR,G,True,,in service,C,NG,All other,CC,RI,False,Providence,RI,CTGs NGrid 115 kV Franklin Square Substation.  STGs NGrid 11.5 kV distribution substation,F,CNR,510.0,27.0,510.0,510.0,False,2014-06-02,2014,2015-03-12,2015-03-02,,0.7748117727583846,Y,Y,Executed,2015-03-16
469,Bridgeport Energy Uprate,G,True,,in service,C,NG,All other,CC,CT,False,Fairfield,SWCT,UI Singer Substation,F,CNR,560.0,84.0,560.0,588.0,False,2014-06-16,2014,2015-06-05,2015-03-31,,0.9691991786447639,Y,Y,Executed,2015-06-23
470,Wind,G,True,,withdrawn,W,WND,All other,WT,ME,False,Aroostook,BHE,Primary: Orrington Substations 345kV with two alternatives: Keene Rd. Substation 345kV and the Orrington-Albion Rd 345kV line,F,NR,600.6,600.6,600.6,600.6,False,2014-06-19,2014,2018-12-30,2018-11-30,2018-04-12,3.813826146475017,N,N,,2018-04-12
471,Wind,G,True,,withdrawn,W,WND,All other,WT,ME,False,Aroostook,BHE,Primary: Orrington Substations 345kV with two alternatives: Keene Rd. Substation 345kV and the Orrington-Albion Rd 345kV line,F,NR,600.6,600.6,600.6,600.6,False,2014-06-19,2014,2019-12-30,2019-11-30,2018-04-12,3.813826146475017,N,N,,2018-04-12
472,Combined Cycle Increase,G,True,,withdrawn,W,DFO NG,All other,CC,MA,True,Hampden,WMA,"115kV Line 1302 between Buck Pond and Pochassic substations, approximately 1 mile south of Buck
Pond",F,CNR,409.9,22.0,409.9,441.1,False,2014-06-20,2014,2019-03-01,2018-06-01,2015-12-28,1.5222450376454484,Y,Y,In Progress,2015-12-29
473,RNS Application,TS,False,,withdrawn,W,N/A,All other,NA,MA,True,Norfolk,BOST,NU 115 kV,F,N/A,0.0,0.0,0.0,0.0,True,2014-06-30,2014,2017-01-01,2017-01-01,2014-07-21,0.057494866529774126,N,N,,2014-07-21
474,CNR Increase,G,True,,withdrawn,W,NG,All other,CC,MA,True,Middlesex,BOST,Mystic 115 and 345 kV Stations,F,CNR,1600.0,0.0,1600.0,1700.0,True,2014-08-01,2014,2016-05-31,2016-05-30,2015-04-09,0.6872005475701575,N,N,,2015-04-10
475,600 MW HVDC Tie,ETU,False,,withdrawn,W,N/A,All other,NA,MA,True,Berkshire,WMA,Alps Sub in NY to WMECO Berkshire Sub in MA,F,N/A,,,,,False,2014-08-14,2014,2019-12-30,2019-09-30,2015-02-16,0.5092402464065708,N,N,,2015-02-17
476,Wind,G,True,,withdrawn,W,WND,All other,WT,ME,False,Penobscot/Washington,BHE,"Emera Maine (Bangor Hydro) Keene Road Substation (Connecting through Evergreen Gen Lead, LLC Line 56)",F,CNR,52.8,52.8,52.8,52.8,False,2014-08-29,2014,2017-10-01,2017-09-01,2016-06-17,1.8015058179329226,N,N,,2016-06-21
477,Deerfield Wind Project,G,True,,in service,C,WND,All other,WT,VT,False,Bennington,WMA,Future GMP Putnam Road 69 kV Substation on Y-25N Line,F,CNR,30.0,30.0,30.0,30.0,False,2014-09-19,2014,2019-06-01,2017-12-08,,4.698151950718686,Y,Y,Executed,2019-06-03
478,Wind,G,True,,withdrawn,W,WND,All other,WT,ME,False,Washington,BHE,Emera 34.5kV Line 16,N,NA,9.6,9.6,9.6,9.6,False,2014-10-01,2014,2016-06-01,2016-05-01,2016-08-17,1.8781656399726214,N,N,,2016-08-17
479,Combined Cycle Increase,G,True,,withdrawn,W,NG,All other,CC,NH,False,Rockingham,NH,"Watts Brook, North Litchfield",F,CNR,754.0,33.0,754.0,838.0,False,2014-10-17,2014,2015-03-08,2015-03-07,2014-11-18,0.08761122518822724,N,N,,2014-11-19
480,1000 MW HVDC Tie,ETU,False,,withdrawn,W,N/A,All other,NA,MA,True,Suffolk,BOST,HQ to NSTAR K Street 115 kV substation,F,N/A,,,,,False,2014-11-13,2014,2017-12-31,2017-10-31,2015-02-12,0.24914442162902123,N,N,,2015-02-23
481,GRE Capacity Uprate,G,True,,in service,C,NG,All other,CC,NH,False,Rockingham,NH,"Watts Brook, North Litchfield",F,CNR,762.0,41.0,762.0,812.0,False,2014-11-18,2014,2017-06-29,2015-09-01,,2.6119096509240247,Y,Y,Executed,2022-06-15
482,Hydro,G,True,,withdrawn,W,WAT,All other,HD,VT,False,Rutland,VT,GMP Power Circuit 85G2 from Ryegate Paper Substation No. 85.,F,CNR,0.325,1.318,0.325,0.325,False,2014-11-18,2014,2014-12-12,2014-12-11,2015-01-08,0.13963039014373715,N,N,,2015-01-08
483,Wyman Hydro CNR only,G,True,,in service,C,WAT,All other,HW,ME,False,Somerset,ME,Interconnection of Buyer’s 115 kV gang operated disconnect switch BS ½ to CMP’s 115 kV Bus No. 2 located in the 115 kV switchyard,F,CNR,89.9,0.0,89.9,89.9,True,2014-11-21,2014,2016-03-30,2016-03-24,,1.3552361396303902,N,N,Executed,2016-03-30
484,Newington Gas Turbine Uprate,G,True,,in service,C,NG,All other,CC,NH,False,Rockingham,NH,"Public Service New Hampshire Newington Switchyard - Gosling Road, Newington, NH",F,CNR,596.1,27.9,596.1,634.8,False,2014-12-04,2014,2015-10-30,2015-10-30,,0.9034907597535934,Y,Y,Executed,2015-11-16
485,Combined Cycle,G,True,,withdrawn,W,DFO NG,All other,CC,MA,True,Hampden,WMA,"Ludlow 19S Substation, Ludlow, MA",F,CNR,837.0,837.0,837.0,844.0,False,2014-12-10,2014,2019-06-01,2018-09-01,2015-04-23,0.3668720054757016,N,N,,2015-04-27
486,Wind,G,True,,withdrawn,W,WND,All other,WT,ME,False,Hancock,BHE,Rebel Hill 115 kV,F,NR,250.0,250.0,250.0,250.0,False,2014-12-19,2014,2021-12-01,2021-10-01,2018-06-08,3.468856947296372,N,N,,2018-06-08
487,Cricket Valley Project (QP444 in NYISO Queue),G,True,,in service,C,NG,All other,CC,NY,False,Dutchess,,Pleasant Valley - Long Mtn 345 kV,N,NA,1020.0,1020.0,1020.0,1132.0,False,2014-12-18,2014,2020-04-18,2019-07-01,,5.333333333333333,Y,N,,2020-04-21
488,Wind,G,True,,withdrawn,W,WND,All other,WT,VT,False,Windham,VT,VELCO Coolidge - Vermont Yankee 345 kV line,F,CNR,73.5,73.5,73.5,73.5,False,2014-12-22,2014,2019-12-31,2019-10-01,2015-10-16,0.8158795345653662,N,N,,2015-10-16
489,Clear River,G,True,,withdrawn,W,NG,All other,CC,RI,False,Providence,RI,Sherman Road 345kV Station,F,NR,1030.0,1030.0,1030.0,1080.0,False,2015-01-08,2015,2022-05-31,2022-01-15,2019-11-26,4.8815879534565365,Y,Y,IA Filed Unexecuted,2019-11-26
490,Kendall Reconfiguration Project,G,True,,in service,C,DFO NG,All other,CC,MA,True,Middlesex,BOST,Where line 875-539 interconnects with TO''s 115 kv bus at station 875,F,CNR,75.0,1.88,75.0,75.0,False,2015-01-15,2015,2016-05-31,2016-05-31,,1.374401095140315,N,N,Executed,2016-05-31
491,Fore River CNR Increase,G,True,,in service,C,DFO NG,All other,CC,MA,True,Norfolk,SEMA,NSTAR Edgar 115kv substation,F,CNR,800.0,0.0,800.0,843.0,True,2015-01-16,2015,2016-01-20,2016-01-20,,1.0102669404517455,N,N,Executed,2016-01-26
492,Combustion Turbine Generator,G,True,,withdrawn,W,DFO NG,All other,GT,RI,False,Providence,RI,NGRID 345 kV Sherman Road (via OSP Switchyard),F,CNR,238.0,238.0,238.0,238.0,False,2015-02-05,2015,2020-05-31,2020-03-01,2017-10-03,2.6584531143052703,Y,Y,In Progress,2017-11-03
493,1000 MW HVDC - bidirectional,ETU,False,,withdrawn,W,N/A,All other,NA,MA,True,Middlesex,BOST,CMP 345 kV ME Yankee to NSTAR 345 kV Mystic,F,N/A,,,,,False,2015-02-12,2015,2018-12-31,2018-09-01,2015-02-16,0.010951403148528405,N,N,,2015-02-17
494,1000 MW HVDC - bidirectional,ETU,False,,withdrawn,W,N/A,All other,NA,MA,True,Suffolk,BOST,CMP 345 kV ME Yankee to NSTAR 115 kV K Street,F,N/A,,,,,False,2015-02-12,2015,2018-12-01,2018-09-01,2015-02-16,0.010951403148528405,N,N,,2015-02-17
495,1200 MW HVDC  Tie - Import Only,ETU,False,,withdrawn,W,N/A,All other,NA,NH,False,Rockingham,NH,HQ Des Cantons substation to PSNH Deerfield Substation,F,N/A,,,,,False,2015-02-13,2015,2018-12-01,2018-09-01,2015-02-16,0.008213552361396304,N,N,,2015-02-17
496,Millinocket Frequency Conversion,G,True,,in service,C,WAT,All other,HW,ME,False,Penobscot,BHE,"Powersville Substation, Emera, 115kV, Line62, existing node424.",F,NR,126.0,0.0,126.0,126.0,True,2015-02-13,2015,2019-06-15,2019-02-13,,4.334017796030117,Y,Y,Executed,2019-07-22
497,Beacon Falls Energy Park,G,True,,withdrawn,W,NG,All other,FC,CT,False,New Haven,SWCT,"Beacon Falls Substation, 180 Cold Spring Rd, Beacon Falls, CT
Junction of 115kV lines 1570-1 and 1319",F,NR,62.9,62.9,62.9,62.9,False,2015-02-13,2015,2022-04-01,2022-02-01,2020-01-30,4.960985626283367,Y,Y,Executed,2020-02-04
498,150 kV HVDC Tie - Import Only,ETU,False,,withdrawn,W,N/A,All other,NA,VT,False,Colchester,VT,NYPA 230/115 kV substation to VELCO 345 kV New Haven Substation,F,NI,400.0,400.0,400.0,400.0,False,2015-02-16,2015,2020-12-31,2020-12-01,2018-02-02,2.9623545516769334,Y,Y,In Progress,2018-02-05
499,Northern Pass Transmission Project (300 kV HVDC/AC Tie) - Import Only,ETU,False,,withdrawn,W,N/A,All other,NA,NH,False,Rockingham,NH,HQ Des Cantes substation to PSNH Deerfield substation,F,NI,1090.0,1090.0,1090.0,1090.0,False,2015-02-16,2015,2022-12-29,2022-11-04,2019-08-14,4.490075290896646,Y,Y,Executed,2019-08-14
500,Keene Road ETU,ETU,False,,withdrawn,W,N/A,All other,NA,ME,False,Penobscot,BHE,Emera Keene Road substation,F,N/A,,,,,False,2015-02-16,2015,2018-12-01,2018-12-15,2018-06-15,3.326488706365503,Y,N,,2019-07-08
501,NE Clean Power Link - controllable HVDC Tie - Import only,ETU,False,,withdrawn,W,N/A,All other,NA,VT,False,Windsor,VT,HQ 735 kV substation to VELCO 345 kV Coolidge substation,F,NI,1000.0,1000.0,1000.0,1000.0,False,2015-02-16,2015,2027-12-31,2027-10-28,2026-06-23,11.34839151266256,Y,Y,Executed,2026-06-24
502,345 kV Tie - Phase 1,ETU,False,,withdrawn,W,N/A,All other,NA,ME,False,Aroostook,BHE,"Houlton, ME to MEPCO 396 Line",F,N/A,200.0,200.0,200.0,200.0,False,2015-02-16,2015,2016-12-01,2016-12-01,2015-04-17,0.16427104722792607,N,N,,2015-04-17
502,345 kV Tie - Phase 2,ETU,False,,withdrawn,W,N/A,All other,NA,ME,False,Aroostook,BHE,"Bridgewater, ME to MEPCO 396 Line",F,N/A,0.0,0.0,0.0,0.0,True,2015-02-16,2015,2016-12-01,2016-12-01,2015-04-17,0.16427104722792607,N,N,,2015-04-17
503,HVDC Tie - Import only,ETU,False,,withdrawn,W,N/A,All other,NA,VT,False,Rutland,VT,HQ 735 kV substation to VELCO 345 kV W. Rutland substation,F,CNI,1000.0,1000.0,1000.0,1000.0,False,2015-02-16,2015,2018-12-31,2018-10-31,2015-04-15,0.15879534565366188,N,N,,2015-04-15
504,HVDC Tie - Import only,ETU,False,,withdrawn,W,N/A,All other,NA,VT,False,Addison,VT,HQ 735 kV substation to VELCO 345 kV New Haven substation,F,CNI,1000.0,1000.0,1000.0,1000.0,False,2015-02-16,2015,2018-12-31,2018-10-31,2015-04-15,0.15879534565366188,N,N,,2015-04-15
505,HVDC Tie - Import only,ETU,False,,withdrawn,W,N/A,All other,NA,VT,False,Windsor,VT,HQ to VELCO 345 kV Coolidge substation,F,CNI,1000.0,1000.0,1000.0,1000.0,False,2015-02-16,2015,2017-12-31,2017-12-31,2015-04-17,0.16427104722792607,N,N,,2015-04-17
506,Internal HVDC - North to South flow,ETU,False,,withdrawn,W,N/A,All other,NA,MA,True,Suffolk,BOST,NMISA to NSTAR 345 kV K Street substation,F,N/A,1000.0,1000.0,1000.0,1000.0,False,2015-02-16,2015,2027-10-01,2027-09-01,2020-02-10,4.982888432580425,Y,Y,In Progress,2020-02-10
507,AC Tie - bidirectional flows,ETU,False,,withdrawn,W,N/A,All other,NA,ME,False,Aroostook,BHE,NMISA Mullen substation to Emera Keene Road substation,F,NI,75.0,75.0,75.0,75.0,False,2015-02-16,2015,2017-07-31,2017-07-25,2018-01-30,2.954140999315537,N,N,,2018-01-30
508,HVDC from NY to WMA - bidirectional,ETU,False,,withdrawn,W,N/A,All other,NA,MA,True,Berkshire,WMA,NY Alps substation to WMECO Berkshire substation,F,NI,600.0,600.0,600.0,600.0,False,2015-02-16,2015,2019-08-30,2019-07-30,2018-10-31,3.704312114989733,Y,Y,In Progress,2018-10-31
509,HVDC Line,ETU,False,,withdrawn,W,N/A,All other,NA,MA,True,Middlesex,BOST,Orrington substation to NGRID Tewksbury substation,F,N/A,1100.0,1100.0,1100.0,1100.0,False,2015-02-16,2015,2017-06-30,2017-03-30,2015-04-17,0.16427104722792607,N,N,,2015-04-17
510,HVDC Line,ETU,False,,withdrawn,W,N/A,All other,NA,MA,True,Plymouth,SEMA,NSTAR 345 kV Carver substation,F,N/A,1000.0,1000.0,1000.0,1000.0,False,2015-02-16,2015,2020-06-01,2020-06-01,2015-04-15,0.15879534565366188,N,N,,2015-04-15
511,HVDC Line,ETU,False,,withdrawn,W,N/A,All other,NA,MA,True,Barnstable,SEMA,NSTAR 345 kV Barnstable substation,F,N/A,1000.0,1000.0,1000.0,1000.0,False,2015-02-16,2015,2020-06-01,2020-06-01,2015-04-15,0.15879534565366188,N,N,,2015-04-15
512,AC to HVDC Tie,ETU,False,,withdrawn,W,N/A,All other,NA,MA,True,Middlesex,BOST,NB 345 kV Keswick or St. Andre substation to NGRID 345 kV Wakefield substation,F,CNI,1200.0,1200.0,1200.0,1200.0,False,2015-02-16,2015,2019-03-31,2019-01-01,2015-04-17,0.16427104722792607,N,N,,2015-04-17
513,Coos ETU,ETU,False,,withdrawn,W,N/A,All other,NA,NH,False,Coos,NH,PSNH Coos area transmission,F,N/A,,,,,False,2015-02-16,2015,2016-07-01,2016-07-01,2015-04-17,0.16427104722792607,N,N,,2015-04-17
514,Expand NB/NE Interface,ETU,False,,withdrawn,W,N/A,All other,NA,ME,False,Aroostook,BHE,NB to ME interface,F,CNI,350.0,350.0,350.0,350.0,False,2015-02-16,2015,2017-11-01,2017-09-01,2015-04-17,0.16427104722792607,N,N,,2015-04-17
515,HVDC Tie - Import only,ETU,False,,withdrawn,W,N/A,All other,NA,VT,False,Franklin,VT,HQ to VELCO Williston 115 kV substation,F,CNI,425.0,425.0,425.0,425.0,False,2015-02-16,2015,2018-06-30,2018-01-30,2015-04-15,0.15879534565366188,N,N,,2015-04-15
516,HVDC Tie - Import only,ETU,False,,withdrawn,W,N/A,All other,NA,VT,False,Addison,VT,HQ to VELCO 345 kV New Haven substation,F,CNI,425.0,425.0,425.0,425.0,False,2015-02-16,2015,2018-06-30,2018-01-30,2015-04-15,0.15879534565366188,N,N,,2015-04-15
517,HVDC from S. Maine to Mystic - bidirectional flow,ETU,False,,withdrawn,W,N/A,All other,NA,MA,True,Middlesex,BOST,CMP 345 kV ME Yankee substation to NSTAR 345 kV Mystic substation,F,N/A,1000.0,1000.0,1000.0,1000.0,False,2015-02-16,2015,2018-12-31,2018-11-01,2015-07-09,0.3915126625598905,N,N,,2015-07-09
518,HVDC from S.  Maine to K Street - bidirectional fl,ETU,False,,withdrawn,W,N/A,All other,NA,MA,True,Suffolk,BOST,CMP 345 kV ME Yankee substation to NSTAR 115 kV K Street substation,F,N/A,1000.0,1000.0,1000.0,1000.0,False,2015-02-16,2015,2018-12-01,2018-11-01,2015-07-09,0.3915126625598905,N,N,,2015-07-09
519,HVDC/AC Tie - Import only,ETU,False,,withdrawn,W,N/A,All other,NA,NH,False,Rockingham,NH,HQ Des Cantons substation to PSNH Deerfield substation,F,CNI,1200.0,1200.0,1200.0,1200.0,False,2015-02-16,2015,2019-04-30,2019-03-30,2015-08-18,0.5010266940451745,N,N,,2015-08-18
520,Simple Cycle gas turbine,G,True,,withdrawn,W,DFO NG,All other,GT,CT,False,Fairfield,SWCT,Eversource Energy 115 kv Line Middle River Substation 28M,F,CNR,109.799,109.799,109.799,109.799,False,2015-02-17,2015,2018-05-02,2018-04-04,2016-03-10,1.0595482546201231,N,N,,2016-03-10
521,Combustion Turbine,G,True,,withdrawn,W,DFO NG,All other,GT,CT,False,Fairfield,SWCT,CL&P (Eversource) 115 kV Middle River Substation,F,CNR,109.799,109.799,109.799,109.799,False,2015-02-17,2015,2018-05-02,2018-04-04,2016-03-10,1.0595482546201231,N,N,,2016-03-10
522,Plainfield 2.3 MW Capacity Restoration (CNR Only),G,True,,in service,C,WDS,All other,ST,CT,False,Windham,CT,"Frybrook substation, 115 KV",F,CNR,38.5,0.0,38.5,38.5,True,2015-02-20,2015,2015-07-01,2015-07-01,,0.3586584531143053,N,N,Executed,2015-07-09
523,Combustion Turbine,G,True,,withdrawn,W,DFO NG,All other,GT,RI,False,Providence,RI,Both National Grid 345kV lines 328 and 332 south of the Rhode Island State Energy project,F,CNR,226.5,226.5,226.5,233.5,False,2015-02-23,2015,2019-05-01,2019-01-01,2015-09-11,0.5475701574264202,N,N,,2015-09-14
524,Combustion Turbine (Alt to Q523),G,True,,withdrawn,W,DFO NG,All other,GT,RI,False,Providence,RI,Both National Grid 115kV lines S171 and T172 south of the Rhode Island State Energy tap.,F,CNR,226.5,0.0,226.5,233.5,True,2015-02-23,2015,2019-05-01,2019-01-01,2015-03-31,0.09856262833675565,N,N,,2015-03-31
525,Tiverton Power LLC Upgrade,G,True,,in service,C,NG,All other,CC,RI,False,Newport,RI,near Bell Rock and Somerset on NGRID 115kV lines L14 and M13.,F,CNR,287.5,21.5,287.5,305.5,False,2015-02-25,2015,2016-11-04,2016-11-02,,1.6919917864476386,Y,Y,Executed,2016-11-08
526,Combined Cycle Upgrade #1,G,True,,withdrawn,W,NG,All other,CC,MA,True,Worcester,CMA,Milford Power Switch DS-F3 115kV (Nat Grid # D-130-3) and Milford Power Switch DS-A3 115kV (Nat Grid # C-129-3),F,CNR,189.583,40.583,189.583,200.73,False,2015-02-26,2015,2018-10-08,2018-09-24,2016-09-28,1.5879534565366187,Y,N,,2016-09-29
527,Combined Cycle Uprate #2,G,True,,in service,C,NG,All other,CC,MA,True,Worcester,CMA,Milford Power Switch DS-F3 115kV (Nat Grid #D-130-3) and Milford Power Switch DS-A3 115kV (Nat Grid #C-129-3).,F,CNR,219.583,30.0,219.583,230.73,False,2015-02-26,2015,2018-12-14,2018-12-13,,3.7973990417522243,Y,Y,Executed,2018-12-20
528,Combined Cycle Upgrate #3,G,True,,withdrawn,W,NG,All other,CC,MA,True,Worcester,CMA,Milford Power Switch DS-F3 115kV (Nat Grid # D-130-3) and Milford Power Switch DS-A3 115kV (Nat Grid # C-129-3),F,CNR,249.583,30.0,249.583,260.73,False,2015-02-26,2015,2018-10-08,2018-09-24,2016-09-28,1.5879534565366187,Y,N,,2016-09-29
529,Combined Cycle CNR Only,G,True,,withdrawn,W,NG,All other,CC,MA,True,Worcester,CMA,ANP Blackstone 345kV Bus 110785 Station BLK_336,F,CNR,585.648,0.0,585.648,615.0,True,2015-02-26,2015,2017-11-03,2017-10-20,2017-06-26,2.329911019849418,N,N,In Progress,2017-06-26
530,Bridgeport Energy Wet Compression Upgrade,G,True,,withdrawn,W,NG,All other,CC,CT,False,Fairfield,SWCT,UI Singer Substation,F,CNR,578.0,18.0,578.0,588.0,False,2015-02-26,2015,2018-06-01,2018-05-16,2017-09-14,2.5489390828199863,Y,Y,Executed,2017-11-21
531,Combined Cycle Uprate,G,True,,withdrawn,W,NG,All other,CC,ME,False,Penobscot,BHE,EMERA Maine-Graham Station via 115kv,F,CNR,546.8459,29.999,546.8459,582.5609,False,2015-02-27,2015,2018-08-01,2018-07-16,2018-04-05,3.1019849418206706,N,N,,2018-04-05
532,wind,G,True,,withdrawn,W,WND,All other,WT,VT,False,Franklin,VT,"GMP 34.5 kV Line between North St. Albans and Sheldon Springs Substations.  State Route 105, Swanton, Vermont",F,CNR,17.4,17.4,17.4,17.4,False,2015-02-27,2015,2016-09-15,2016-09-01,2016-06-01,1.2594113620807665,N,N,,2016-06-02
533,Milford Upgrades - Phase I,G,True,,in service,C,NG,All other,CC,CT,False,New Haven,SWCT,115kV East Devon Substation,F,CNR,293.0,16.606,293.0,318.5,False,2015-02-27,2015,2017-06-05,2017-05-22,,2.269678302532512,Y,Y,Executed,2017-08-01
533,Milford Upgrades - Phase II,G,True,,in service,C,NG,All other,CC,CT,False,New Haven,SWCT,115kV East Devon Substation,F,CNR,293.0,16.606,293.0,318.5,False,2015-02-27,2015,2017-05-22,2017-04-12,,2.2313483915126624,Y,Y,In Progress,2017-08-01
534,Lake Road Upgrades,G,True,,in service,C,NG,All other,CC,CT,False,Windham,CT,345kV Lake Road 27E Substation,F,CNR,882.0,49.836,882.0,951.0,False,2015-02-27,2015,2018-05-20,2017-11-26,,3.2251882272416155,Y,Y,Executed,2018-08-01
535,Holiday Hill Community Wind,G,True,,in service,C,WND,All other,WT,MA,True,Hampden,WMA,"WMECo 23 kV line 19J1 adjacent to Pine Hill Road in the town of Russell, Massachusetts",F,CNR,4.98,4.98,4.98,4.98,False,2015-02-27,2015,2020-01-07,2019-11-26,,4.85968514715948,Y,Y,Executed,2020-01-07
536,Wind,G,True,,withdrawn,W,WND,All other,WT,VT,False,Orleans,VT,GMP Line 14 between Irasburg and Lowell Substations approximately 3.6 miles from Irasburg Substation adjacent to Kidder Hill Road,F,CNR,4.98,4.98,4.98,4.98,False,2015-02-27,2015,2016-09-13,2016-09-01,2015-12-10,0.783025325119781,N,N,,2015-12-10
537,Combustion Turbine,G,True,,withdrawn,W,NG,All other,GT,MA,True,Middlesex,BOST,MECO 23KV Behen St feeder load side of MTR 04034085,N,CNR,11.965,11.965,11.965,14.097,False,2015-02-28,2015,2016-11-30,2016-08-31,2015-05-21,0.2245037645448323,N,N,,2015-05-22
538,Internal Combustion,G,True,,withdrawn,W,NG,All other,IC,RI,False,Newport,RI,"Near Bell Rock and Somerset on NGRID 115kV lines L14 and M13. Adjacent to existing Tiverton combined cycle generator, possibly associated with existing tap.",F,CNR,119.4,119.4,119.4,119.4,False,2015-03-02,2015,2019-05-31,2019-04-30,2016-04-27,1.1553730321697468,N,N,,2016-04-27
539,Hoosac Wind Project CNR Only,G,True,,in service,C,WND,All other,WT,MA,True,Franklin,WMA,Hoosac 69 kV Substation,F,CNR,28.5,0.0,28.5,28.5,True,2015-03-02,2015,2016-01-19,2016-01-19,,0.8843258042436687,N,N,Executed,2016-01-29
540,CPV Towantic Increase,G,True,,in service,C,DFO NG,All other,CC,CT,False,New Haven,SWCT,"CL&P 115kV Lines 1575, 1585 & 1990",F,CNR,800.5,55.5,800.5,830.5,False,2015-03-02,2015,2018-05-21,2018-01-24,,3.2197125256673513,Y,Y,Executed,2018-05-21
541,Combined cycle (alt to Q442/472),G,True,,withdrawn,W,DFO NG,All other,CC,MA,True,Hampden,WMA,"115kV Line 1302 between Buck Pond and Pochassic substations, approximately 1 mile south of Buck
Pond",F,CNR,431.0,431.0,431.0,452.0,False,2015-03-02,2015,2019-03-01,2018-06-01,2016-02-16,0.9609856262833676,N,N,,2016-02-17
542,combustion turbine,G,True,,withdrawn,W,DFO NG,All other,GT,MA,True,Norfolk,SEMA,NSTAR 115kV Edgar substation,F,CNR,97.0,97.0,97.0,97.0,False,2015-03-02,2015,2018-02-01,2017-12-01,2016-04-18,1.1307323750855578,N,N,,2016-04-18
543,Antrim Wind,G,True,,in service,C,WND,All other,WT,NH,False,Hillsborough,NH,Proposed POI is to PSNH 115 kV line L163.,F,CNR,28.4,28.4,28.4,28.4,False,2015-03-02,2015,2019-12-24,2019-08-16,,4.813141683778234,Y,Y,Executed,2019-12-30
544,Increase RISEC Winter CNR,G,True,,in service,C,NG,All other,CC,RI,False,Providence,RI,115 kV RISE substation,F,CNR,613.0,0.0,613.0,625.0,True,2015-03-03,2015,2015-08-17,2015-08-17,,0.45722108145106094,N,N,Executed,2015-08-18
545,Proctor Hydroelectric Station Uprate,G,True,,in service,C,WAT,All other,HD,VT,False,Rutland,VT,GMP Proctor Substation 46kV Circuit Breaker BB8,F,CNR,2.0,3.241,2.0,2.0,False,2015-03-03,2015,2015-06-25,2015-05-02,,0.31211498973305957,N,Y,Executed,2015-06-29
546,"NEA Bell. Uprate (Northeast Energy Associates, LP)",G,True,,in service,C,DFO NG,All other,CC,MA,True,Norfolk,SEMA,345 kV NEA Bellingham substation,F,CNR,314.7,1.393,314.7,340.241,False,2015-03-04,2015,2018-07-31,2018-07-15,,3.4086242299794662,N,N,Executed,2019-05-21
547,Wind uprate,G,True,,withdrawn,W,WND,All other,WT,ME,False,Penobscot,BHE,Existing connection between Emera Maine 115kV lines 64 and 97,F,NR,42.9,2.93,42.9,42.9,False,2015-04-28,2015,2018-12-31,2018-12-01,2018-05-31,3.0910335386721424,N,N,,2018-05-31
548,Combined Cycle,G,True,,withdrawn,W,DFO NG,All other,CC,MA,True,Plymouth,SEMA,interconnection between Carver and Tremont substations (NSTAR 115kV Lines 127/128 and 134): ALT connection 345kV Carver substation,F,CNR,870.0,870.0,870.0,893.0,False,2015-05-28,2015,2020-05-01,2020-01-02,2016-05-19,0.9774127310061602,N,N,,2016-05-20
549,Combined Cycle,G,True,,withdrawn,W,DFO NG,All other,CC,RI,False,Newport,RI,interconnection on NGRID 115kV M13 & L14 lines  connecting to Somerset and Bell Rock substations,F,CNR,870.0,870.0,870.0,893.0,False,2015-05-28,2015,2020-05-01,2020-01-02,2015-07-09,0.11498973305954825,N,N,,2015-07-13
550,Solar,G,True,,withdrawn,W,SUN,Solar,PV,VT,False,Franklin,VT,115 kV Highgate Sub,F,CNR,19.9,19.9,19.9,19.9,False,2015-06-12,2015,2016-12-01,2016-11-15,2015-08-04,0.14510609171800137,N,N,,2015-08-04
551,Solar,G,True,,withdrawn,W,SUN,Solar,PV,VT,False,Windsor,VT,115kV Coolidge sub,F,CNR,19.9,19.9,19.9,19.9,False,2015-06-12,2015,2016-12-01,2016-11-15,2015-08-04,0.14510609171800137,N,N,,2015-08-04
552,"Nutmeg Solar, LLC",G,True,,in service,C,SUN,Solar,PV,CT,False,Hartford,CT,115kV Sitico Sub,F,NR,19.9,19.9,19.9,19.9,False,2015-06-12,2015,2020-12-07,2020-11-15,,5.489390828199863,Y,Y,Executed,2020-12-08
553,Solar,G,True,,withdrawn,W,SUN,Solar,PV,ME,False,Franklin,ME,115 kV Sturtevant sub,F,CNR,19.9,19.9,19.9,19.9,False,2015-06-12,2015,2016-12-01,2016-11-15,2015-08-28,0.2108145106091718,N,N,,2015-08-28
554,Southbridge LFGTE Engine 2,G,True,,withdrawn,W,LFG,All other,IC,MA,True,Worcester,CMA,National Grid 413L4 (Existing facility POI),F,CNR,3.2,1.6,3.2,3.2,False,2015-06-18,2015,2018-08-18,2018-07-25,2017-07-05,2.0479123887748116,Y,N,Executed,2017-07-05
555,Wind farm,G,True,,withdrawn,W,WND,All other,WT,ME,False,Oxford,ME,CMP Rumford-Kimball Road 115 kV,F,CNR,39.6,39.6,39.6,39.6,False,2015-08-07,2015,2019-12-01,2019-09-01,2019-01-18,3.4496919917864477,Y,N,,2019-01-18
556,Wind Farm,G,True,,withdrawn,W,WND,All other,WT,ME,False,Somerset,ME,CMP Wyman - Harris 115 kV,F,CNR,79.2,79.2,79.2,79.2,False,2015-08-07,2015,2019-12-01,2019-09-01,2017-04-27,1.7221081451060918,N,N,,2017-04-27
557,Farminton Solar,G,True,,in service,C,SUN,Solar,PV,ME,False,Franklin,ME,CMP Sturtevant Substation - 115 kV,F,NR,78.4,78.4,78.4,78.4,False,2015-08-10,2015,2021-10-27,2021-09-09,,6.2149212867898695,Y,Y,Executed,2021-10-27
558,solar,G,True,,withdrawn,W,SUN,Solar,PV,VT,False,Franklin,VT,115 kV Highgate Substation,N,NA,20.0,20.0,20.0,20.0,False,2015-08-12,2015,2016-12-01,2016-11-15,2015-09-03,0.06023271731690623,N,N,,2015-09-08
559,solar,G,True,,withdrawn,W,SUN,Solar,PV,VT,False,Windsor,VT,115 kV Coolidge substation,N,NA,20.0,20.0,20.0,20.0,False,2015-08-12,2015,2016-12-01,2016-11-15,2015-09-03,0.06023271731690623,N,N,,2015-09-08
560,Solar,G,True,,withdrawn,W,SUN,Solar,PV,VT,False,Orange,VT,GMP 46 kV Randolph Center Substation,N,NA,20.0,20.0,20.0,20.0,False,2015-08-27,2015,2016-12-01,2016-11-01,2015-10-29,0.17248459958932238,N,N,,2015-10-30
561,Solar,G,True,,withdrawn,W,SUN,Solar,PV,VT,False,Franklin,VT,VEC Highgate to Rock Tenn 46 kV line,N,NA,20.0,20.0,20.0,20.0,False,2015-08-27,2015,2017-08-31,2017-07-31,2017-01-25,1.4154688569472964,N,N,,2017-01-26
562,Solar,G,True,,withdrawn,W,SUN,Solar,PV,VT,False,Orleans,VT,VEC Irasburg H16 46 kV line,N,NA,20.0,20.0,20.0,20.0,False,2015-08-27,2015,2017-08-31,2017-07-31,2017-05-24,1.7412731006160165,N,N,,2017-05-24
563,Solar,G,True,,withdrawn,W,SUN,Solar,PV,VT,False,Rutland,VT,VELCO 46 kV bus at Florence Substation,N,NA,20.0,20.0,20.0,20.0,False,2015-09-01,2015,2016-11-01,2016-10-01,2015-09-03,0.0054757015742642025,N,N,,2015-09-08
564,Solar,G,True,,withdrawn,W,SUN,Solar,PV,VT,False,Franklin,VT,115 kV Highgate Substation,F,CNR,19.9,19.9,19.9,19.9,False,2015-09-04,2015,2016-12-01,2016-11-15,2016-02-24,0.4736481861738535,N,N,,2016-02-24
565,Coolidge Solar,G,True,,in service,C,SUN,Solar,PV,VT,False,Windsor,VT,115 kV Coolidge Substation,F,CNR,19.9,19.9,19.9,19.9,False,2015-09-08,2015,2018-12-20,2018-12-12,,3.2826830937713893,Y,Y,Executed,2018-12-20
566,Solar,G,True,,withdrawn,W,SUN,Solar,PV,VT,False,Rutland,VT,VELCO Florence Substation - 46 kV,F,CNR,19.9,19.9,19.9,19.9,False,2015-09-09,2015,2016-12-01,2016-11-01,2016-04-15,0.5995893223819302,N,N,,2016-04-18
567,Solar,G,True,,withdrawn,W,SUN,Solar,PV,VT,False,Franklin,VT,VELCO Highgate Substation - 345 kV Bus,F,CNR,196.0,196.0,196.0,196.0,False,2015-09-11,2015,2017-07-01,2017-06-15,2015-09-21,0.02737850787132101,N,N,,2015-09-21
568,Solar,G,True,,withdrawn,W,SUN,Solar,PV,NH,False,Rockingham,NH,Unitil 34.5 kV W. Port. St. sub,N,NA,10.0,10.0,10.0,10.0,False,2015-09-25,2015,2021-11-01,2021-10-15,2021-03-11,5.45927446954141,Y,Y,,2021-03-11
569,HVDC from ME to MA (MA import only),ETU,False,,withdrawn,W,N/A,All other,NA,MA,True,Plymouth,SEMA,Emera Orrington 345 kV substation to Eversource Jordan Rd,F,N/A,1200.0,1200.0,1200.0,1200.0,False,2015-10-16,2015,2021-12-31,2021-11-30,2018-06-25,2.6913073237508556,N,N,,2018-06-25
570,Kendall Revised Reconfiguration Project,G,True,,in service,C,DFO NG,All other,CC,MA,True,Middlesex,BOST,Where line 875-539 interconnects with TO''s 115KV bus at station,F,CNR,250.0,0.0,250.0,250.0,True,2015-10-21,2015,2016-05-31,2016-05-31,,0.6105407255304586,N,N,Executed,2016-05-31
571,Wyman Area to Larabee Rd Line,ETU,False,,withdrawn,W,N/A,All other,NA,ME,False,Somerset/Androscoggin,ME,Wyman Area to CMP Larabee Rd 345 kV sub,F,N/A,850.0,850.0,850.0,850.0,False,2015-11-02,2015,2019-11-30,2019-10-31,2019-08-08,3.7645448323066395,Y,N,,2019-08-08
572,Wind,G,True,,withdrawn,W,WND,All other,WT,ME,False,Franklin,ME,CMP Larrabee Road 345 kV station,F,NR,113.0,113.0,113.0,113.0,False,2015-11-03,2015,2019-10-31,2019-08-01,2018-04-09,2.431211498973306,N,N,,2018-04-09
573,Wind,G,True,,withdrawn,W,WND,All other,WT,ME,False,Franklin,ME,CMP Larrabee Road Station 345 kV,F,NR,245.38,245.38,245.38,245.38,False,2015-11-03,2015,2019-10-31,2019-08-01,2019-08-08,3.761806981519507,Y,N,,2019-08-08
574,Wind,G,True,,withdrawn,W,WND,All other,WT,ME,False,Franklin,ME,CMP Larrabee Road Station 345 kV,F,NR,216.41,216.41,216.41,216.41,False,2015-11-03,2015,2019-10-31,2019-08-01,2019-08-08,3.761806981519507,Y,N,,2019-08-08
575,Casco Bay Energy Storage,G,True,,in service,C,BAT,Storage,OT,ME,False,Cumberland,ME,CMP''s PTF 115kV Upper Bus at William F Wyman Station,F,NR,16.2,16.2,16.2,16.2,False,2015-11-03,2015,2016-12-31,2016-12-02,,1.160848733744011,Y,Y,Executed,2017-08-25
576,Battery Storage,G,True,,withdrawn,W,WND BAT,All other,OT,ME,False,Franklin,ME,CMP Larrabee Road station 345 kV,F,NR,241.49,52.26,241.49,241.49,False,2015-11-12,2015,2019-10-31,2019-08-01,2019-08-08,3.7371663244353184,Y,N,,2019-08-08
577,Battery Storage,G,True,,withdrawn,W,WND BAT,All other,OT,ME,False,Frqanklin,ME,"CMP Larrabee Road Station,345 kV",F,NR,270.46,25.08,270.46,270.46,False,2015-11-12,2015,2019-11-09,2019-08-01,2019-08-08,3.7371663244353184,Y,N,,2019-08-08
578,Solar,G,True,,withdrawn,W,SUN,Solar,PV,ME,False,Somerset,ME,CMP Larrabee Road 345 kV.,F,NR,152.0,152.0,152.0,152.0,False,2015-11-20,2015,2019-10-31,2019-08-01,2019-08-08,3.7152635181382614,Y,N,,2019-08-08
579,Energy Center,G,True,,withdrawn,W,NG OTH,All other,OT,NH,False,Cheshire,VT,"Eversource (PSNH) 379 line crossing Forest Lake Road (POI will be south of Forest Lake Road), which is in close proximity to the Project site.",F,CNR,570.1,570.1,570.1,569.6,False,2015-11-25,2015,2020-06-01,2020-03-01,2016-04-21,0.405201916495551,N,N,,2016-04-21
580,Combined Cycle,G,True,,withdrawn,W,DFO NG,All other,CC,MA,True,Worcester,CMA,"Anticipated interconnection is the National Grid 345kV line 366 between the West Farnum and Millbury substations, and/or the Eversource 345kV line 3361 between Sherman Rd and Blackstone.",F,CNR,1020.0,1020.0,1020.0,1030.0,False,2015-11-30,2015,2020-05-31,2020-01-15,2016-05-17,0.46269678302532513,N,N,,2016-05-18
581,Solar,G,True,,withdrawn,W,SUN,Solar,PV,MA,True,Worcester,CMA,"POI is the GRID 69KV switchyard at the Harrington Street Facility. 229 Harrington Street, East Brookfield, MA. National Grid has this information.",F,CNR,2.66,2.66,2.66,2.66,False,2015-12-02,2015,2017-12-01,2017-11-01,2018-02-05,2.1793292265571527,Y,N,In Progress,2018-02-05
582,Solar,G,True,,withdrawn,W,SUN,Solar,PV,MA,True,Worcester,CMA,"POI is the GRID 69KV switchyard at the Harrington Street Facility. 229 Harrington Street, East Brookfield, MA. National Grid has this information.",F,CNR,3.105,3.11,3.105,3.105,False,2015-12-02,2015,2017-12-01,2017-11-01,2018-02-05,2.1793292265571527,Y,N,In Progress,2018-02-05
583,Sanford Airport Solar,G,True,,in service,C,SUN,Solar,PV,ME,False,York,ME,CMP Sanford 115kV Substation,F,NR,50.0,50.0,50.0,50.0,False,2015-12-04,2015,2020-11-07,2020-10-06,,4.9281314168377826,Y,Y,Executed,2020-11-09
584,ETU CNI only (see Q508),ETU,False,,withdrawn,W,N/A,All other,NA,MA,True,Berkshire,WMA,NY Alps substation to WMECO Berkshire substation,F,CNI,0.0,0.0,0.0,0.0,True,2015-12-10,2015,2019-08-31,2019-07-31,2018-10-31,2.891170431211499,N,N,In Progress,2018-10-31
585,HVDC Tie NB to Mystic,ETU,False,,withdrawn,W,N/A,All other,NA,MA,True,Middlesex,BOST,NB 345 kV Coleson Cove substation to NSTAR 345 kV Mystic substation,F,CNI,900.0,900.0,900.0,900.0,False,2015-12-14,2015,2020-12-30,2020-11-30,2018-03-05,2.223134839151266,N,N,,2018-03-05
586,Hemphill Increase,G,True,,in service,C,WDS,All other,ST,NH,False,Sullivan,NH,34.5 Kv PSNH 316 Utility Line,F,CNR,17.5,3.363,17.5,17.5,False,2016-01-04,2016,2016-10-28,2016-10-28,,0.8158795345653662,Y,Y,Executed,2016-10-28
587,Solar,G,True,,withdrawn,W,SUN,Solar,PV,NH,False,Cheshire,VT,115 kV Eversource Fitzwilliam Substation,F,CNR,98.0,98.0,98.0,98.0,False,2016-01-07,2016,2018-07-01,2018-06-15,2016-09-28,0.7255304585900069,N,N,,2016-09-29
588,Quinebaug Solar,G,True,,in service,C,SUN,Solar,PV,CT,False,Windham,CT,"Killingly to Tunnel 115 kV line (approx 5.5 miles south of Brooklyn Substation) GPS Coordinates: 
- 71 55’ 27.9” W
- 41 44’ 14.21” N",F,NR,49.0,49.0,49.0,49.0,False,2016-01-07,2016,2021-12-18,2021-12-11,,5.946611909650924,Y,Y,Executed,2021-12-27
589,"AC Line to Pittsfield, ME",ETU,False,,withdrawn,W,N/A,All other,NA,ME,False,Somerset,ME,CMP Section 3023 345 kV Line,F,N/A,550.0,550.0,550.0,550.0,False,2016-01-11,2016,2019-12-31,2019-11-30,2018-04-12,2.2505133470225873,N,N,,2018-04-12
590,"AC Line from NMISA to Chester and Pittsfield, ME",ETU,False,,withdrawn,W,N/A,All other,NA,ME,False,Somerset and Penobscot,ME,Emera Keene Rd substation and CMP Section 3023 345 kV Line,F,N/A,1200.0,1200.0,1200.0,1200.0,False,2016-01-11,2016,2019-12-31,2019-11-30,2018-04-12,2.2505133470225873,N,N,,2018-04-12
591,AC Line,ETU,False,,withdrawn,W,N/A,All other,NA,ME,False,Cumberland,ME,CMP Surowiec Area,F,N/A,400.0,400.0,400.0,400.0,False,2016-01-20,2016,2019-11-30,2019-10-31,2018-04-12,2.2258726899383983,N,N,,2018-04-12
592,Bear Swamp Unit 1 and 2 Upgrade,G,True,,in service,C,WAT,All other,PS,MA,True,Berkshire,WMA,GRID 230 kV Bear Swamp substation,F,CNR,663.0,66.0,663.0,663.0,False,2016-01-21,2016,2023-01-06,2022-12-01,,6.959616700889802,Y,Y,Executed,2023-01-09
593,Wind,G,True,,withdrawn,W,WND,All other,WT,ME,False,Franklin,ME,"CMP''s  Orrington - Albion Road 345 kV line, section 3023",F,NR,216.41,0.0,216.41,216.41,True,2016-01-27,2016,2019-10-31,2019-08-01,2018-04-09,2.198494182067077,N,N,,2018-04-09
594,Wind,G,True,,withdrawn,W,WND,All other,WT,ME,False,Franklin,ME,CMP''s existing Orrington - Albion Road 345 kV line section 3023,F,NR,245.48,0.0,245.48,245.48,True,2016-01-27,2016,2019-10-31,2019-08-01,2018-04-09,2.198494182067077,N,N,,2018-04-09
595,Bridgeport Energy PSS Tuning,G,True,,in service,C,NG,All other,GT,CT,False,Fairfield,SWCT,UI Singer Substation,F,CNR,578.0,0.0,578.0,588.0,True,2016-02-08,2016,2016-10-28,2016-10-28,,0.7200547570157426,Y,Y,Executed,2017-06-26
596,Combined Cycle,G,True,,withdrawn,W,DFO NG,All other,CC,CT,False,Windham,CT,Killingly or Lake Road 345 kV,F,CNR,1120.0,1120.0,1120.0,1170.0,False,2016-02-08,2016,2020-06-01,2019-10-01,2017-05-19,1.2758384668035592,N,N,,2017-05-19
597,Hydro,G,True,,withdrawn,W,WAT,All other,HD,ME,False,Oxford/Franklin/Androscoggin,ME,"CMP Section 230 (115 kV) at southeast end, high side of Verso Androscoggin substation",F,CNR,28.325,28.325,28.325,28.325,False,2016-02-24,2016,2019-06-01,2019-05-31,2018-04-20,2.1519507186858315,N,N,,2018-04-20
598,Combined Cycle,G,True,,withdrawn,W,DFO NG,All other,CC,CT,False,Windham,CT,Killingly/Lake Road 345 kV,F,CNR,563.0,563.0,563.0,576.0,False,2016-03-07,2016,2022-03-01,2021-09-01,2018-03-28,2.0561259411362083,Y,N,In Progress,2018-03-28
599,Solar,G,True,,withdrawn,W,SUN,Solar,PV,NH,False,Cheshire,VT,NGrid 115kV line from Vernon road tap to the Vernon Road Substation,F,CNR,65.0,65.0,65.0,65.0,False,2016-04-05,2016,2018-04-18,2018-04-15,2018-01-23,1.8015058179329226,N,N,,2018-01-23
600,Combined Cycle Uprate,G,True,,withdrawn,W,DFO NG,All other,CC,RI,False,Providence,RI,NGRID 345kV Sherman Road (existing OSP I and II switchyard),F,CNR,615.873,21.077,615.873,649.794,False,2016-04-14,2016,2016-07-31,2016-07-15,2017-08-28,1.3716632443531827,N,N,,2017-08-28
601,Combined Cycle Upgrade,G,True,,withdrawn,W,DFO NG,All other,CC,RI,False,Providence,RI,NGRID 345kV Sherman Road (existing OSP I and II switchyard),F,CNR,655.873,40.0,655.873,689.794,False,2016-04-14,2016,2020-05-31,2020-03-01,2017-08-28,1.3716632443531827,N,N,,2017-08-28
602,Moore Station Uprate,G,True,,in service,C,WAT,All other,HW,NH,False,Grafton,NH,NGRID at Moore power station switchyard 230kV,F,CNR,195.9,4.6,195.9,195.9,False,2016-04-14,2016,2023-10-18,2023-09-22,,7.509924709103354,Y,Y,Executed,2023-10-25
603,Essential Power Newington - CNRC Increase,G,True,,in service,C,DFO NG,All other,CC,NH,False,Rockingham,NH,"Public Service New Hampshire Newington Switchyard - Gosling Road, Newington, NH",F,CNR,596.1,0.0,596.1,634.9,True,2016-04-15,2016,2016-10-28,2016-10-28,,0.5366187542778919,N,N,,2022-06-15
604,Lake Road CNR Only (see Q534),G,True,,in service,C,NG,All other,CC,CT,False,Windham,RI,345kV Lake Road 27E Substation,F,CNR,882.0,0.0,882.0,951.0,True,2016-04-20,2016,2018-05-20,2017-11-26,,2.080766598220397,N,N,Executed,2018-08-01
605,Sanford Airport Solar CNR only,G,True,,in service,C,SUN,Solar,PV,ME,False,York,ME,CMP Sanford 115kV substation,F,NR,50.0,0.0,50.0,50.0,True,2016-04-21,2016,2020-11-07,2020-10-06,,4.547570157426421,N,N,Executed,2020-11-09
606,Huntington Falls 2017 Upgrades,G,True,,in service,C,WAT,All other,HD,VT,False,Chittenden,VT,GMP Huntington Falls Substation 46 kV Circuit Breaker BB-10,F,CNR,1.24,1.59,1.24,1.24,False,2016-04-21,2016,2017-04-12,2017-03-13,,0.974674880219028,Y,Y,Executed,2017-06-08
607,Canton Mountain Wind CNR Only,G,True,,in service,C,WND,All other,WT,ME,False,Oxford,ME,"CMP Ludden Lane Substation, Canton, Maine",F,CNR,22.8,0.0,22.8,22.8,True,2016-04-21,2016,2017-12-01,2017-10-18,,1.6125941136208077,N,N,Executed,2017-11-29
608,Combined Cycle GT,G,True,,withdrawn,W,NG WO,All other,CC,MA,True,Bristol,SEMA,"Located at current Cleary node 375,376 interconnected with National Grid s-8 and v-5 line, SEMA load zone.",F,CNR,68.01,68.01,68.01,69.5,False,2016-04-22,2016,2020-05-01,2019-12-31,2016-05-24,0.08761122518822724,N,N,,2016-05-24
609,Gas Turbine Upgrade,G,True,,withdrawn,W,DFO,All other,GT,CT,False,New Haven,CT,POI is the CL&P Devon 115kv Substation,F,CNR,162.0,23.52,162.0,162.0,False,2016-04-22,2016,2020-05-31,2020-04-21,2016-06-03,0.11498973305954825,N,N,,2016-06-03
610,Steam Turbines,G,True,,withdrawn,W,BLQ DFO KER WDS,All other,ST,ME,False,Franklin,ME,Central Maine Power (CMP) Riley 115kV Section 230  (K230-2),F,CNR,75.0,75.0,75.0,80.0,False,2016-04-22,2016,2018-05-31,2018-05-30,2017-03-24,0.919917864476386,N,N,,2017-03-27
611,Combustion Turbine,G,True,,withdrawn,W,NG,All other,GT,CT,False,Fairfield,SWCT,"Eversource Energy 115kV MiddleRiver Substation Danbury, CT",F,CNR,102.0,102.0,102.0,102.0,False,2016-04-25,2016,2019-06-01,2019-01-01,2018-01-04,1.6947296372347707,Y,N,In Progress,2018-01-04
612,Medway Hydro - CNR only,G,True,,in service,C,WAT,All other,HD,ME,False,Penobscot,BHE,Medway Substation,F,CNR,4.003,0.0,4.003,4.003,True,2016-04-26,2016,2017-08-14,2017-08-14,,1.3004791238877482,N,N,Executed,2017-09-25
613,Solar,G,True,,withdrawn,W,SUN,Solar,PV,CT,False,Windham,CT,Killingly to Tunnel 115 kV line,F,CNR,63.0,63.0,63.0,63.0,False,2016-06-28,2016,2018-07-01,2018-06-15,2016-07-13,0.04106776180698152,N,N,,2016-07-14
614,Solar,G,True,,withdrawn,W,SUN,Solar,PV,ME,False,Franklin,ME,CMP Sturtevant Substation - 115 kV,F,CNR,78.4,78.4,78.4,78.4,False,2016-06-28,2016,2018-07-01,2018-06-15,2016-07-13,0.04106776180698152,N,N,,2016-07-14
615,Solar,G,True,,withdrawn,W,SUN,Solar,PV,NH,False,Cheshire,VT,Mondanock to Ashburnham Eversource 115 kV line,F,CNR,78.4,78.4,78.4,78.4,False,2016-06-28,2016,2018-07-01,2018-06-15,2016-07-13,0.04106776180698152,N,N,,2016-07-14
616,Solar,G,True,,withdrawn,W,SUN,Solar,PV,VT,False,Windsor,VT,115 kV Cooolidge Substation,F,CNR,19.9,19.9,,,False,2016-07-01,2016,2017-07-01,2017-06-15,2016-07-13,0.03285420944558522,N,N,,2016-07-14
617,Simple Cycle Gas Turbine,G,True,,in service,C,DFO NG,All other,GT,MA,True,Essex,BOST,Peabody Waters River Substation,N,NA,61.851,61.851,61.851,67.851,False,2016-07-22,2016,2024-06-29,2024-01-11,,7.9370294318959616,Y,Y,,2024-07-23
618,Bay State Offshore Wind 1,G,True,,withdrawn,W,WND,All other,WT,MA,True,NA,RI,"National Grid, 345 kV Brayton Point Substation, Somerset, MA",F,NR,800.0,800.0,800.0,800.0,False,2016-08-01,2016,2026-05-31,2025-09-21,2022-08-10,6.023271731690623,Y,Y,Executed,2022-08-10
619,Bi-directional AC LIne,ETU,False,,withdrawn,W,N/A,All other,NA,MA,True,Berkshire,WMA,NY Alps 345 kV Substation to WMECO Berkshire 345 kV substation,F,N/A,,,,,False,2016-09-16,2016,2021-12-31,2021-11-30,2017-01-25,0.3586584531143053,N,N,,2017-01-25
620,Solar,G,True,,withdrawn,W,SUN,Solar,PV,ME,False,Washington,BHE,Emera 115 kV Deblois substation,F,NR,75.0,75.0,75.0,75.0,False,2016-10-07,2016,2022-05-31,2022-05-15,2020-08-12,3.8466803559206024,Y,Y,In Progress,2020-08-13
621,Wind,G,True,,withdrawn,W,WND,All other,WT,ME,False,Somerset,ME,CMP Section 3023 345 kV line (via Johnson Mountain substation),F,CNR,93.6,93.6,93.6,93.6,False,2016-10-17,2016,2020-01-15,2019-12-30,2018-04-12,1.483915126625599,N,N,,2018-04-12
622,Cogen DG,G,True,,in service,C,NG,All other,GT,MA,True,Middlesex,CMA,Putnum Station 831,N,NA,43.0,43.0,43.0,43.0,False,2016-10-17,2016,2021-09-30,2020-08-31,,4.952772073921971,Y,Y,,2022-04-29
623,Solar,G,True,,withdrawn,W,SUN,Solar,PV,ME,False,York,ME,CMP/Eversource 345 kV Line 391 from Buxton substation to Scobie Pond substation (approx. 27.7 miles from Buxton substation),F,NR,150.0,150.0,150.0,150.0,False,2016-10-31,2016,2022-12-31,2022-12-15,2021-08-12,4.780287474332649,Y,Y,Executed,2021-08-12
624,Vineyard Offshore Wind,G,True,,in service,C,WND,All other,WT,MA,True,NA,SEMA,115 kV Barnstable Substation,F,CNR,800.0,800.0,800.0,800.0,False,2016-11-09,2016,2026-04-24,2024-01-02,,9.453798767967145,Y,Y,Executed,2026-04-27
625,345 kV AC line,ETU,False,,withdrawn,W,N/A,All other,NA,MA,True,Bristol,RI,345 kV Brayton point substation,F,N/A,1600.0,1600.0,1600.0,1600.0,False,2016-11-10,2016,2023-12-31,2023-08-31,2019-04-11,2.414784394250513,N,N,,2019-04-11
626,Wind,G,True,,withdrawn,W,WND,All other,WT,ME,False,Aroostook,BHE,MEPCO 396 line,F,CNR,376.2,376.2,376.2,376.2,False,2016-12-14,2016,2019-12-01,2019-10-01,2018-04-02,1.297741273100616,N,N,,2018-04-03
627,400 kV HVDC Tie - Import Only,ETU,False,,withdrawn,W,N/A,All other,NA,NH,False,Grafton,NH,GRID 230 kV Comerford Substation,F,CNI,1200.0,1200.0,1200.0,1200.0,False,2016-12-27,2016,2022-12-31,2022-10-01,2019-07-16,2.5489390828199863,N,N,,2019-07-16
628,Solar,G,True,,withdrawn,W,SUN,Solar,PV,NH,False,Cheshire,NH,Eversource 34.5 kV Monadnock SS (3120 line),N,NA,30.0,30.0,30.0,30.0,False,2017-03-07,2017,2018-12-31,2018-09-30,2017-08-09,0.4243668720054757,N,N,,2017-09-15
629,Solar,G,True,,withdrawn,W,SUN,Solar,PV,CT,False,New Haven,CT,"CT_NU 115 kV Line from Wallingford to NU_1208_WAL.  Proposed POI is located at 41° 26’ 27.9” N , 72° 50’36.6” W (see the drawing with file name ""Project Facility Layout - 22NOV16.pdf"" for a map of proposed POI location).",F,NR,20.0,20.0,20.0,20.0,False,2017-03-07,2017,2018-12-31,2018-11-15,2017-05-23,0.2108145106091718,N,N,,2017-05-24
630,Project Increase,G,True,,withdrawn,W,MSW,All other,ST,CT,False,Hartford,CT,Connecticut Light and Powers 13.8 kv Forestville 12A Substation,F,CNR,15.67,2.153,15.67,15.67,False,2017-04-05,2017,2017-09-01,2017-09-01,2017-11-21,0.6297056810403833,N,N,,2017-11-29
631,CHP,G,True,,withdrawn,W,NG,All other,IC,NH,False,Coos,NH,"PSNH 34.5 kV Line, Berlin, NH",F,CNR,8.64,8.0,8.64,8.64,False,2017-04-05,2017,2018-07-15,2018-06-15,2017-07-26,0.3066392881587953,N,N,,2017-07-26
632,Offshore Wind w/ battery storage,G,True,,withdrawn,W,WND BAT,All other,OT,MA,True,NA,SEMA,"Eversource, 115kV Bourne Substation, Barnstable County, Massachusetts",F,CNR,880.0,880.0,880.0,880.0,False,2017-04-05,2017,2024-12-06,2024-04-05,2020-01-23,2.8008213552361396,Y,N,,2020-01-23
633,Passadumkeag Wind CNR only,G,True,,in service,C,WND,All other,WT,ME,False,Penobscot,BHE,Existing connection between Emera Maine 115kV lines 64 and 97,F,NR,39.97,0.0,39.97,39.97,True,2017-04-06,2017,2019-06-28,2019-06-28,,2.2258726899383983,N,N,In Progress,2020-02-24
634,Wind CNR (see Q573),G,True,,withdrawn,W,WND,All other,WT,ME,False,Franklin,ME,CMP Larabee Road 345 kV station,F,CNR,245.38,0.0,245.38,245.38,True,2017-04-11,2017,2019-10-31,2019-08-01,2019-08-08,2.324435318275154,N,N,,2019-08-08
635,Wind CNR (see Q574),G,True,,withdrawn,W,WND,All other,WT,ME,False,Franklin,ME,CMP Larabee Road 345 kV station,F,CNR,216.41,0.0,216.41,216.41,True,2017-04-13,2017,2019-10-31,2019-08-01,2019-08-08,2.31895961670089,N,N,,2019-08-08
636,BSS CNR only (see Q576),G,True,,withdrawn,W,WND BAT,All other,OT,ME,False,Franklin,ME,CMP Larrabee Road station 345 kV,F,CNR,241.49,0.0,241.49,241.49,True,2017-04-13,2017,2019-10-31,2019-08-01,2019-08-08,2.31895961670089,N,N,,2019-08-08
637,BSS CNR only (see Q577),G,True,,withdrawn,W,WND BAT,All other,OT,ME,False,Franklin,ME,"CMP Larrabee Road Station,345 kV",F,CNR,270.46,0.0,270.46,270.46,True,2017-04-13,2017,2019-10-31,2019-08-01,2019-08-08,2.31895961670089,N,N,,2019-08-08
638,Solar CNR only (see Q578),G,True,,withdrawn,W,SUN,Solar,PV,ME,False,Franklin,ME,CMP Larrabee Road 345 kV.,F,CNR,152.0,0.0,152.0,152.0,True,2017-04-13,2017,2019-10-31,2019-08-01,2019-08-08,2.31895961670089,N,N,,2019-08-08
639,NECEC 1200 MW HVDC (import only) - controllable,ETU,False,,in service,C,N/A,All other,NA,ME,False,Androscoggin,ME,CMP Larrabee Rd 345 kV Substation,F,NI,1200.0,1200.0,,,False,2017-04-19,2017,2025-12-31,2025-09-01,,8.700889801505818,Y,Y,Executed,2025-12-31
640,1000 MW HVDC (import only),ETU,False,,withdrawn,W,N/A,All other,NA,MA,True,Plymouth,SEMA,"Northern Interconnection: Coleson Cove 345kV Substation, New Brunswick
Southern Interconnection: 345kV lines from Pilgrim Substation, Plymouth, Massachusetts",F,NI,1000.0,1000.0,,,False,2017-04-21,2017,2022-12-31,2022-11-30,2020-11-30,3.6112251882272415,N,N,,2020-12-01
641,Wind,G,True,,withdrawn,W,WND,All other,WT,ME,False,Oxford,ME,CMP 115 kV Line 210,F,CNR,54.6,65.55,54.6,54.6,False,2017-04-24,2017,2020-12-31,2020-09-15,2018-08-13,1.3032169746748803,N,N,,2018-08-13
642,Repowering Increase,G,True,,withdrawn,W,DFO NG,All other,GT,MA,True,Norfolk,SEMA,BELD station 16 switchyard,F,CNR,98.12,34.85,98.12,98.16,False,2017-04-26,2017,2021-05-22,2021-02-22,2017-05-31,0.09582477754962354,N,N,,2017-05-31
643,Solar CNR only,G,True,,withdrawn,W,SUN,Solar,PV,CT,False,New Haven,CT,"CT_NU 115 kV Line from Wallingford to NU_1208_WAL.  Proposed POI is located at 41° 26’ 27.9” N , 72° 50’36.6” W (see the attached site layout drawing).",F,CNR,20.0,0.0,20.0,20.0,True,2017-04-27,2017,2018-12-31,2018-11-15,2017-05-23,0.07118412046543464,N,N,,2017-05-24
644,Solar,G,True,,withdrawn,W,SUN,Solar,PV,VT,False,Franklin,VT,VEC Sheldon - Rocktenn 46 kV line,F,CNR,20.1,20.1,20.1,20.1,False,2017-04-28,2017,2018-10-31,2018-10-15,2017-07-24,0.23819301848049282,N,N,,2017-07-24
645,Solar,G,True,,withdrawn,W,SUN,Solar,PV,VT,False,Orange,VT,GMP Randolph Center Substation 46 kV,F,CNR,20.1,20.1,20.1,20.1,False,2017-04-28,2017,2019-12-15,2019-11-15,2017-07-24,0.23819301848049282,N,N,,2017-07-24
646,Solar,G,True,,withdrawn,W,SUN,Solar,PV,VT,False,Franklin,VT,"VEC Highgate - Enosburg 46 kV line, 700 feet from Highgate",F,CNR,20.1,20.1,20.1,20.1,False,2017-04-28,2017,2019-09-01,2019-08-01,2017-07-24,0.23819301848049282,N,N,,2017-07-24
647,Gas turbine repowering,G,True,,withdrawn,W,DFO NG,All other,GT,CT,False,Middlesex,CT,"Middletown Substation at 115KV, MD#2 breaker position",F,CNR,376.0,23.0,376.0,378.0,False,2017-04-28,2017,2022-05-31,2022-02-01,2020-06-11,3.1211498973305956,Y,Y,In Progress,2020-06-11
648,Gas Turbine Repowering,G,True,,withdrawn,W,DFO NG,All other,GT,CT,False,Middlesex,CT,Middletown Station 345KV Substation,F,CNR,376.0,0.0,376.0,378.0,True,2017-04-28,2017,2021-05-31,2021-03-01,2017-06-01,0.09308692676249145,N,N,,2017-06-01
649,Silver Maple Wind,G,True,,in service,C,WND,All other,WT,ME,False,Penobscot,BHE,"Pisgah Mountain Substation, Clifton, ME. 115 kv Bus.",F,NR,20.0,20.0,20.0,20.0,False,2017-05-04,2017,2022-12-14,2022-09-24,,5.6125941136208075,Y,Y,Executed,2022-12-14
650,ETU CNI only (see Q498),ETU,False,,withdrawn,W,N/A,All other,NA,VT,False,Colchester,VT,N/A,F,CNI,0.0,0.0,,,True,2017-05-08,2017,2021-12-31,2021-10-01,2018-02-02,0.7392197125256673,N,N,,2018-02-05
651,AC tie line (import only),ETU,False,,withdrawn,W,N/A,All other,NA,MA,True,Berkshire,WMA,"NY Alps 345kV substation and Eversource
Berkshire 345 kV substation",F,CNI,600.0,600.0,,,False,2017-05-11,2017,2023-12-31,2023-09-15,2019-07-29,2.21492128678987,Y,N,,2019-07-29
652,AC to Larabee Road,ETU,False,,withdrawn,W,N/A,All other,NA,ME,False,Lewiston,ME,"Larrabee Road 345 kV Substation in Lewiston, Androscoggin county Maine 04240.",F,NI,460.0,460.0,,,False,2017-06-01,2017,2020-12-31,2020-11-30,2018-04-12,0.8624229979466119,N,N,,2018-04-12
653,Number Nine Wind CNR only (Q417),G,True,,withdrawn,W,WND,All other,WT,ME,False,Aroostook,BHE,Pittsfield 345KV,F,CNR,250.0,0.0,250.0,250.0,True,2017-06-09,2017,2021-10-31,2021-04-05,2019-05-13,1.9247091033538672,N,N,Executed,2019-05-14
654,"Wind CNR only (see Q460, 461, 462)",G,True,,withdrawn,W,WND,All other,WT,ME,False,Aroostook,BHE,Pittsfield 345KV,F,CNR,312.0,0.0,312.0,312.0,True,2017-06-09,2017,2020-12-30,2020-09-15,2018-04-12,0.840520191649555,N,N,,2018-04-16
655,RoxWind,G,True,,in service,C,WND,All other,WT,ME,False,Oxford,ME,"34.5 kV Bus at Roxbury Substation, Roxbury, Maine",F,CNR,15.3,15.3,15.3,15.3,False,2017-06-15,2017,2021-11-30,2021-11-09,,4.459958932238193,Y,Y,Executed,2021-11-30
656,Weaver Wind CNR (see Q420),G,True,,withdrawn,W,WND,All other,WT,ME,False,Hancock,BHE,EMERA Maine 115kV Bull Hill switching station,F,NR,72.6,0.0,72.6,72.6,True,2017-06-28,2017,2020-12-12,2020-10-13,2021-02-09,3.619438740588638,N,N,Executed,2026-01-27
657,ETU to increase Downeast Loop transfer,ETU,False,,withdrawn,W,N/A,All other,NA,ME,False,Hancock,BHE,N/A,F,N/A,,,,,False,2017-06-29,2017,2020-12-31,2020-11-30,2019-09-12,2.2039698836413417,N,N,,2019-09-12
658,AC to Larabee Road increase (see Q652),ETU,False,,withdrawn,W,N/A,All other,NA,ME,False,Lewiston,ME,"Larrabee Road 345 kV Substation in Lewiston, Androscoggin county Maine 04240.",F,NI,200.0,200.0,,,False,2017-07-14,2017,2020-12-31,2020-11-30,2018-04-12,0.7446954140999316,N,N,,2018-04-12
659,AC to Larabee Road increase (See Q652 and 658),ETU,False,,withdrawn,W,N/A,All other,NA,ME,False,Lewiston,ME,"Larrabee Road 345 kV Substation in Lewiston, Androscoggin county Maine 04240.",F,NI,540.0,540.0,,,False,2017-07-18,2017,2020-12-31,2020-11-30,2018-04-12,0.7337440109514032,N,N,,2018-04-12
660,Solar,G,True,,withdrawn,W,SUN,Solar,PV,VT,False,Windham,NH,"National Grid line tap 69 kV transmission line (D-4), feeding the Vernon Station No. 13",F,CNR,20.0,20.0,20.0,20.0,False,2017-07-20,2017,2022-07-01,2022-06-01,2020-09-10,3.143052703627652,Y,Y,In Progress,2020-09-10
661,345 kV AC line from Quebec to ME,ETU,False,,withdrawn,W,N/A,All other,NA,ME,False,Franklin,ME,CMP/Avangrid 345 kV Larabee Road,F,N/A,450.0,450.0,,,False,2017-07-20,2017,2022-12-01,2022-09-01,2018-04-12,0.7282683093771389,N,N,,2018-04-12
662,Wind,G,True,,withdrawn,W,WND,All other,WT,ME,False,Franklin,ME,CMP Avangrid Larrabee Road 345 kV Substation,F,CNR,150.0,150.0,150.0,150.0,False,2017-07-20,2017,2022-12-01,2022-09-01,2018-04-12,0.7282683093771389,N,N,,2018-04-12
663,Wind,G,True,,withdrawn,W,WND,All other,WT,ME,False,Franklin,ME,CMP Larrabee Road Station 345 kV,F,CNR,241.2,0.0,241.2,241.2,True,2017-07-21,2017,2020-10-31,2020-08-01,2018-04-12,0.7255304585900069,N,N,,2018-04-12
664,Wind,G,True,,withdrawn,W,WND,All other,WT,ME,False,Franklin,ME,CMP Larrabee Road Station 345 kV,F,CNR,214.3,0.0,214.3,214.3,True,2017-07-21,2017,2020-10-31,2020-08-01,2018-04-12,0.7255304585900069,N,N,,2018-04-12
665,Battery storage addition (see Q663),G,True,,withdrawn,W,WND BAT,All other,OT,ME,False,Franklin,ME,"CMP Larrabee Road Station,345 kV",F,CNR,265.6,0.0,265.6,265.6,True,2017-07-21,2017,2020-10-31,2020-08-01,2018-04-12,0.7255304585900069,N,N,,2018-04-12
666,battery storage additional (see Q664),G,True,,withdrawn,W,WND BAT,All other,OT,ME,False,Franklin,ME,CMP Larrabee Road Station 345 kV,F,CNR,238.6,0.0,238.6,238.6,True,2017-07-21,2017,2020-10-31,2020-08-01,2018-04-12,0.7255304585900069,N,N,,2018-04-12
667,Solar,G,True,,withdrawn,W,SUN,Solar,PV,ME,False,Somerset,ME,CMP Larrabee Road 345 kV,F,CNR,150.0,0.0,150.0,150.0,True,2017-07-21,2017,2020-10-31,2020-08-01,2018-04-12,0.7255304585900069,N,N,,2018-04-12
668,NE Clean Power Link - controllable HVDC Tie - CNI only,ETU,False,,withdrawn,W,N/A,All other,NA,VT,False,Windsor,VT,Coolidge Substation,F,NI,,,,,False,2017-07-24,2017,2027-12-31,2027-10-28,2021-02-09,3.5482546201232035,N,N,Executed,2025-11-14
669,Offshore Wind,G,True,,withdrawn,W,WND,All other,WT,MA,True,NA,RI,115 kV Brayton Point Station (Primary) or 115 kV Davisville Substation (alternative),F,CNR,288.0,288.0,288.0,288.0,False,2017-07-25,2017,2023-12-01,2023-09-01,2019-02-14,1.5578370978781657,N,N,,2019-02-14
670,Three Corners Solar,G,True,,in service,C,SUN,Solar,PV,ME,False,Somerset,ME,CMP Albion Rd 115kV substation,F,CNR,113.4,110.0,113.4,113.4,False,2017-07-25,2017,2024-07-27,2024-07-26,,7.006160164271047,Y,Y,Executed,2024-07-26
671,Solar,G,True,,withdrawn,W,SUN,Solar,PV,CT,False,Hartford,CT,Interconnection to existing 115 kV transmission line running across the property between Eversources's Barbour Hill Substation and Endfield Substation.,F,CNR,26.0,26.0,26.0,26.0,False,2017-07-26,2017,2019-12-01,2019-10-01,2017-10-25,0.24914442162902123,N,N,,2017-10-25
672,Wind,G,True,,withdrawn,W,WND,All other,WT,ME,False,Aroostook,BHE,NSTAR 345 kV K Street substation.,F,CNR,630.0,630.0,630.0,630.0,False,2017-07-26,2017,2022-12-31,2022-11-30,2019-10-22,2.239561943874059,N,N,,2019-10-22
673,wind,G,True,,withdrawn,W,WND,All other,WT,VT,False,Franklin,VT,Green Mountain Power 34.5kV TL 137 Line between North St. Albans and Sheldon Springs Substations along State Route 105 in Swanton Vermont (approximately at pole 44),F,CNR,20.0,20.0,20.0,20.0,False,2017-07-26,2017,2020-12-31,2020-10-01,2017-11-27,0.3394934976043806,N,N,,2017-11-27
674,Shaftsbury Solar,G,True,,active,A,SUN,Solar,PV,VT,False,Bennington,VT,GMP 46 kV between East Arlington and S. Shaftsbury Tap,F,NR,20.0,20.0,20.0,20.0,False,2017-07-28,2017,2029-01-01,2028-12-01,,9.174537987679672,Y,Y,Executed,2021-05-20
675,Solar,G,True,,withdrawn,W,SUN,Solar,PV,CT,False,New London,CT,Eversource Bean Hill - Tunnel 115 kV,F,CNR,22.0,22.0,22.0,22.0,False,2017-07-28,2017,2019-12-31,2019-11-01,2017-09-27,0.16700889801505817,N,N,,2017-12-07
676,Claremont Solar,G,True,,withdrawn,W,SUN,Solar,PV,NH,False,Sullivan,NH,GMP 46 kV line 107 between High Bridge and Windsor,F,NR,20.0,20.0,20.0,20.0,False,2017-08-03,2017,2023-07-01,2023-06-01,2021-10-05,4.172484599589322,Y,Y,Executed,2021-10-05
677,Solar,G,True,,withdrawn,W,SUN,Solar,PV,NH,False,Grafton,NH,Eversource 34.5 kV Beebe River Substation,F,CNR,20.0,20.0,20.0,20.0,False,2017-08-03,2017,2019-07-01,2019-06-01,2017-10-24,0.2245037645448323,N,N,,2017-10-25
678,Solar,G,True,,withdrawn,W,SUN,Solar,PV,NH,False,Grafton,NH,Eversource 34.5 kV Beebe River substation,F,CNR,20.0,20.0,20.0,20.0,False,2017-08-03,2017,2019-07-01,2019-06-01,2017-10-24,0.2245037645448323,N,N,,2017-10-25
679,Solar,G,True,,withdrawn,W,SUN,Solar,PV,NH,False,Hillsborough,VT,"Eversource NH 34.5 kV line 313, between South Peterborough and Monadnock substations. The Project will tap this line at about 0.1-0.5 miles south of the South Peterborough substation.",F,CNR,20.0,20.0,20.0,20.0,False,2017-08-03,2017,2022-07-01,2022-06-01,2021-01-26,3.482546201232033,Y,Y,In Progress,2021-01-26
680,Fair Haven Solar,G,True,,active,A,SUN,Solar,PV,VT,False,Rutland,VT,GMP 46 kV between Carver Falls and Fair Haven Tap,F,NR,20.0,20.0,20.0,20.0,False,2017-08-03,2017,2028-07-01,2028-06-01,,9.158110882956878,Y,Y,Executed,2021-05-20
681,Solar,G,True,,withdrawn,W,SUN,Solar,PV,NH,False,Grafton,NH,Eversource 34.5 kV between Thornton and Beebe River,F,CNR,20.0,20.0,20.0,20.0,False,2017-08-03,2017,2022-07-01,2022-06-01,2021-01-26,3.482546201232033,Y,Y,In Progress,2021-01-26
682,solar with battery,G,True,,withdrawn,W,SUN BAT,Solar + storage,OT,MA,True,Worcester,CMA,"National Grid 13.8kV circuit (E.-Winchendon Substation) on Winchendon Road (near Depot Road), Winchendon, MA",F,CNR,20.0,20.005,20.0,20.0,False,2017-09-18,2017,2020-12-01,2020-11-17,2018-07-24,0.8459958932238193,N,N,,2018-07-25
683,Solar,G,True,,withdrawn,W,SUN,Solar,PV,NH,False,Grafton,NH,34.5 kV bus at Eversource NH Beebe Substation,F,CNR,20.0,20.0,20.0,20.0,False,2017-10-20,2017,2020-07-01,2020-06-01,2019-05-21,1.5824777549623545,N,N,,2019-05-21
684,Solar,G,True,,withdrawn,W,SUN,Solar,PV,NH,False,Grafton,NH,34.5 kV bus at Eversource NH Beebe Substation,F,CNR,20.0,20.0,20.0,20.0,False,2017-10-20,2017,2020-07-01,2020-06-01,2019-05-10,1.5523613963039014,N,N,,2019-05-14
685,Solar,G,True,,withdrawn,W,SUN,Solar,PV,NH,False,Coos,NH,34.5 kV Express Feeder to Berlin substation,F,CNR,20.0,20.0,20.0,20.0,False,2017-10-20,2017,2022-07-01,2022-06-01,2019-11-26,2.099931553730322,N,N,,2019-11-26
686,Solar,G,True,,withdrawn,W,SUN,Solar,PV,MA,True,Berkshire,WMA,National Grid 115kV line F132-2,F,CNR,19.98,19.98,19.98,19.98,False,2017-10-24,2017,2021-12-15,2021-09-15,2020-03-12,2.3819301848049284,Y,Y,In Progress,2020-03-12
687,Energy Storage,G,True,,withdrawn,W,BAT,Storage,OT,MA,True,Barnstable,SEMA,"Falmouth 533
Eversource Energy
115KV",F,CNR,150.0,150.0,150.0,150.0,False,2017-11-21,2017,2021-12-31,2021-09-09,2019-02-06,1.2101300479123889,N,N,,2019-02-06
688,Energy Storage,G,True,,withdrawn,W,BAT,Storage,OT,MA,True,Worcester,CMA,"Little Rest Road 516
New England Power Co
115KV",F,CNR,50.0,50.0,50.0,50.0,False,2017-11-21,2017,2021-12-31,2021-09-01,2018-02-09,0.2190280629705681,N,N,,2020-06-09
689,Energy Storage,G,True,,withdrawn,W,BAT,Storage,OT,MA,True,Middlesex,BOST,Wakefield 115 kV Substation Bus (Bus #114433),F,CNR,100.0,100.0,100.0,100.0,False,2017-11-21,2017,2023-05-31,2023-02-01,2020-02-14,2.2313483915126624,Y,N,In Progress,2020-02-16
690,Energy Storage,G,True,,withdrawn,W,BAT,Storage,OT,MA,True,Bristol,SEMA,"Wing Lane 624
Eversource Energy
115KV",F,CNR,100.0,100.0,100.0,100.0,False,2017-11-21,2017,2021-12-31,2021-09-01,2018-02-09,0.2190280629705681,N,N,,2018-02-09
691,University Solar,G,True,,in service,C,SUN,Solar,PV,RI,False,Kent,RI,GRID 3311 circuit in West Greenwich,N,NA,31.34,31.34,31.34,31.34,False,2017-11-20,2017,2020-09-15,2020-05-07,,2.8199863107460645,Y,Y,,2020-11-10
692,Solar,G,True,,in service,C,SUN,Solar,PV,RI,False,Providence,RI,GRID 23 kV 2228 circuit/Grid 12.47 kV 21F1 circuit,N,NA,16.25,16.25,16.25,16.25,False,2017-11-20,2017,2019-05-24,2019-05-22,,1.5058179329226558,Y,Y,,2019-05-24
693,Alton Solar,G,True,,in service,C,SUN,Solar,PV,RI,False,Washington,RI,Grid 85T3 circuit,N,NA,13.875,13.875,13.875,13.875,False,2017-11-20,2017,2020-04-30,2020-04-24,,2.4421629021218343,Y,Y,,2020-07-09
694,Solar,G,True,,withdrawn,W,SUN,Solar,PV,RI,False,Washington,RI,GRID circuit 88F3,N,NA,7.0,7.0,7.0,7.0,False,2017-11-20,2017,2020-09-01,2020-05-01,2020-08-14,2.732375085557837,Y,Y,,2020-08-14
695,Solar,G,True,,withdrawn,W,SUN,Solar,PV,RI,False,Washington,RI,GRID circuit 88F3,N,NA,6.12,6.12,6.12,6.12,False,2017-11-20,2017,2020-09-01,2020-05-01,2020-08-14,2.732375085557837,Y,Y,,2020-08-14
696,Johnston Landfill Wind,G,True,,in service,C,WND,All other,WT,RI,False,Providence,RI,"GRID Johnston substation, Circuit 2227",N,NA,21.0,21.0,21.0,21.0,False,2017-11-27,2017,2018-12-20,2018-12-10,,1.0622861054072552,Y,Y,,2019-04-22
697,Solar,G,True,,in service,C,SUN,Solar,PV,MA,True,Worcester,CMA,GRID 13.8 kV 612W1 Feeder (Pole 53),N,NA,5.97,5.97,5.97,5.97,False,2017-12-07,2017,2020-02-05,2020-02-03,,2.16290212183436,Y,Y,,2020-03-06
698,Solar,G,True,,in service,C,SUN,Solar,PV,MA,True,Worcester,CMA,GRID 13.8 kV 612W3 Feeder (Pole 53),N,NA,8.04,8.04,8.04,8.04,False,2017-12-07,2017,2020-02-05,2020-02-03,,2.16290212183436,Y,Y,,2020-03-06
699,Offshore Wind with battery addition,G,True,,withdrawn,W,WND BAT,All other,OT,MA,True,NA,RI,"National Grid 345 kV Brayton Point Substation, Somerset, MA",F,CNR,875.0,75.0,875.0,875.0,False,2017-12-13,2017,2023-05-31,2022-04-30,2019-02-14,1.1718001368925393,N,N,,2019-02-14
700,Park City Offshore Wind,G,True,,active,A,WND,All other,WT,MA,True,NA,SEMA,Eversource 345 kV West Barnstable Substation,F,NR,791.0,791.0,791.0,791.0,False,2017-12-15,2017,2029-12-31,2029-05-01,,8.791238877481177,Y,Y,Executed,2022-09-16
701,Offshore Wind,G,True,,withdrawn,W,WND,All other,WT,MA,True,NA,RI,"Brayton Point Substation in the Town of Somerset, Massachusetts or alternatively at Davisville Substation in the Town of North Kingstown, Rhode Island",F,CNR,400.0,400.0,400.0,400.0,False,2017-12-15,2017,2023-12-01,2023-08-01,2019-02-14,1.1663244353182751,N,N,,2019-02-14
702,Solar,G,True,,in service,C,SUN,Solar,PV,MA,True,Plymouth,SEMA,NSTAR Wareham Substation 23 kV bus,N,NA,9.5,9.5,9.5,9.5,False,2018-01-24,2018,2019-07-10,2019-06-28,,1.4565366187542779,Y,Y,,2019-07-11
703,Solar,G,True,,in service,C,SUN,Solar,PV,MA,True,Plymouth,SEMA,NSTAR Crystal Spring Substation 13.2 kV bus,N,NA,6.75,6.75,6.75,6.75,False,2018-01-24,2018,2019-04-23,2019-04-15,,1.242984257357974,Y,Y,,2020-01-10
704,Solar,G,True,,in service,C,SUN,Solar,PV,MA,True,Bristol,SEMA,"NSTAR Wing Lane Substation, #1 bank",N,NA,1.904,1.904,1.904,1.904,False,2018-01-24,2018,2020-02-21,2020-02-21,,2.0752908966461328,N,N,,2020-10-08
705,Combined Cycle CNR,G,True,,withdrawn,W,NG,All other,CC,RI,False,Providence,RI,Sherman Road 345kV substation,F,CNR,1030.0,0.0,1030.0,1080.0,True,2018-01-26,2018,2023-05-31,2023-02-01,2019-11-26,1.8316221765913758,N,N,In Progress,2019-11-26
706,Beacon Falls Energy Park CNR only,G,True,,withdrawn,W,FC,All other,FC,CT,False,New Haven,CT,"Eversource, Beacon Falls Substation, 180 Cold Spring Rd, Beacon Falls, Junction of the 115 kV lines 1570-1 and 1319",F,CNR,62.9,0.0,62.9,62.9,True,2018-02-21,2018,2022-04-01,2022-02-01,2020-01-30,1.9383983572895278,N,N,Executed,2020-02-04
707,Solar,G,True,,withdrawn,W,SUN,Solar,PV,CT,False,Windham,CT,Eversource 11F10 Feeder,N,NA,7.5,7.5,7.5,7.5,False,2018-02-21,2018,2019-04-01,2019-03-31,2019-04-03,1.111567419575633,N,N,,2019-04-03
708,Solar,G,True,,withdrawn,W,SUN,Solar,PV,CT,False,Litchfield,CT,Eversource Rocky river 12Y,N,NA,20.0,20.0,20.0,20.0,False,2018-02-21,2018,2024-02-01,2023-12-01,2024-05-10,6.2149212867898695,Y,Y,,2024-05-10
709,Fuel Cell,G,True,,withdrawn,W,FC,All other,FC,CT,False,Hartford,CT,Eversource 12A Forestville,N,NA,14.8,14.8,14.8,14.8,False,2018-02-21,2018,2021-01-01,2020-12-31,2020-10-01,2.6091718001368926,N,N,,2020-10-08
710,Solar,G,True,,in service,C,SUN,Solar,PV,CT,False,Litchfield,CT,Eversource 14R31 Feeder,N,NA,19.8,19.8,19.8,19.8,False,2018-02-21,2018,2025-02-24,2024-12-20,,7.008898015058179,Y,Y,,2025-03-03
711,Solar,G,True,,in service,C,SUN,Solar,PV,CT,False,New London,CT,Eversource Shunock 32P,N,NA,9.99,9.99,9.99,9.99,False,2018-02-21,2018,2024-03-30,2024-02-29,,6.102669404517454,Y,Y,,2024-04-10
712,Solar,G,True,,withdrawn,W,SUN,Solar,PV,CT,False,Windham,CT,Eversource Frybrook 13B,N,NA,20.0,20.0,20.0,20.0,False,2018-02-21,2018,2025-06-30,2025-06-15,2023-02-15,4.982888432580425,Y,Y,,2023-02-15
713,Solar,G,True,,in service,C,SUN,Solar,PV,CT,False,Hartford,CT,Eversource North Simsbury,N,NA,26.4,26.4,26.4,26.4,False,2018-02-21,2018,2019-12-10,2019-10-01,,1.7987679671457906,Y,Y,,2019-12-17
714,Solar,G,True,,withdrawn,W,SUN,Solar,PV,CT,False,Windham,CT,Eversource Frybrook 13B,N,NA,20.0,20.0,20.0,20.0,False,2018-02-21,2018,2023-06-01,2023-03-01,2023-03-09,5.04312114989733,Y,Y,,2023-03-09
715,Fusion Solar Center,G,True,,in service,C,SUN,Solar,PV,CT,False,New London,CT,Eversource Tunnel 12S,N,NA,20.0,20.0,20.0,20.0,False,2018-02-21,2018,2018-04-18,2018-04-12,,0.15331964407939766,Y,Y,,2018-10-03
716,Solar,G,True,,in service,C,SUN,Solar,PV,CT,False,New London,CT,Eversource Waterford 36F2,N,NA,17.73,17.73,17.73,17.73,False,2018-02-21,2018,2023-08-18,2023-04-26,,5.486652977412731,Y,Y,,2023-09-19
717,Battery Storage,G,True,,withdrawn,W,BAT,Storage,OT,CT,False,Hartford,CT,Eversource North Bloomfield 2A,N,NA,20.0,20.0,20.0,20.0,False,2018-02-21,2018,2022-02-01,2021-12-01,2022-05-26,4.257357973990418,N,N,,2022-05-26
718,Solar,G,True,,withdrawn,W,SUN,Solar,PV,CT,False,New London,CT,Eversource 13B25 Feeder,N,NA,6.0,6.0,6.0,6.0,False,2018-02-21,2018,2019-04-02,2019-04-01,2018-03-02,0.024640657084188913,N,N,,2018-03-05
719,Solar,G,True,,withdrawn,W,SUN,Solar,PV,CT,False,Hartford,CT,Eversource Barber Hill 23J,N,NA,19.92,19.92,19.92,19.92,False,2018-02-21,2018,2021-01-01,2020-12-31,2018-04-25,0.17248459958932238,N,N,,2018-04-25
720,Solar,G,True,,in service,C,SUN,Solar,PV,CT,False,New London,CT,Eversource Shunock 32P,N,NA,15.0,15.0,15.0,15.0,False,2018-02-21,2018,2022-10-01,2022-08-29,,4.607802874743326,Y,Y,,2022-10-03
721,Solar,G,True,,withdrawn,W,SUN,Solar,PV,CT,False,Hartford,CT,Eversource North Simsbury,N,NA,26.4,26.4,26.4,26.4,False,2018-02-21,2018,2020-01-01,2019-12-31,2018-04-25,0.17248459958932238,N,N,,2018-04-25
722,Solar,G,True,,withdrawn,W,SUN,Solar,PV,CT,False,Hartford,CT,Eversource North Simsbury,N,NA,24.6,24.6,24.6,24.6,False,2018-02-21,2018,2020-01-01,2019-12-31,2018-04-25,0.17248459958932238,N,N,,2018-04-25
723,Battery Storage,G,True,,withdrawn,W,BAT,Storage,OT,MA,True,Barnstable,SEMA,"Primary POI: Eversource 115 kV W. Barnstable
Alternative POI 1: Eversource 115 kV Barnstable
Alternative POI 2: New Eversource W. Barnstable – Bourne 115 kV line (RSP #1725) tapped at 51% (7.2 miles) from W. Barnstable substation",F,CNR,142.8,142.8,142.8,142.8,False,2018-03-01,2018,2021-05-31,2021-04-30,2019-03-27,1.0704996577686516,N,N,,2019-05-06
724,NTE Connecticut,G,True,,withdrawn,W,DFO NG,All other,CC,CT,False,Windham,CT,Lake Road 345 kV,F,CNR,671.0,672.0,671.0,692.0,False,2018-03-07,2018,2025-02-28,2024-11-15,2023-07-12,5.347022587268994,Y,Y,Executed,2023-08-31
725,Wallingford Solar,G,True,,in service,C,SUN,Solar,PV,CT,False,New Haven,SWCT,WED Wallingford 13.8 KV substation,N,NA,14.97,14.97,14.97,14.97,False,2018-03-20,2018,2020-12-18,2020-10-30,,2.74880219028063,Y,Y,,2021-01-21
726,Cranberry Point Energy Storage,G,True,,in service,C,BAT,Storage,OT,MA,True,Plymouth,SEMA,"Carver 115 kV
Primary POI – Loop-in station with 3-breaker ring bus interconnecting to line 127
located just south of Carver substation
Alternate POI – Expand the existing station to add a 4th bay with 2 breakers to
interconnect the project.",F,CNR,150.0,150.0,150.0,150.0,False,2018-03-21,2018,2025-05-16,2025-03-14,,7.15400410677618,Y,Y,Executed,2025-05-19
727,Chariot Solar,G,True,,withdrawn,W,SUN,Solar,PV,NH,False,Cheshire,VT,"NGrid 115 kV Vernon Road tap to Vernon Road Substation, 2.5 mi from Vernon Road Substation",F,NR,49.5,49.5,49.5,49.5,False,2018-04-10,2018,2024-12-15,2024-11-15,2025-01-13,6.76249144421629,Y,Y,Executed,2025-01-13
728,Vernon Station Incremental Capacity Increase,G,True,,in service,C,WAT,All other,HD,VT,False,Windham,VT,"(Same as Existing POI Vernon Substation No.13 69 KV Bus)  
Street Address: 152 Governor Hunt Road",F,CNR,34.9,2.9,34.9,34.9,False,2018-04-02,2018,2019-03-31,2019-03-31,,0.9938398357289527,N,N,Executed,2019-06-28
729,Wind,G,True,,withdrawn,W,WND,All other,WT,ME,False,Aroostook,BHE,PITTSFIELD 345KV on line 3023,F,CNR,103.5,103.5,103.5,103.5,False,2018-04-12,2018,2022-11-20,2022-09-03,2020-12-01,2.639288158795346,N,N,,2020-12-01
730,Wind,G,True,,withdrawn,W,WND,All other,WT,ME,False,Aroostook,BHE,PITTSFIELD 345KV on line 3023,F,CNR,103.5,103.5,103.5,103.5,False,2018-04-12,2018,2022-11-20,2022-09-03,2020-12-01,2.639288158795346,N,N,,2020-12-01
731,Wind,G,True,,withdrawn,W,WND,All other,WT,ME,False,Aroostook,BHE,PITTSFIELD 345KV on line 3023,F,CNR,103.5,103.5,103.5,103.5,False,2018-04-12,2018,2022-11-20,2022-09-03,2020-12-01,2.639288158795346,N,N,,2020-12-01
732,Wind,G,True,,withdrawn,W,WND,All other,WT,ME,False,Aroostook,BHE,PITTSFIELD 345KV on line 3023,F,CNR,103.5,103.5,103.5,103.5,False,2018-04-12,2018,2022-11-20,2022-09-03,2020-12-01,2.639288158795346,N,N,,2020-12-01
733,Wind,G,True,,withdrawn,W,WND,All other,WT,ME,False,Aroostook,BHE,PITTSFIELD 345KV on line 3023,F,CNR,103.5,103.5,103.5,103.5,False,2018-04-12,2018,2022-11-20,2022-09-03,2020-12-01,2.639288158795346,N,N,,2020-12-01
734,Wind,G,True,,withdrawn,W,WND,All other,WT,ME,False,Aroostook,BHE,Primary: Orrington Substations 345kV with two alternatives: Keene Rd. Substation 345kV and the Orrington-Albion Rd 345kV line,F,NR,600.5999,600.6,600.5999,600.5999,False,2018-04-12,2018,2021-12-01,2021-11-01,2019-02-07,0.8240930869267625,N,N,,2019-02-07
735,Wind,G,True,,withdrawn,W,WND,All other,WT,ME,False,Aroostook,BHE,Primary: Orrington Substations 345kV with two alternatives: Keene Rd. Substation 345kV and the Orrington-Albion Rd 345kV line,F,NR,600.599,600.6,600.599,600.599,False,2018-04-12,2018,2021-12-01,2021-11-01,2019-02-07,0.8240930869267625,N,N,,2019-02-07
736,Internal noncontrollable ETU to Pittsfield ME,ETU,False,,withdrawn,W,N/A,All other,NA,ME,False,Somerset,ME,CMP Section 3023 345 kV,F,N/A,550.0,550.0,,,False,2018-04-12,2018,2021-12-31,2021-11-30,2019-02-07,0.8240930869267625,N,N,,2019-02-07
737,Internal noncontrollable ETU from NMISA to Pittsfield ME,ETU,False,,withdrawn,W,N/A,All other,NA,ME,False,Somerset and Penobscot,ME,Emera Keene Rd substation and CMP Section 3023 345 kV Line,F,N/A,1200.0,1200.0,,,False,2018-04-12,2018,2021-12-31,2021-11-30,2019-02-07,0.8240930869267625,N,N,,2019-02-07
738,Internal noncontrollable ETU - interface upgrade,ETU,False,,withdrawn,W,N/A,All other,NA,ME,False,Cumberland,ME,N/A,F,N/A,400.0,400.0,,,False,2018-04-12,2018,2019-11-30,2019-10-31,2020-11-30,2.6365503080082138,N,N,,2020-12-01
739,Wind,G,True,,withdrawn,W,WND,All other,WT,ME,False,Somerset,ME,CMP Section 3023 345kV line (via Johnson Mountain Substation),F,CNR,89.7,89.7,89.7,89.7,False,2018-04-12,2018,2020-01-30,2020-01-15,2019-01-16,0.7638603696098563,N,N,,2019-01-17
740,Internal noncontrollable ETU to Larabee Road,ETU,False,,withdrawn,W,N/A,All other,NA,ME,False,Lewiston,ME,"Larrabee Road 345 kV Substation in Lewiston, Androscoggin county Maine 04240",F,N/A,460.0,460.0,,,False,2018-04-12,2018,2021-12-31,2021-11-30,2020-11-29,2.6338124572210813,N,N,,2020-12-01
741,Internal noncontrollable ETU to Larabee Road - increase (see Q740),ETU,False,,withdrawn,W,N/A,All other,NA,ME,False,Lewiston,ME,"Larrabee Road 345 kV Substation in Lewiston, Androscoggin county Maine 04240.",F,N/A,200.0,200.0,,,False,2018-04-12,2018,2021-12-31,2021-11-30,2020-11-29,2.6338124572210813,N,N,,2020-12-01
742,Internal noncontrollable ETU to Larabee Road - increase (see Q740 and Q741),ETU,False,,withdrawn,W,N/A,All other,NA,ME,False,Lewiston,ME,"Larrabee Road 345 kV Substation in Lewiston, Androscoggin county Maine 04240.",F,N/A,540.0,540.0,,,False,2018-04-12,2018,2021-12-31,2021-11-30,2020-11-29,2.6338124572210813,N,N,,2020-12-01
743,noncontrollable ETU from Quebec to ME,ETU,False,,withdrawn,W,N/A,All other,NA,ME,False,Franklin,ME,CMP/Avangrid 345 kV Larabee Road,F,N/A,450.0,450.0,,,False,2018-04-12,2018,2022-12-01,2022-09-01,2019-02-07,0.8240930869267625,N,N,,2019-02-07
744,Wind,G,True,,withdrawn,W,WND,All other,WT,ME,False,Franklin,ME,Approximate location of the proposed Point of Interconnection is the CMP Avangrid Larrabee Road 345 kV Substation,F,CNR,150.0,150.0,150.0,150.0,False,2018-04-12,2018,2022-12-01,2022-09-01,2019-02-07,0.8240930869267625,N,N,,2019-02-07
745,Wind,G,True,,withdrawn,W,WND,All other,WT,ME,False,Franklin,ME,CMP Larrabee Road Station 345 kV,F,CNR,241.2,241.2,241.2,241.2,False,2018-04-12,2018,2021-10-29,2021-08-01,2019-08-27,1.374401095140315,N,N,,2019-08-28
746,Wind,G,True,,withdrawn,W,WND,All other,WT,ME,False,Franklin,ME,CMP Larrabee Road Station 345 kV,F,CNR,214.3,214.3,214.3,214.3,False,2018-04-12,2018,2021-12-15,2021-10-29,2019-08-27,1.374401095140315,N,N,,2019-08-28
747,Battery storage addition (see Q745),G,True,,withdrawn,W,WND BAT,All other,OT,ME,False,Franklin,ME,"CMP Larrabee Road Station,345 kV",F,CNR,265.6,24.4,265.6,265.6,False,2018-04-12,2018,2021-10-31,2021-08-01,2019-08-27,1.374401095140315,N,N,,2019-08-28
748,Battery storage addition (see Q746),G,True,,withdrawn,W,WND BAT,All other,OT,ME,False,Franklin,ME,CMP Larrabee Road Station 345 kV,F,CNR,238.6,24.3,238.6,238.6,False,2018-04-12,2018,2021-10-31,2021-08-01,2019-08-27,1.374401095140315,N,N,,2019-08-28
749,Solar,G,True,,withdrawn,W,SUN,Solar,PV,ME,False,Franklin,ME,CMP Larrabee Road 345 kV,F,CNR,150.0,150.0,150.0,150.0,False,2018-04-12,2018,2021-10-31,2021-08-01,2019-08-27,1.374401095140315,N,N,,2019-08-28
750,Solar,G,True,,withdrawn,W,SUN,Solar,PV,VT,False,Franklin,VT,"VEC's Highgate - Enosburg 46 kV line, 700 feet from Highgate",F,CNR,20.0,20.0,20.0,20.0,False,2018-04-12,2018,2021-11-01,2021-10-15,2019-08-06,1.3169062286105406,N,N,,2019-08-06
751,Solar,G,True,,withdrawn,W,SUN,Solar,PV,VT,False,Orange,VT,GMP's Randolph Center substation 46 kV,F,CNR,20.0,20.0,20.0,20.0,False,2018-04-12,2018,2021-11-01,2021-10-15,2020-08-12,2.3353867214236823,Y,Y,In Progress,2020-08-12
752,Energy Storage,G,True,,withdrawn,W,BAT,Storage,OT,MA,True,Bristol,SEMA,"Eversource 115kV Cross Road Substation [both buses at Cross Road Substation (bus/line 111 =
primary; bus/line 109 = alternate)]",F,CNR,102.85,102.85,102.85,102.85,False,2018-04-19,2018,2022-05-02,2022-03-02,2019-05-13,1.0650239561943875,N,N,,2019-05-14
753,Solar,G,True,,withdrawn,W,SUN,Solar,PV,VT,False,Franklin,VT,VEC Sheldon Substation - 46 kV,F,CNR,20.0,20.0,20.0,20.0,False,2018-04-20,2018,2021-11-01,2021-10-15,2019-08-06,1.2950034223134839,N,N,,2019-08-06
754,Solar,G,True,,withdrawn,W,SUN,Solar,PV,NH,False,Cheshire,NH,"Primary: NGRID 115 KV Line I-135 between Fitzwilliam Sub and Flagg Pond Sub
Alternate 1: NGRID 115 KV Line J-136 between Bellows Falls Sub and Flagg Pond Sub
Alternate 2: Eversource 115 KV Bus at Monadnock Substation via short 115 KV gentie line from project site",F,CNR,30.0,30.0,30.0,30.0,False,2018-04-25,2018,2024-07-30,2024-06-30,2021-10-31,3.5181382614647503,Y,Y,In Progress,2021-11-01
755,Bingham Wind CNR Only,G,True,,in service,C,WND,All other,WT,ME,False,Somerset,ME,CMP 115kV Guilford Substation,F,CNR,184.8,0.0,184.8,184.8,True,2018-04-25,2018,2016-12-13,2016-08-15,,,N,N,Executed,2018-12-27
756,Solar,G,True,,withdrawn,W,SUN,Solar,PV,ME,False,Kennebec,ME,CMP Albion to Detroit 115 kV line approximately 2.5 miles from Albion.,F,CNR,20.0,20.0,20.0,20.0,False,2018-04-26,2018,2021-11-01,2021-10-15,2020-08-12,2.297056810403833,N,N,,2020-08-12
757,Solar,G,True,,withdrawn,W,SUN,Solar,PV,ME,False,Somerset,ME,"Approximately at  44°42'47.78""N,  69°39'15.37""W at proposed interconnection substation to tap CMP Section 83 line and SAPI Somerset generator tap line.  Substation to have short gen tie line to project site located between Kendall Annex Road and Middle Road in Fairfield, Maine",F,CNR,20.0,20.0,20.0,20.0,False,2018-04-26,2018,2021-11-01,2021-10-15,2020-08-12,2.297056810403833,N,N,,2020-08-12
758,Ocean State Power uprate,G,True,,in service,C,DFO NG,All other,CC,RI,False,Providence,RI,NGRID 345kV Sherman Road (existing OSP I and II switchyard),F,CNR,631.2,73.204,631.2,652.342,False,2018-04-26,2018,2026-05-27,2025-11-30,,8.084873374401095,Y,Y,Executed,2026-06-09
759,Wallingford GT Uprate,G,True,,in service,C,NG,All other,GT,CT,False,New Haven,SWCT,WED 115kV Lines 1305 and 1406,F,CNR,350.0,0.0,350.0,350.0,True,2018-04-26,2018,2022-05-31,2022-05-31,,4.095824777549623,N,N,Executed,2022-08-12
760,Downeast Wind,G,True,,in service,C,WND,All other,WT,ME,False,Washington,BHE,"Primary POI: Emera Maine 115 line 52 near Epping switching station 
Alternate POI: Epping station",F,NR,126.0,126.0,126.0,126.0,False,2018-04-26,2018,2025-05-29,2024-12-02,,7.091033538672143,Y,Y,Executed,2025-06-17
761,Storage,G,True,,withdrawn,W,BAT,Storage,OT,MA,True,Middlesex,BOST,National Grid 115 kV line M139,F,CNR,150.0,150.0,150.0,150.0,False,2018-04-27,2018,2021-05-31,2021-04-30,2020-03-26,1.9137577002053388,N,N,,2020-03-26
762,Solar,G,True,,withdrawn,W,SUN,Solar,PV,VT,False,Rutland,VT,"POI tap of GMP Florence - S. Middlebury Jct. 46 kV line, approx. 4 miles from Florence.  Site is 13 acres on Carver Street/Syndicate Road, Brandon, VT 05733",F,CNR,22.5,22.5,22.5,22.5,False,2018-04-27,2018,2020-08-01,2020-05-15,2018-05-18,0.057494866529774126,N,N,,2018-05-21
763,Davenport Solar,G,True,,withdrawn,W,SUN,Solar,PV,VT,False,Rutland,VT,"Florence - S. Middlebury Jct. 46 kV line, approx. 4 miles from Florence",F,NR,15.0,15.0,15.0,15.0,False,2018-04-27,2018,2021-12-01,2021-11-01,2022-06-14,4.131416837782341,Y,Y,Executed,2022-06-22
764,Solar,G,True,,in service,C,SUN,Solar,PV,RI,False,Providence,RI,"GRID 2228 circuit 23 kV feeder (Hope Rd, Cranston)",N,NA,10.0,10.0,10.0,10.0,False,2018-05-09,2018,2019-09-30,2019-08-30,,1.3935660506502396,Y,Y,,2019-09-30
765,Solar,G,True,,withdrawn,W,SUN,Solar,PV,RI,False,Providence,RI,"GRID 228 circuit 23 kV feeder (7 Mile Rd, Scituate)",N,NA,10.0,10.0,10.0,10.0,False,2018-05-09,2018,2021-07-15,2021-06-30,2021-01-25,2.7159479808350446,Y,Y,,2021-01-25
766,Solar,G,True,,withdrawn,W,SUN,Solar,PV,RI,False,Washington,RI,"GRID 68F1 feeder (Richmond, RI)",N,NA,5.2,5.2,5.2,5.2,False,2018-05-22,2018,2025-03-28,2025-03-21,2025-06-13,7.060917180013689,Y,Y,,2025-06-16
767,Solar,G,True,,withdrawn,W,SUN,Solar,PV,ME,False,Fairfield,ME,Tap point on 34.5kV CMP Section 9 approximately 2.2mi west of Shawmut Hydro S/S in the direction of Skowhegan South Side S/S.,F,CNR,20.0,20.0,20.0,20.0,False,2018-06-13,2018,2020-11-30,2020-09-14,2019-06-03,0.971937029431896,N,N,,2019-06-03
768,Solar with battery addition,G,True,,in service,C,SUN BAT,Solar + storage,OT,MA,True,Hampshire,WMA,Eversource Tillson Substation,N,NA,6.138,1.32,6.138,6.138,False,2018-06-13,2018,2019-09-03,2019-06-01,,1.2238193018480492,Y,Y,,2019-09-30
769,Wind,G,True,,withdrawn,W,WND,All other,WT,MA,True,Berkshire,WMA,Eversource 23 kV Feeder Berkshire Substation,N,NA,7.5,7.5,7.5,7.5,False,2018-06-13,2018,2020-03-01,2020-02-01,2018-08-21,0.188911704312115,N,N,,2018-08-21
770,Solar,G,True,,withdrawn,W,SUN,Solar,PV,NH,False,Rockingham,NH,"Eversource 34.5 kV feeder (3184 circuit), Mammoth Rd substation",N,NA,10.0,10.0,10.0,10.0,False,2018-06-20,2018,2019-06-01,2019-05-31,2018-07-27,0.10130047912388775,N,N,,2018-07-27
771,Battery Storage,G,True,,withdrawn,W,BAT,Storage,OT,ME,False,Penobscot,BHE,Lincoln (Maine) - 46 kv - bus #103039,F,CNR,19.01,19.01,19.01,19.01,False,2018-07-26,2018,2019-06-01,2019-05-01,2018-08-28,0.09034907597535935,N,N,,2018-08-28
772,"Combined Reciprocating, Solar and Battery",G,True,,in service,C,NG SUN BAT,All other,OT,MA,True,Middlesex,BOST,GRID Norman Street D substation (8W1),N,NA,7.81,7.81,7.81,7.81,False,2018-08-07,2018,2019-06-03,2019-05-01,,0.8213552361396304,Y,Y,,2019-06-06
773,Solar,G,True,,in service,C,SUN,Solar,PV,MA,True,Plymouth,SEMA,GRID Circuit 912W75 River Street,N,NA,4.95,4.95,4.95,4.95,False,2018-08-13,2018,2019-12-18,2019-12-01,,1.3470225872689938,Y,Y,,2020-06-16
774,Solar,G,True,,withdrawn,W,SUN,Solar,PV,RI,False,Washington,SEMA,GRID 85T1 Woodville Road,N,NA,8.0,8.0,8.0,8.0,False,2018-08-13,2018,2021-07-15,2021-07-01,2025-06-13,6.833675564681725,Y,Y,,2025-06-16
775,Solar,G,True,,withdrawn,W,SUN,Solar,PV,ME,False,Kennebec,ME,CMP Albion to Detroit 115 kV line approximately 2.5 miles from Albion,F,NR,20.0,20.0,20.0,20.0,False,2018-08-20,2018,2021-11-01,2021-10-15,2020-08-21,2.004106776180698,N,N,,2020-08-21
776,Solar,G,True,,withdrawn,W,SUN,Solar,PV,RI,False,North Kingstown,SEMA,GRID 84T3 feeder to Davisville Substation,N,NA,10.0,10.0,10.0,10.0,False,2018-08-29,2018,2019-10-01,2019-10-01,2018-10-17,0.13415468856947296,N,N,,2018-10-22
777,Solar,G,True,,withdrawn,W,SUN,Solar,PV,RI,False,North Kingstown,SEMA,GRID L-190 line,N,NA,40.0,30.0,40.0,40.0,False,2018-08-29,2018,2020-08-01,2020-08-01,2019-10-17,1.1334702258726899,N,N,,2019-05-03
778,Kearsarge Solar with battery,G,True,,in service,C,SUN BAT,Solar + storage,OT,MA,True,Norfolk,SEMA,"GRID circuit 335W1, Pole 11 on Williams Way, Bellingham",N,NA,5.4,5.4,5.4,5.4,False,2018-08-31,2018,2021-12-21,2021-12-06,,3.3073237508555784,Y,Y,,2021-12-23
779,Solar with Battery,G,True,,in service,C,SUN BAT,Solar + storage,OT,MA,True,Worcester,WMA,"GRID Circuit 320W1, Pole 9, Puddon Street, Northbridge",N,NA,9.98,9.98,9.98,9.98,False,2018-09-04,2018,2021-08-03,2021-03-31,,2.9130732375085557,Y,Y,,2021-09-17
780,"Combined Reciprocating, Solar and Battery modification",G,True,,withdrawn,W,NG SUN BAT,All other,OT,MA,True,Middlesex,BOST,GRID Hendersonville 593 substation (593W1 and 593W4),N,NA,7.81,0.0,7.81,7.81,True,2018-09-11,2018,2022-05-31,2022-05-01,2025-06-13,6.754277891854894,Y,Y,,2025-06-16
781,Revoultion Offshore wind,G,True,,active,A,WND,All other,WT,RI,False,NA,RI,"NG 115 kV Davisville substation, Washington County",F,NR,704.0,704.0,704.0,704.0,False,2018-09-13,2018,2026-11-05,2026-03-13,,8.046543463381246,Y,Y,Executed,2022-04-27
782,Offshore Wind,G,True,,withdrawn,W,WND,All other,WT,RI,False,NA,RI,"NG 115 kV Kent County substation, RI or alternatively NG 345 kV Kent County Substation, RI",F,CNR,352.0,352.0,352.0,352.0,False,2018-09-13,2018,2024-12-01,2024-04-30,2019-09-27,1.0376454483230664,N,N,,2019-09-27
783,controllable 150 kV HVDC Tie - Import Only,ETU,False,,withdrawn,W,N/A,All other,NA,VT,False,Addison,VT,"a new ~60-mile, 400 MW, ±150 kV, VSC-controlled HVDC transmission line
originating from New York Power Authority’s (NYPA) Plattsburgh 230 kV Substation in
Plattsburgh, NY and terminating at VELCO’s 345 kV Substation at New Haven, Vermont. The
project will deliver a maximum of 400 MW from New York to New England.
VGL is an elective transmission upgrade project that will begin in Clinton County, NY, and terminate in
Addison County, VT.",F,CNI,400.0,400.0,,,False,2018-09-18,2018,2023-12-31,2023-10-31,2019-04-17,0.5776865160848734,N,N,,2019-04-17
784,CPV Towantic incremental,G,True,,in service,C,DFO NG,All other,CC,CT,False,New Haven,SWCT,"Eversource 115 KV lines 1575, 1585 and 1990",F,CNR,845.5,45.0,845.5,876.5,False,2018-09-18,2018,2020-03-01,2020-03-01,,1.4510609171800137,Y,Y,Executed,2020-04-13
785,Tilton Heights Energy Center,G,True,,withdrawn,W,SUN,Solar,PV,NH,False,Belknap,NH,POI at Eversource 34.5 kV circuit #3216 (sourced from Webster SS) near pole #3798/1.,F,NR,19.9,19.9,19.9,19.9,False,2018-09-26,2018,2025-09-25,2025-07-31,2024-11-27,6.1711156741957565,Y,Y,Executed,2024-11-27
786,Keay Brook Energy Solar,G,True,,withdrawn,W,SUN,Solar,PV,ME,False,York,ME,Tap of CMP 34.5 kV Section 185 A TA approximately 3.5 miles north of Lebanon substation,F,NR,19.9,19.9,19.9,19.9,False,2018-09-26,2018,2025-09-25,2025-07-31,2024-11-27,6.1711156741957565,Y,Y,Executed,2024-11-27
787,Black Hill Point Energy Center,G,True,,withdrawn,W,SUN,Solar,PV,CT,False,Windham,CT,New 3 breaker ring bus switching station on Eversource (CL&P) Killingly to Tunnel 115 kV line L-1607.,F,NR,19.9,19.9,19.9,19.9,False,2018-09-26,2018,2025-09-25,2025-07-31,2024-11-27,6.1711156741957565,Y,Y,Executed,2024-11-27
788,Solar,G,True,,withdrawn,W,SUN,Solar,PV,CT,False,New London,CT,Primary POI - Eversource Montville Plant 69 kV switchyard via new breaker position. Alternate POI - New 34.5 kV breaker position at Mohegan Tribal Utility Authority (MTUA) Fort Hill Substation.,F,NR,19.9,19.9,19.9,19.9,False,2018-09-28,2018,2023-12-31,2023-07-31,2022-09-09,3.9479808350444903,Y,Y,In Progress,2022-09-09
789,CHP,G,True,,withdrawn,W,NG,All other,GT,RI,False,Newport,RI,GRID 13.8 kV supplied by 69/13.8 KV Navy Substion in RI,N,NA,6.268,6.268,6.268,9.091,False,2018-09-28,2018,2021-06-30,2021-06-01,2025-06-13,6.707734428473648,Y,Y,,2025-06-16
790,Solar,G,True,,withdrawn,W,SUN,Solar,PV,NH,False,Coos,NH,"Eversource, 115kV, Line X178-3, POI ~2.2 miles from Whitefield Substation, POI Lat/Long = 44.368066, -71.640429",F,CNR,15.0,15.0,15.0,15.0,False,2018-10-11,2018,2020-07-01,2020-07-01,2019-02-13,0.34223134839151265,N,N,,2019-02-13
791,Offshore Wind,G,True,,withdrawn,W,WND,All other,WT,CT,False,NA,CT,"Eversource (CL&P) 345kV Montville, alternatively Eversource (CL&P) 345kV Millstone",F,CNR,805.0,805.0,805.0,805.0,False,2018-10-19,2018,2023-05-31,2023-04-01,2020-03-05,1.377138945927447,N,N,,2020-03-06
792,Offshore Wind,G,True,,withdrawn,W,WND,All other,WT,CT,False,NA,CT,"Eversource (CL&P) 345kV Montville, alternatively Eversource (CL&P) 345kV Millstone",F,CNR,805.0,805.0,805.0,805.0,False,2018-10-19,2018,2023-05-31,2023-04-01,2022-01-13,3.2361396303901437,Y,Y,Not Started,2022-01-13
793,Solar (QF),G,True,,withdrawn,W,SUN,Solar,PV,RI,False,North Kingstown,RI,GRID L-190 line via new station,N,NA,40.0,40.0,40.0,40.0,False,2018-10-26,2018,2025-04-01,2023-09-29,2025-06-13,6.631074606433949,Y,Y,,2025-06-16
794,Solar (QF),G,True,,withdrawn,W,SUN,Solar,PV,RI,False,North Kingstown,RI,GRID L-190 line via new station,N,NA,10.0,10.0,10.0,10.0,False,2018-10-26,2018,2025-04-01,2024-12-31,2025-06-13,6.631074606433949,Y,Y,,2025-06-16
795,Solar (QF),G,True,,withdrawn,W,SUN,Solar,PV,RI,False,North Kingstown,RI,GRID L-190 line via new station,N,NA,56.496,56.496,56.496,56.496,False,2018-10-26,2018,2021-06-01,2021-05-15,2022-04-04,3.4387405886379194,Y,Y,,2022-06-15
796,Solar,G,True,,withdrawn,W,SUN,Solar,PV,CT,False,Hartford,CT,Tap of existing 115 kV Connecticut Light & Power Company line between Barbour Hill and Windsor Locks,F,CNR,50.0,50.0,50.0,50.0,False,2018-10-26,2018,2022-11-01,2022-10-15,2018-12-06,0.11225188227241616,N,N,,2018-12-06
797,Solar,G,True,,withdrawn,W,SUN,Solar,PV,MA,True,Worcester,WMA,"GRID P7 and P8 McCormick Rd/Meadow St 552L5 (Spencer, MA)",N,NA,8.125,8.125,8.125,8.125,False,2018-11-05,2018,2020-12-30,2020-12-01,2025-06-13,6.6036960985626285,Y,Y,,2025-06-16
798,Solar,G,True,,withdrawn,W,SUN,Solar,PV,ME,False,Androscoggin,ME,Interconnecting to existing CMP 34.5 kV Sabattus substation,F,CNR,15.0,15.0,15.0,15.0,False,2018-11-08,2018,2021-11-01,2021-10-01,2019-08-02,0.731006160164271,N,N,,2019-08-02
799,Solar,G,True,,withdrawn,W,SUN,Solar,PV,NH,False,Sullivan,NH,Primary POI  - PSNH 46 kV River Road substation; Alternate POI - GMP 46 kV Line 102,F,CNR,10.0,10.0,10.0,10.0,False,2018-11-16,2018,2021-11-01,2021-10-01,2021-03-05,2.299794661190965,Y,N,,2021-03-15
800,Solar,G,True,,withdrawn,W,SUN,Solar,PV,ME,False,Somerset,ME,CMP 34.5 kV express feeder at project site (Approx. 2.12 mile feeder originating from CMP North Anson substation),F,NR,19.8,19.8,19.8,19.8,False,2018-11-30,2018,2022-04-01,2022-03-01,2019-02-13,0.2053388090349076,N,N,,2019-02-14
801,Solar,G,True,,withdrawn,W,SUN,Solar,PV,NH,False,Cheshire,NH,"Eversource 34.5 kV distribution circuit #3178, near pole 2/97 on Brattleboro Rd (Rt 119) in Hinsdale, NH Chestnut Hill SS, approx. 3.8 miles away)",F,NR,14.0,14.0,14.0,14.0,False,2018-11-30,2018,2022-04-01,2022-03-01,2019-02-15,0.2108145106091718,N,N,,2019-02-15
802,Generator Increase,G,True,,withdrawn,W,MSW,All other,ST,CT,False,Hartford,CT,Connecticut Light and Powers 13.8 kv Forestville 12A Substation,F,CNR,15.6,2.08,15.6,15.6,False,2018-12-04,2018,2019-09-03,2019-09-03,2019-08-06,0.6707734428473648,Y,N,,2019-08-06
803,Solar,G,True,,withdrawn,W,SUN,Solar,PV,ME,False,York,ME,Tap CMP existing 115 kV line section 225 approximately 2.25 miles from Sanford 115 kV Substation,F,CNR,50.0,50.0,50.0,50.0,False,2018-12-06,2018,2021-07-01,2021-06-01,2021-08-04,2.6611909650924024,Y,N,In Progress,2021-08-04
804,Solar,G,True,,withdrawn,W,SUN,Solar,PV,CT,False,Windham,CT,"Eversource, 23kV, Line 14MX29, POI is ~3.6 miles from Tracy Substation, POI Lat/Long = 41.907528, -71.914968",F,CNR,5.0,5.0,5.0,5.0,False,2018-12-10,2018,2020-07-01,2020-07-01,2019-02-04,0.15331964407939766,N,N,,2019-02-04
805,Solar,G,True,,withdrawn,W,SUN,Solar,PV,RI,False,Middletown,RI,GRID Jepson 37K33,N,NA,10.99,10.99,10.99,10.99,False,2018-12-10,2018,2025-02-26,2025-02-05,2025-06-13,6.507871321013004,Y,Y,,2025-06-16
806,Offshore Wind,G,True,,withdrawn,W,WND,All other,WT,MA,True,NA,SEMA,Eversource 345 kV West Barnstable Substation,F,CNR,827.0,827.0,827.0,827.0,False,2018-12-12,2018,2032-12-31,2032-05-01,2026-01-23,7.115674195756331,Y,Y,,2026-01-23
807,FPS Panton Solar,G,True,,active,A,SUN,Solar,PV,VT,False,Addison,VT,Vergennes 115 kV Substation,F,NR,50.0,50.0,50.0,50.0,False,2018-12-13,2018,2029-12-01,2029-11-01,,7.797399041752224,Y,Y,Executed,2022-07-13
808,Barre substation - NG Western MA Area Cluster Study,G,True,,withdrawn,W,SUN,Solar,PV,MA,True,Worcester,WMA,NG Barre substation,N,NA,12.398,12.398,12.398,12.398,False,2018-12-14,2018,2022-12-30,2021-04-20,2025-06-13,6.496919917864476,Y,Y,,2025-06-16
809,Belchertown Substation - NG Western MA Area Cluster Study,G,True,,in service,C,SUN,Solar,PV,MA,True,Hampden,WMA,NG Belchertown Substation,N,NA,8.0,8.0,8.0,8.0,False,2018-12-14,2018,2021-08-08,2021-06-21,,2.650239561943874,Y,Y,,2021-10-27
810,Chestnut Hill 702 Substation - NG Western MA Area Cluster Study,G,True,,in service,C,SUN,Solar,PV,MA,True,Worcester,WMA,NG Chestnut Hill 702 Substation,N,NA,3.276,3.276,3.276,3.276,False,2018-12-14,2018,2020-03-05,2020-03-05,,1.2238193018480492,Y,Y,,2021-10-27
811,Crystal Lake Substation - NG Western MA Area Cluster Study,G,True,,in service,C,SUN,Solar,PV,MA,True,Worcester,WMA,NG Crystal Lake Substation,N,NA,24.73,24.73,24.73,24.73,False,2018-12-14,2018,2020-12-31,2019-04-19,,2.0479123887748116,Y,Y,,2021-10-27
812,E. Westminster Substation - NG Western MA Area Cluster Study,G,True,,withdrawn,W,SUN,Solar,PV,MA,True,Worcester,WMA,NG E. Westminster Substation,N,NA,7.98,7.98,7.98,7.98,False,2018-12-14,2018,2022-08-01,2021-03-28,2025-06-13,6.496919917864476,Y,Y,,2025-06-16
813,E. Winchendon Substation - NG Western MA Area Cluster Study,G,True,,withdrawn,W,SUN,Solar,PV,MA,True,Worcester,WMA,NG E. Winchendon Substation,N,NA,3.9,3.9,3.9,3.9,False,2018-12-14,2018,2022-06-26,2022-06-26,2025-06-13,6.496919917864476,Y,Y,,2025-06-16
814,Five Corners Substation - NG Western MA Area Cluster Study,G,True,,in service,C,SUN,Solar,PV,MA,True,Hampshire,WMA,NG Five Corners Substation,N,NA,3.0,3.0,3.0,3.0,False,2018-12-14,2018,2021-07-29,2021-07-29,,2.622861054072553,Y,Y,,2021-10-27
815,Lashaway Substation - NG Western MA Area Cluster Study,G,True,,withdrawn,W,SUN,Solar,PV,MA,True,Worcester,WMA,NG Lashaway Substation,N,NA,13.675,13.675,13.675,13.675,False,2018-12-14,2018,2022-04-15,2020-07-20,2025-06-13,6.496919917864476,Y,Y,,2025-06-16
816,Leicester - NG Western MA Area Cluster Study,G,True,,in service,C,SUN,Solar,PV,MA,True,Worcester,WMA,NG Lecester,N,NA,2.592,2.592,2.592,2.592,False,2018-12-14,2018,2021-05-31,2021-05-31,,2.461327857631759,N,N,,2021-10-27
817,Little Rest Rd Substation - NG Western MA Area Cluster Study,G,True,,withdrawn,W,SUN,Solar,PV,MA,True,Worcester,WMA,NG Little Rest Rd Substation,N,NA,6.0,6.0,6.0,6.0,False,2018-12-14,2018,2022-08-20,2020-08-14,2025-06-13,6.496919917864476,Y,Y,,2025-06-16
818,Meadow Street 552 Substation - NG Western MA Area Cluster Study,G,True,,withdrawn,W,SUN,Solar,PV,MA,True,Worcester,WMA,NG Meadow Street 552 Substation,N,NA,13.38,13.38,13.38,13.38,False,2018-12-14,2018,2022-11-08,2020-06-20,2025-06-13,6.496919917864476,Y,Y,,2025-06-16
819,N. Oxford Substation - NG Western MA Area Cluster Study,G,True,,in service,C,SUN,Solar,PV,MA,True,Worcester,WMA,NG N. Oxford Substation,N,NA,8.7,8.7,8.7,8.7,False,2018-12-14,2018,2020-12-30,2020-01-31,,2.0451745379876796,Y,Y,,2021-10-27
820,Palmer Substation - NG Western MA Area Cluster Study,G,True,,withdrawn,W,SUN,Solar,PV,MA,True,Hampden,WMA,NG Palmer Substation,N,NA,18.095,18.095,18.095,18.095,False,2018-12-14,2018,2022-01-20,2019-02-28,2025-06-13,6.496919917864476,Y,Y,,2025-06-16
821,Pondville - NG Western MA Area Cluster Study,G,True,,withdrawn,W,SUN,Solar,PV,MA,True,Worcester,WMA,NG Pondville,N,NA,4.875,4.875,4.875,4.875,False,2000-12-14,2000,2022-05-22,2022-05-22,2025-06-13,24.49555099247091,N,N,,2025-06-16
822,Royalston - NG Western MA Area Cluster Study,G,True,,withdrawn,W,SUN,Solar,PV,MA,True,Worcester,WMA,NG Royalston,N,NA,2.5,2.5,2.5,2.5,False,2018-12-14,2018,2022-04-26,2022-04-26,2021-10-20,2.8501026694045173,Y,Y,,2021-10-27
823,Thorndike Substation - NG Western MA Area Cluster Study,G,True,,withdrawn,W,SUN,Solar,PV,MA,True,Hampden,WMA,NG Thorndike Substation,N,NA,12.448,12.448,12.448,12.448,False,2018-12-14,2018,2023-12-31,2019-10-01,2025-06-13,6.496919917864476,Y,Y,,2025-06-16
824,Ware Substation - NG Western MA Area Cluster Study,G,True,,withdrawn,W,SUN,Solar,PV,MA,True,Hampshire,WMA,NG Ware Substation,N,NA,13.272,13.272,13.272,13.272,False,2018-12-14,2018,2023-12-31,2021-07-08,2025-06-13,6.496919917864476,Y,Y,,2025-06-16
825,Webster St - NG Western MA Area Cluster Study,G,True,,withdrawn,W,SUN,Solar,PV,MA,True,Worcester,WMA,NG Webster St,N,NA,9.0,9.0,9.0,9.0,False,2018-12-14,2018,2020-08-01,2020-08-01,2019-03-15,0.24914442162902123,N,N,,2019-05-03
826,Wendell Depot Substation - NG Western MA Area Cluster Study,G,True,,in service,C,SUN,Solar,PV,MA,True,Franklin,WMA,NG Wendell Depot Substation,N,NA,14.97,14.97,14.97,14.97,False,2018-12-14,2018,2021-10-16,2021-06-01,,2.839151266255989,Y,Y,,2021-10-27
827,Westminster - NG Western MA Area Cluster Study,G,True,,in service,C,SUN,Solar,PV,MA,True,Worcester,WMA,NG Westminster,N,NA,4.875,4.875,4.875,4.875,False,2018-12-14,2018,2021-06-07,2021-06-07,,2.4804928131416837,Y,Y,,2021-10-27
828,ETU for simultaneous delivery of specific Queued projects,ETU,False,,withdrawn,W,N/A,All other,NA,MA,True,NA,SEMA,N/A,F,N/A,,,,,False,2018-12-14,2018,2025-05-31,2025-03-31,2021-08-26,2.6995208761122518,N,N,,2021-08-31
829,Offshore Wind,G,True,,withdrawn,W,WND,All other,WT,MA,True,NA,SEMA,NSTAR Electric Company 345 kV lines 322 and 342,F,CNR,400.0,400.0,400.0,400.0,False,2018-12-19,2018,2025-07-02,2025-04-01,2022-05-24,3.4277891854893907,N,N,,2022-05-24
830,Offshore Wind,G,True,,withdrawn,W,WND,All other,WT,MA,True,NA,SEMA,NSTAR Electric Company West Barnstable 345 kV.,F,CNR,860.0,860.0,860.0,860.0,False,2018-12-19,2018,2025-07-01,2025-04-01,2022-05-24,3.4277891854893907,N,N,,2022-05-24
831,Battery Storage,G,True,,withdrawn,W,BAT,Storage,OT,CT,False,Windham,CT,"Eversource Killingly 345kV substation, Lat: 41.881266°, Long: -71.891253°",F,CNR,200.0,200.0,200.0,200.0,False,2018-12-21,2018,2024-05-01,2024-04-01,2021-03-16,2.2340862422997945,Y,Y,In Progress,2021-03-16
832,Battery Storage,G,True,,withdrawn,W,BAT,Storage,OT,MA,True,Plymouth,SEMA,"National Grid East Bridgewater 115kV substation, Lat: 42.023890°, Long: -70.966356°",F,CNR,150.0,150.0,150.0,150.0,False,2019-01-04,2019,2021-12-01,2021-11-01,2019-09-05,0.6680355920602327,N,N,,2019-09-05
833,Three Rivers Solar,G,True,,active,A,SUN,Solar,PV,ME,False,Hancock,BHE,"New 115 kV breaker Ring bus, tapping 115 kV Line 93 (Emera Maine) between Bull Hill & Deblois",F,NR,100.0,100.0,100.0,100.0,False,2019-01-09,2019,2026-12-31,2026-09-25,,7.723477070499658,Y,Y,Executed,2023-10-26
834,GD 1-9 Iron Mine Solar,G,True,,in service,C,SUN,Solar,PV,RI,False,N. Smithfield,RI,GRID 115 kV H17 Line (via 34.5 kV feeders from new 115/34.5 kV station),N,NA,38.4,38.4,38.4,38.4,False,2019-01-17,2019,2022-05-13,2021-12-30,,3.3182751540041067,Y,Y,,2022-05-16
835,Solar,G,True,,withdrawn,W,SUN,Solar,PV,MA,True,Norfolk,SEMA,"GRID 348W7, Pole P53 on Washington St, Franklin",N,NA,5.0,5.0,5.0,5.0,False,2019-01-22,2019,2021-09-03,2021-08-15,2025-06-13,6.3901437371663246,N,N,,2025-06-16
836,Solar,G,True,,withdrawn,W,SUN,Solar,PV,RI,False,Cranston,RI,GRID Feeder 21F1 connected to West Cranston No. 21 substation,N,NA,6.25,6.25,6.25,6.25,False,2019-01-31,2019,2023-03-01,2023-01-01,2025-06-13,6.365503080082136,Y,Y,,2025-06-16
837,Somerset Wind Link - 1200 MW HVDC Line (Controllable) into Brayton Point,ETU,False,,active,A,N/A,All other,NA,MA,True,Bristol,RI,The proposed point of interconnection is: GRID Brayton PT 345kV,F,N/A,1200.0,1200.0,,,False,2019-02-22,2019,2031-12-31,2030-05-01,,7.603011635865846,Y,Y,Executed,2024-07-17
838,Solar,G,True,,withdrawn,W,SUN,Solar,PV,RI,False,Kent,RI,GRID 3310 Feeder 34.5 kV to Kent County substation,N,NA,9.8,9.8,9.8,9.8,False,2019-02-25,2019,2021-09-30,2021-09-01,2025-06-13,6.297056810403833,Y,Y,,2025-06-16
839,Solar,G,True,,in service,C,SUN,Solar,PV,RI,False,Kent,RI,GRID 3310 Feeder 34.5 kV to Kent County substation,N,NA,20.0,20.0,20.0,20.0,False,2019-02-25,2019,2023-03-17,2023-01-20,,4.054757015742642,Y,Y,,2023-03-30
840,Sanford Airport Solar CNR only,G,True,,in service,C,SUN,Solar,PV,ME,False,York,ME,"CMP's Sanford - Maguire 115 kV line, section 237",F,CNR,50.0,0.0,50.0,50.0,True,2019-03-01,2019,2020-11-07,2020-10-06,,1.6892539356605065,N,N,Executed,2020-11-09
841,Quinebaug Solar CNR only,G,True,,in service,C,SUN,Solar,PV,CT,False,Windham,CT,"Killingly to Tunnel 115 kV line (approx 5.5 miles south of Brooklyn Substation) - New Eversource Canterbury switching station.
 GPS Coordinates: - 71 55’ 27.9” W   - 41 44’ 14.21” N",F,CNR,49.9,0.9,49.9,49.9,False,2019-03-05,2019,2021-12-18,2021-12-11,,2.7898699520876113,N,N,Executed,2021-12-27
842,Milo Solar,G,True,,in service,C,SUN,Solar,PV,ME,False,Pisataquis,BHE,"EMERA 46kV 28 ME-16  Milo, Maine",F,CNR,20.0,20.0,20.0,20.0,False,2019-03-05,2019,2021-09-25,2021-06-02,,2.5598904859685145,Y,Y,Executed,2021-09-27
843,Solar,G,True,,withdrawn,W,SUN,Solar,PV,VT,False,Essex,VT,"POI location: 44.777214,-71.633269
New 34.5 kV Line Tap at VEC Pole 84-872",F,CNR,12.0,12.0,12.0,12.0,False,2019-03-07,2019,2020-07-01,2020-06-01,2019-04-18,0.11498973305954825,N,N,,2019-04-18
844,Medway Grid Battery Storage,G,True,,in service,C,BAT,Storage,OT,MA,True,Norfolk,SEMA,Eversource 345 kV West Medway substation,F,CNR,250.0,250.0,250.0,250.0,False,2019-03-13,2019,2026-02-25,2025-12-02,,6.95687885010267,Y,Y,Executed,2026-02-25
845,Solar,G,True,,withdrawn,W,SUN,Solar,PV,CT,False,Windham,CT,3 Breaker Ring Bus on the Eversource 1607 Line (modeling based on same point as Exeter Tap for practical purposes),F,CNR,20.0,20.0,20.0,20.0,False,2019-03-18,2019,2020-07-01,2020-06-01,2019-11-08,0.6433949349760438,N,N,,2019-11-12
846,Offshore Wind Increase,G,True,,withdrawn,W,WND,All other,WT,MA,True,NA,RI,"National Grid, 345 kV Brayton Point Substation, Somerset, MA",F,CNR,840.0,40.0,840.0,840.0,False,2019-03-19,2019,2026-05-31,2025-09-21,2022-08-10,3.3949349760438055,Y,Y,Not Started,2022-08-10
847,Battery Storage,G,True,,withdrawn,W,BAT,Storage,OT,MA,True,Essex,BOST,"Primary POI: Expand NGRID S.Danvers 115 kV substation by connecting to B-154N line
Alternative POI: Tap B-154N line two spans west of the S. Danvers substation to construct a new three-breaker ring bus",F,CNR,150.0,150.0,150.0,150.0,False,2019-03-19,2019,2023-05-31,2023-04-30,2020-03-06,0.9664613278576317,N,N,,2020-03-09
848,Adams substation - NG Western MA Area Cluster Study,G,True,,withdrawn,W,SUN,Solar,PV,MA,True,Berkshire,WMA,NG Adams substation,N,NA,10.978,10.978,10.978,10.978,False,2019-03-21,2019,2021-12-31,2021-12-02,2025-06-13,6.231348391512663,Y,Y,,2025-06-16
849,Ashburnham substation - NG Western MA Area Cluster Study,G,True,,withdrawn,W,SUN,Solar,PV,MA,True,Worcester,WMA,NG Ashburnham substation,N,NA,4.98,4.98,4.98,4.98,False,2019-03-21,2019,2023-01-12,2023-01-12,2025-06-13,6.231348391512663,N,N,,2025-06-16
850,Bear Swamp Upper Yard substation - NG Western MA Area Cluster Study,G,True,,in service,C,SUN,Solar,PV,MA,True,Berkshire,WMA,NG Bear Swamp Upper Yard substation,N,NA,2.5,2.5,2.5,2.5,False,2019-03-21,2019,2021-09-08,2021-09-08,,2.4695414099931554,Y,Y,,2021-10-27
851,Brookfield substation - NG Western MA Area Cluster Study,G,True,,withdrawn,W,SUN,Solar,PV,MA,True,Worcester,WMA,NG Brookfield substation,N,NA,24.0,24.0,24.0,24.0,False,2019-03-21,2019,2020-08-01,2020-08-01,2020-02-18,0.9144421629021219,N,N,,2020-02-26
852,E. Webster substation - NG Western MA Area Cluster Study,G,True,,withdrawn,W,SUN,Solar,PV,MA,True,Worcester,WMA,NG E.. Webster substation,N,NA,4.88,4.88,4.88,4.88,False,2019-03-21,2019,2023-10-01,2022-08-09,2025-06-13,6.231348391512663,Y,Y,,2025-06-16
853,East Longmeadow substation - NG Western MA Area Cluster Study,G,True,,withdrawn,W,SUN,Solar,PV,MA,True,Hampden,WMA,NG East Longmeadow,N,NA,8.99,8.99,8.99,8.99,False,2019-03-21,2019,2022-08-07,2019-11-15,2025-06-13,6.231348391512663,Y,Y,,2025-06-16
854,Litchfield substation - NG Western MA Area Cluster Study,G,True,,in service,C,SUN,Solar,PV,MA,True,Worcester,WMA,NG Litchfield substation,N,NA,9.49,9.49,9.49,9.49,False,2019-03-21,2019,2021-04-30,2021-04-30,,2.11088295687885,Y,Y,,2021-10-27
855,Millbury substation - NG Western MA Area Cluster Study,G,True,,withdrawn,W,SUN,Solar,PV,MA,True,Worcester,WMA,NG Millbury substation,N,NA,14.44,14.44,14.44,14.44,False,2019-03-21,2019,2023-11-01,2022-05-21,2025-06-13,6.231348391512663,Y,Y,,2025-06-16
856,New Salem substation - NG Western MA Area Cluster Study,G,True,,withdrawn,W,SUN,Solar,PV,MA,True,Worcester,WMA,NG New Salem substation,N,NA,21.272,21.272,21.272,21.272,False,2019-03-21,2019,2020-08-01,2020-08-01,,,Y,Y,,2021-03-04
857,Powder Mill substation - NG Western MA Area Cluster Study,G,True,,withdrawn,W,SUN,Solar,PV,MA,True,Worcester,WMA,NG Powder Mill substation,N,NA,70.664,70.664,70.664,70.664,False,2019-03-21,2019,2020-08-01,2020-08-01,,,Y,Y,,2021-03-04
858,Pratts Junction substation - NG Western MA Area Cluster Study,G,True,,withdrawn,W,SUN,Solar,PV,MA,True,Worcester,WMA,NG Pratts Junction substation,N,NA,2.0,2.0,2.0,2.0,False,2019-03-21,2019,2020-08-01,2020-08-01,2020-02-18,0.9144421629021219,N,N,,2020-02-26
859,Prospect Street substation - NG Western MA Area Cluster Study,G,True,,withdrawn,W,SUN,Solar,PV,MA,True,Worcester,WMA,NG Prospect Street Substation,N,NA,2.0,2.0,2.0,2.0,False,2019-03-21,2019,2020-08-01,2020-08-01,2020-02-18,0.9144421629021219,N,N,,2020-02-26
860,Shutesbury substation - NG Western MA Area Cluster Study,G,True,,withdrawn,W,SUN,Solar,PV,MA,True,Hampshire,WMA,NG Shutesbury substation,N,NA,19.992,19.992,19.992,19.992,False,2019-03-21,2019,2023-12-31,2021-12-31,2025-06-13,6.231348391512663,Y,Y,,2025-06-16
861,Snow Street substation - NG Western MA Area Cluster Study,G,True,,withdrawn,W,SUN,Solar,PV,MA,True,Worcester,WMA,NG Snow Street substation,N,NA,24.652,24.652,24.652,24.652,False,2019-03-21,2019,2023-04-05,2020-12-31,2025-06-13,6.231348391512663,Y,Y,,2025-06-16
862,Stafford Street substation - NG Western MA Area Cluster Study,G,True,,withdrawn,W,SUN,Solar,PV,MA,True,Worcester,WMA,NG Stafford Street substation,N,NA,20.38,20.38,20.38,20.38,False,2019-03-21,2019,2022-10-01,2020-08-01,2021-10-20,2.5845311430527036,Y,Y,,2021-10-27
863,Treasure Valley substation - NG Western MA Area Cluster Study,G,True,,in service,C,SUN,Solar,PV,MA,True,Worcester,WMA,NG Treasure Valley substation,N,NA,2.23,2.23,2.23,2.23,False,2019-03-21,2019,2019-09-19,2019-09-19,,0.49828884325804246,Y,Y,,2021-10-27
864,W. Charlton substation - NG Western MA Area Cluster Study,G,True,,withdrawn,W,SUN,Solar,PV,MA,True,Worcester,WMA,NG W. Charlton substation,N,NA,17.032,17.032,17.032,17.032,False,2019-03-21,2019,2022-10-10,2020-08-29,2025-06-13,6.231348391512663,Y,Y,,2025-06-16
865,West Hampden 139 substation - NG Western MA Area Cluster Study,G,True,,withdrawn,W,SUN,Solar,PV,MA,True,Hampden,WMA,NG West Hampden substation,N,NA,13.173,13.173,13.173,13.173,False,2019-03-21,2019,2023-03-10,2019-07-05,2025-06-13,6.231348391512663,Y,Y,,2025-06-16
866,Whitmanville substation - NG Western MA Area Cluster Study,G,True,,withdrawn,W,SUN,Solar,PV,MA,True,Worcester,WMA,NG Whitmanville substation,N,NA,26.612,26.612,26.612,26.612,False,2019-03-21,2019,2020-08-01,2020-08-01,,,Y,Y,,2021-03-04
867,Wilbraham substation - NG Western MA Area Cluster Study,G,True,,in service,C,SUN,Solar,PV,MA,True,Hampden,WMA,NG Wilbraham substation,N,NA,4.0,4.0,4.0,4.0,False,2019-03-21,2019,2020-12-03,2020-12-03,,1.7056810403832992,Y,Y,,2021-10-27
868,Nellie Solar,G,True,,withdrawn,W,SUN,Solar,PV,NH,False,Sullivan,NH,"Eversource 34.5 kV line 3410 out of the North Road substation, extended along Maple Street, Newport NH.",F,NR,15.0,15.0,15.0,15.0,False,2019-04-10,2019,2024-10-01,2024-09-04,2024-10-18,5.5249828884325805,Y,Y,Executed,2024-10-18
869,Solar,G,True,,withdrawn,W,SUN,Solar,PV,RI,False,Providence,RI,"NG feeder 26W1, Woonsocket substation",N,NA,6.22,6.22,6.22,6.22,False,2019-03-26,2019,2025-03-10,2022-04-01,2025-06-13,6.217659137577002,Y,Y,,2025-06-16
870,Solar,G,True,,withdrawn,W,SUN,Solar,PV,RI,False,Providence,RI,"NG feeder 26W7, Woonsocket substation",N,NA,6.22,6.22,6.22,6.22,False,2019-03-26,2019,2025-03-10,2022-04-01,2025-06-13,6.217659137577002,Y,Y,,2025-06-16
871,Energy Storage,G,True,,withdrawn,W,BAT,Storage,OT,NH,False,Grafton,NH,PSNH 115kV Littleton substation,F,CNR,100.0,100.0,100.0,100.0,False,2019-03-28,2019,2023-05-31,2022-03-01,2020-01-17,0.8076659822039699,N,N,,2020-01-17
872,Battery Storage,G,True,,withdrawn,W,BAT,Storage,OT,RI,False,Washington,RI,"National Grid 115kV Kent County- West Kingston line
Approx: Latitude: 41°28'50.34""N, Longitude: 71°34'24.82""W",F,CNR,180.0,180.0,180.0,180.0,False,2019-04-01,2019,2023-03-01,2022-11-15,2020-02-08,0.8569472963723477,N,N,,2020-02-10
873,1200 MW HVDC Line (controllable) Into Mystic,ETU,False,,withdrawn,W,N/A,All other,NA,MA,True,Middlesex,BOST,The proposed point of Interconnection is: NSTAR Mystic 345kV Substation,F,N/A,1200.0,1200.0,,,False,2019-04-04,2019,2024-08-01,2024-05-01,2020-07-02,1.2457221081451062,N,N,,2020-07-02
874,Cross Town Battery Storage,G,True,,in service,C,BAT,Storage,OT,ME,False,Cumberland,ME,"CMP Mosher 115kV Substation - Lat: 43°41'2.39""N  Long: 70°23'56.24""W",F,CNR,182.0,175.0,182.0,182.0,False,2019-04-08,2019,2025-11-29,2025-09-05,,6.6447638603696095,Y,Y,Executed,2025-12-01
875,Farmington Solar CNR only,G,True,,in service,C,SUN,Solar,PV,ME,False,Franklin,ME,CMP's Sturtevant - Livermoore Fall 115 kV line,F,CNR,78.4,0.0,78.4,78.4,True,2019-04-08,2019,2021-10-27,2021-09-09,,2.5544147843942504,N,N,Executed,2021-10-27
876,Energy Storage,G,True,,withdrawn,W,BAT,Storage,OT,MA,True,Bristol,SEMA,Eversource 115kV Cross Road Substation Line 109,F,CNR,246.0,246.0,246.0,246.0,False,2019-04-11,2019,2024-12-31,2024-10-28,2021-12-20,2.6940451745379876,Y,Y,,2021-12-21
877,Energy Storage,G,True,,active,A,BAT,Storage,OT,MA,True,Norfolk,SEMA,National Grid's South Wrentham 115kV substation,F,NR,170.0,170.0,170.0,170.0,False,2019-04-11,2019,2027-07-26,2027-06-26,,7.471594798083505,Y,Y,Executed,2025-06-30
878,Solar,G,True,,withdrawn,W,SUN,Solar,PV,NH,False,Sullivan,NH,Eversource Lost Nation Substation (34.5 kV),F,NR,19.8,19.8,19.8,19.8,False,2019-04-15,2019,2020-11-05,2020-03-05,2019-05-01,0.04380561259411362,N,N,,2019-05-02
879,Simple Cycle Combustion Turbine Repowering (alternative to Q647),G,True,,withdrawn,W,DFO NG,All other,GT,CT,False,Middlesex,CT,"Middletown 115 kV substation, Bus A, between breakers 1T and 2T",F,CNR,376.0,0.0,376.0,378.0,True,2019-04-15,2019,2023-05-31,2023-01-16,2019-05-28,0.11772758384668036,N,N,,2019-05-28
880,Generator reactivation,G,True,,withdrawn,W,BLQ WDS,All other,ST,ME,False,Penobscot,BHE,Emera Maine 46kv  Line 5/7 / Old Town Maine @ Penobscot River,F,CNR,24.0,24.0,24.0,24.0,False,2019-04-17,2019,2020-10-30,2020-09-30,2019-05-15,0.07665982203969883,N,N,,2019-05-15
881,Fore River CNR Uprate,G,True,,in service,C,DFO NG,All other,CC,MA,True,Norfolk,SEMA,NSTAR Edgar 115kv substation.,F,CNR,800.0,0.0,800.0,843.0,True,2019-04-18,2019,2020-06-01,2020-06-01,,1.1225188227241616,N,N,Executed,2020-06-02
882,Kendall CNR Restoration,G,True,,in service,C,DFO NG,All other,CC,MA,True,Middlesex,BOST,"Kendall CT and Kendall Steam 3: point where Eversource Line 875-539 connects to Eversource 115 kV bus at Station 875.
Kendall Jet: point where Eversource breaker J1242 connects to A bus at Kendall Station.",F,CNR,248.504,13.551,248.504,252.074,False,2019-04-24,2019,2021-11-04,2021-11-04,,2.532511978097194,Y,Y,Executed,2021-12-14
883,Kendall Combined Cycle increase,G,True,,withdrawn,W,DFO NG,All other,CC,MA,True,Middlesex,BOST,"Kendall CT and Kendall Steam 3: point where Eversource Line 875-539 connects to Eversource 115 kV bus at Station 875.
Kendall Jet: point where Eversource breaker J1242 connects to A bus at Kendall Station.",F,CNR,264.953,16.449,264.953,268.523,False,2019-04-24,2019,2025-06-01,2025-06-01,2025-03-04,5.861738535249829,Y,Y,Executed,2025-03-04
884,Nutmeg Solar CNR only,G,True,,in service,C,SUN,Solar,PV,CT,False,Hartford,CT,115kV Sitico Sub,F,CNR,19.9,0.0,19.9,19.9,True,2019-04-24,2019,2020-12-07,2020-11-15,,1.623545516769336,N,N,Executed,2021-01-12
885,Fuel Cell,G,True,,withdrawn,W,NG,All other,FC,CT,False,Hartford,CT,Black Rock Substation (Eversource) via the Farmington River Power Company owned Burritt St substation 69kv line 680,F,CNR,20.24,20.24,20.24,20.24,False,2019-04-25,2019,2020-06-30,2020-05-01,2019-09-03,0.3586584531143053,N,N,,2019-09-03
886,Battery Storage,G,True,,withdrawn,W,BAT,Storage,OT,MA,True,Norfolk,SEMA,Eversource 345 kV Holbrook,F,CNR,200.0,200.0,200.0,200.0,False,2019-04-26,2019,2023-05-31,2023-04-30,2020-03-06,0.8624229979466119,N,N,,2020-03-09
887,Battery Storage,G,True,,withdrawn,W,BAT,Storage,OT,MA,True,Plymouth,SEMA,Eversource Line 113 at Wareham 115 kV substation,F,NR,150.0,150.0,150.0,150.0,False,2019-04-26,2019,2026-05-31,2026-04-30,2023-11-14,4.553045859000685,Y,N,,2023-11-14
888,Millinocket Battery additon,G,True,,in service,C,WAT BAT,All other,OT,ME,False,Penobscot,BHE,"115/34.5 kV Powersville Rd Substation and Millinocket Sub 4, 34.5 kV Bus",F,CNR,126.0,0.0,126.0,126.0,True,2019-04-26,2019,2020-12-30,2020-12-07,,1.68104038329911,Y,Y,Executed,2021-03-04
889,NECEC Elective Transmission Deliverability Upgrades,ETU,False,,in service,C,N/A,All other,NA,ME,False,Androscoggin,ME,N/A,F,N/A,,,,,False,2019-05-01,2019,2025-12-31,2025-08-28,,6.669404517453799,Y,Y,Executed,2025-12-31
890,Increase transfer capability for N to S flows (Norwalk Harbor substation to Northport substation),ETU,False,,withdrawn,W,N/A,All other,NA,CT,False,NA,SWCT,N/A,F,N/A,,,,,False,2019-05-13,2019,2023-07-01,2023-06-02,2020-06-26,1.1225188227241616,N,N,,2020-06-26
891,1400 MW HVDC Line into Millstone,ETU,False,,withdrawn,W,N/A,All other,NA,CT,False,New London,CT,"The proposed point of Interconnection is the Eversource Millstone 345kV substation in Waterford, CT - Alternate is Haddam 345 kV Substation",F,N/A,1400.0,1400.0,,,False,2019-05-29,2019,2024-03-01,2024-01-01,2020-01-16,0.6351813826146475,N,N,,2020-01-16
892,Gravel Pit Solar,G,True,,in service,C,SUN,Solar,PV,CT,False,Hartford,CT,Line cut and three-breaker ring bus of the 115 kV Connecticut Light & Power Company line between Barbour Hill and Windsor Locks,F,CNR,50.0,50.0,50.0,50.0,False,2019-06-12,2019,2025-08-13,2024-10-28,,6.1711156741957565,Y,Y,Executed,2026-07-17
893,Offshore Wind,G,True,,withdrawn,W,WND,All other,WT,CT,False,NA,CT,Millstone 345kV alternate: lines 348 and 310,F,CNR,1200.0,1200.0,1200.0,1200.0,False,2019-06-07,2019,2025-05-31,2024-06-01,2021-10-20,2.3709787816563996,N,N,,2021-10-20
894,Gas turbine repowering (Alt. to Q647),G,True,,withdrawn,W,DFO NG,All other,GT,CT,False,Middlesex,CT,"Middletown 115 kV substation, Bus A, between breakers 1T and 2T",F,CNR,376.0,23.0,376.0,378.0,False,2019-06-10,2019,2025-05-31,2025-01-16,2021-12-02,2.4804928131416837,Y,Y,Not Started,2021-12-02
895,CT additional,G,True,,withdrawn,W,NG WO,All other,GT,CT,False,Tolland,CT,Connecticut Light and Power Company d/b/a Eversource Connecticut (ES CT) Card-Mansfield 900 Line operating at 69 kV at the North Eagleville / King Hill Road intersection,F,CNR,37.05,10.0,37.05,43.25,False,2019-06-27,2019,2021-02-01,2021-02-01,2019-08-09,0.11772758384668036,N,N,,2019-08-09
896,Saco Solar,G,True,,withdrawn,W,SUN,Solar,PV,ME,False,York,ME,"CMPCO 34.5kV Louden Substation Saco, Maine",F,NR,19.6,19.6,19.6,19.6,False,2019-07-17,2019,2026-07-01,2026-06-01,2025-12-08,6.395619438740589,Y,Y,Executed,2025-12-15
897,Solar,G,True,,withdrawn,W,SUN,Solar,PV,NH,False,Grafton,NH,Eversource 34.5kV bus at the Beebe River Substation,F,CNR,60.0,60.0,60.0,60.0,False,2019-07-26,2019,2022-06-01,2022-05-01,2019-08-28,0.09034907597535935,N,N,,2019-08-28
898,Solar,G,True,,withdrawn,W,SUN,Solar,PV,NH,False,Grafton,NH,"NGRID 34.5kV transmission/distribution line 3318 in Monroe, NH",F,CNR,33.1,33.1,33.1,33.1,False,2019-07-26,2019,2022-06-01,2022-05-01,2019-08-28,0.09034907597535935,N,N,,2019-08-28
899,1200 MW HVDC Line into Singer (Controllable),ETU,False,,withdrawn,W,N/A,All other,NA,CT,False,Fairfield,SWCT,"The proposed point of interconnection is 345kV Singer substation in Bridgeport, CT.",F,N/A,1200.0,1200.0,,,False,2019-07-29,2019,2024-09-01,2024-07-01,2020-07-31,1.0075290896646132,N,N,,2020-07-31
900,Solar,G,True,,in service,C,SUN,Solar,PV,ME,False,Oxford,ME,"CMP Oxford subsation, Circuit 437D1",N,NA,4.6,4.6,4.6,4.6,False,2019-08-01,2019,2021-06-14,2021-06-04,,1.8699520876112252,Y,Y,,2021-06-28
901,Solar,G,True,,in service,C,SUN,Solar,PV,ME,False,Oxford,ME,"CMP Oxford substation, Circuit 437D2",N,NA,4.6,4.6,4.6,4.6,False,2019-08-01,2019,2021-06-14,2021-06-04,,1.8699520876112252,Y,Y,,2021-06-28
902,Solar,G,True,,in service,C,SUN,Solar,PV,ME,False,Kennebec,ME,"CMP Blair Road substation, Circuit207D2",N,NA,7.2,7.2,7.2,7.2,False,2019-08-01,2019,2021-07-02,2021-06-22,,1.919233401779603,Y,Y,,2021-07-02
903,Solar,G,True,,in service,C,SUN,Solar,PV,ME,False,Kennebec,ME,"CMP Winslow substation, Circuit 870D2",N,NA,6.999,6.999,6.999,6.999,False,2019-08-01,2019,2022-07-13,2022-05-24,,2.948665297741273,Y,Y,,2022-07-14
904,Battery Storage,G,True,,withdrawn,W,BAT,Storage,OT,ME,False,Kennebec,ME,"CMP Puddledock substation, circuit 262D1",N,NA,14.0,14.0,14.0,14.0,False,2019-08-01,2019,2024-01-25,2024-01-01,2025-01-08,5.4401095140314855,Y,Y,,2025-01-08
905,Battery Storage,G,True,,withdrawn,W,BAT,Storage,OT,ME,False,Cumberland,ME,"CMP Mussey Road substation, Circuit 636D2",N,NA,10.0,10.0,10.0,10.0,False,2019-08-01,2019,2024-08-01,2024-08-01,2025-01-08,5.4401095140314855,Y,Y,,2025-01-08
906,Solar,G,True,,in service,C,SUN,Solar,PV,ME,False,York,ME,"CMP Pratt & Whitney substation, Circuit 661D2",N,NA,4.8,4.8,4.8,4.8,False,2019-08-01,2019,2022-07-14,2022-07-01,,2.951403148528405,Y,Y,,2023-03-14
907,Solar,G,True,,withdrawn,W,SUN,Solar,PV,ME,False,Androscoggin,ME,"CMP Hotel Road substation, Circuit 420D4",N,NA,5.0,5.0,5.0,5.0,False,2019-08-01,2019,2020-08-31,2020-08-01,2019-10-17,0.2108145106091718,N,N,,2019-10-21
908,Solar,G,True,,withdrawn,W,SUN,Solar,PV,ME,False,Somerset,ME,"CMP Skowhegan North Side substation, Circuit 853D1 and 853D2",N,NA,8.999,8.999,8.999,8.999,False,2019-08-01,2019,2020-12-31,2020-12-01,2019-10-17,0.2108145106091718,N,N,,2019-10-21
909,Offshore Wind,G,True,,withdrawn,W,WND,All other,WT,MA,True,NA,SEMA,"Primary National Grid 115kV Bell Rock, alt: Eversource 115kV Wings Lane, National Grid 115kV Somerset",F,NR,814.0,814.0,814.0,814.0,False,2019-08-01,2019,2026-05-31,2026-04-01,2024-02-13,4.5366187542778915,N,N,,2024-02-13
910,Mousam River Solar,G,True,,in service,C,SUN,Solar,PV,ME,False,York,ME,"34.5 kV bus at CMP Sanford Substation ( 43° 25.746'N, 70° 44.085'W)",F,CNR,20.0,20.0,20.0,20.0,False,2019-08-27,2019,2025-10-24,2025-09-15,,6.160164271047228,Y,Y,Executed,2025-10-30
911,Solar,G,True,,withdrawn,W,SUN,Solar,PV,ME,False,Oxford,ME,"34.5 kV bus at CMP's Lovell Substation. Lat/Lon  44° 7.315'N,  70° 53.332'W",F,CNR,35.0,35.0,35.0,35.0,False,2019-08-22,2019,2024-12-30,2024-12-14,2022-07-05,2.869267624914442,Y,Y,In Progress,2022-07-05
912,Bloom Energy Fuel Cell,G,True,,in service,C,FC,All other,FC,CT,False,New London,CT,Eversource Willimantic 14S,N,NA,10.2,10.2,10.2,10.2,False,2019-08-23,2019,2021-10-20,2021-10-07,,2.1601642710472277,Y,Y,,2021-10-22
913,Solar,G,True,,withdrawn,W,SUN,Solar,PV,ME,False,Androscoggin,ME,"CMP Hotel Road substation, Curcuit 420D4",N,NA,9.98,9.98,9.98,9.98,False,2019-08-29,2019,2020-12-31,2020-12-01,2019-10-17,0.13415468856947296,N,N,,2019-10-21
914,Solar,G,True,,withdrawn,W,SUN,Solar,PV,ME,False,Androscoggin,ME,"CMP Deer Rips substation, curcuit 412D4",N,NA,5.0,5.0,5.0,5.0,False,2019-08-29,2019,2020-12-31,2020-12-01,2019-10-17,0.13415468856947296,N,N,,2019-10-21
915,Solar and Battery,G,True,,withdrawn,W,SUN BAT,Solar + storage,OT,ME,False,Oxford,ME,"CMP Rumford substation, Curcuit 447D2",N,NA,5.0,5.0,5.0,5.0,False,2019-08-29,2019,2020-12-31,2020-12-01,2019-10-17,0.13415468856947296,N,N,,2019-10-21
916,Solar and Battery,G,True,,withdrawn,W,SUN BAT,Solar + storage,OT,ME,False,Cumberland,ME,"CMP Fort Hill substation, Circuit 624D1",N,NA,5.0,5.0,5.0,5.0,False,2019-08-29,2019,2020-12-31,2020-12-01,2019-10-17,0.13415468856947296,N,N,,2019-10-21
917,Solar and Battery,G,True,,withdrawn,W,SUN BAT,Solar + storage,OT,ME,False,Androscoggin,ME,"CMP Great Falls substation, Circuit 436D6",N,NA,7.5,7.5,7.5,7.5,False,2019-08-29,2019,2020-12-31,2020-12-01,2019-10-17,0.13415468856947296,N,N,,2019-10-21
918,Solar and Battery,G,True,,withdrawn,W,SUN BAT,Solar + storage,OT,ME,False,Howard,ME,"CMP Trap Corner substation, Circuit 453D1",N,NA,5.0,5.0,5.0,5.0,False,2019-08-29,2019,2020-12-31,2020-12-01,2019-10-17,0.13415468856947296,N,N,,2019-10-21
919,Solar and Battery,G,True,,withdrawn,W,SUN BAT,Solar + storage,OT,ME,False,Knox,ME,CMP Thomaston Creek substation - Circuit 246D1,N,NA,5.0,5.0,5.0,5.0,False,2019-08-29,2019,2020-12-31,2020-12-01,2019-10-17,0.13415468856947296,N,N,,2019-10-21
920,Solar and Battery,G,True,,withdrawn,W,SUN BAT,Solar + storage,OT,ME,False,York,ME,CMP Biddleford Pump station - Circuit 605D1,N,NA,11.68,11.68,11.68,11.68,False,2019-08-29,2019,2020-12-31,2020-12-01,2019-10-17,0.13415468856947296,N,N,,2019-10-21
921,Solar and Battery,G,True,,withdrawn,W,SUN BAT,Solar + storage,OT,ME,False,York,ME,CMP Bonney Easgle substation - Circuit 610D2,N,NA,9.35,9.35,9.35,9.35,False,2019-08-29,2019,2020-12-31,2020-12-01,2019-10-17,0.13415468856947296,N,N,,2019-10-21
922,Offshore wind Increase (Q829),G,True,,withdrawn,W,WND,All other,WT,MA,True,NA,SEMA,NSTAR Electric Company 345 kV lines 322 and 342,F,CNR,600.0,200.0,600.0,600.0,False,2019-09-03,2019,2025-07-01,2025-04-01,2022-05-24,2.7214236824093088,N,N,,2022-05-24
923,Solar,G,True,,in service,C,SUN,Solar,PV,ME,False,Androscoggin,ME,CMP 34.5 kV Leeds substation,N,NA,20.0,20.0,20.0,20.0,False,2019-09-03,2019,2025-02-25,2024-12-14,,5.4811772758384665,Y,Y,,2025-03-03
924,NY QP543 AC,ETU,False,,active,A,N/A,All other,NA,NY,False,Albany/Dutchess,,NY Greenbush PV 345 kV,N,N/A,0.0,0.0,0.0,0.0,True,2019-09-06,2019,2023-12-31,2023-12-31,,7.066392881587953,N,N,,2023-05-31
925,NY QP556 AC,ETU,False,,active,A,N/A,All other,NA,NY,False,Onieda/Albany,N/A,NY Edic - New Scotland 345 kV,N,N/A,0.0,0.0,0.0,0.0,True,2019-09-06,2019,2023-12-31,2023-12-31,,7.066392881587953,N,N,,2023-05-31
926,Offshore Wind Increase (Q781),G,True,,withdrawn,W,WND,All other,WT,RI,False,NA,RI,National Grid's 115kV Davisville Substation,F,CNR,871.0,167.0,871.0,871.0,False,2019-09-11,2019,2023-12-01,2023-04-30,2020-11-06,1.1553730321697468,N,N,,2020-11-06
927,Offshore Wind,G,True,,withdrawn,W,WND,All other,WT,CT,False,NA,CT,"Primary: Eversource (CL&P) 345kV Montville, Alternatively Eversource (CL&P) 345kV Millstone.",F,NR,1200.0,1200.0,1200.0,1200.0,False,2019-09-16,2019,2031-05-31,2031-01-31,2024-08-07,4.892539356605065,Y,Y,In Progress,2024-08-07
928,Solar,G,True,,withdrawn,W,SUN,Solar,PV,ME,False,Somerset,ME,"34.5 kV bus at CMP's Lakewood Substation in Madison, Maine",F,CNR,20.0,20.0,20.0,20.0,False,2019-10-09,2019,2027-04-01,2027-03-15,2023-11-27,4.134154688569473,Y,N,In Progress,2023-11-27
929,GDC Saco Solar,G,True,,active,A,SUN,Solar,PV,ME,False,York,ME,CMP Louden 34.5kV substation,F,NR,20.0,20.0,20.0,20.0,False,2019-10-15,2019,2027-11-15,2027-11-01,,6.959616700889802,Y,Y,Executed,2023-08-31
930,Millstone Increase,G,True,,in service,C,NUC,All other,ST,CT,False,New London,CT,Eversource's Millstone 345 KV switchyard (15G) - no change to existing connection,F,CNR,1262.0,37.0,1262.0,1262.0,False,2019-10-17,2019,2022-05-26,2022-05-26,,2.6064339493497606,Y,Y,Executed,2022-10-24
931,Roxbury Solar,G,True,,withdrawn,W,SUN,Solar,PV,ME,False,Oxford,ME,CMP Roxbury substation 115 kV bus,F,NR,55.0,55.0,55.0,55.0,False,2019-10-22,2019,2024-10-24,2024-10-03,2024-10-18,4.991101984941821,Y,Y,Executed,2024-10-18
932,Solar,G,True,,withdrawn,W,SUN,Solar,PV,NH,False,Carroll,ME,"115 kV Eversource K1214 line between Saco Valley and Lovell, approximately 3.46 miles from Saco Valley.",F,CNR,110.0,110.0,110.0,110.0,False,2019-10-22,2019,2025-10-03,2025-09-12,2022-11-23,3.0882956878850103,Y,N,,2023-01-03
933,Coolidge Solar CNR Only,G,True,,in service,C,SUN,Solar,PV,VT,False,Windsor,VT,115 kV Coolidge Substation,F,CNR,19.9,0.0,19.9,19.9,True,2019-10-22,2019,2020-11-13,2018-12-12,,1.0622861054072552,N,N,Executed,2020-12-01
934,Pembroke Solar,G,True,,withdrawn,W,SUN,Solar,PV,NH,False,Merrimack,NH,"Eversource Pole 334/201 of the 334G Line looped between Garvins & Rimmon, roughly 3.5 miles from Garvins",F,NR,17.5,17.5,17.5,17.5,False,2019-10-25,2019,2024-09-01,2024-08-05,2025-01-06,5.201916495550993,Y,Y,Executed,2025-01-06
935,West Baldwin Solar,G,True,,active,A,SUN,Solar,PV,ME,False,Cumberland,ME,"CMP 34.5 kv Line, Section 91",F,NR,17.1,17.1,17.1,17.1,False,2019-10-30,2019,2029-09-30,2029-08-31,,6.91854893908282,Y,Y,Executed,2025-05-05
936,Solar,G,True,,withdrawn,W,SUN,Solar,PV,NH,False,Coos,NH,115 kV bus of Eversource Paris Substation.,F,NR,45.0,45.0,45.0,45.0,False,2019-10-30,2019,2024-10-01,2024-09-10,2023-12-06,4.101300479123887,Y,Y,In Progress,2023-12-06
937,Solar CNR only,G,True,,withdrawn,W,SUN,Solar,PV,ME,False,York,ME,CMP/Eversource 345 kV Line 391 from Buxton substation to Scobie Pond substation (approx. 27.7 miles from Buxton substation),F,CNR,150.0,0.0,150.0,150.0,True,2019-11-14,2019,2022-12-31,2022-12-15,2021-08-12,1.7440109514031485,N,N,Executed,2021-08-12
938,Solar,G,True,,withdrawn,W,SUN,Solar,PV,NH,False,Merrimack,NH,POI is Eversource NH pole 317/153 of the 317 line out of the Oak Hill Substation.,F,CNR,35.0,35.0,35.0,35.0,False,2019-11-21,2019,2022-10-03,2022-09-25,2020-09-21,0.8350444900752909,N,N,,2020-09-21
939,NB Fuel Cell,G,True,,in service,C,NG,All other,FC,CT,False,Hartford,CT,"Black Rock Substation (Eversource) via the Farmington River Power Company owned Burritt St
substation 69kv line 680",F,NR,20.24,20.24,20.24,20.24,False,2019-11-25,2019,2024-12-12,2024-05-28,,5.048596851471594,Y,Y,Executed,2025-01-13
940,Gravel Pit Solar increase,G,True,,in service,C,SUN,Solar,PV,CT,False,Hartford,CT,Line cut and three-breaker ring bus of the 115 kV Connecticut Light & Power Company line between Barbour Hill and Windsor Locks.,F,CNR,75.0,25.0,75.0,75.0,False,2019-12-04,2019,2025-08-13,2024-10-28,,5.691991786447638,Y,Y,Executed,2026-07-14
941,Brayton Road Solar,G,True,,in service,C,SUN,Solar,PV,RI,False,Newport,SEMA,GRID 33F4 Feeder Connecting to Tiverton No. 2 substation,N,NA,3.368,3.368,3.368,3.368,False,2019-12-10,2019,2024-02-15,2024-01-09,,4.183436002737851,Y,Y,,2024-04-29
942,Brayton Road Solar,G,True,,in service,C,SUN,Solar,PV,RI,False,Newport,SEMA,GRID 33F4 Feeder Connecting to Tiverton No. 2 substation,N,NA,8.423,8.423,8.423,8.423,False,2019-12-10,2019,2024-02-15,2024-01-09,,4.183436002737851,Y,Y,,2024-04-29
943,Solar,G,True,,withdrawn,W,SUN,Solar,PV,ME,False,Androscoggin,ME,Interconnecting to the existing CMP 34.5 kV line Section 72 between Gulf Island and Crowleys (about 3.85 miles from Crowleys).,F,CNR,15.0,15.0,15.0,15.0,False,2019-12-12,2019,2021-11-01,2021-10-01,2021-11-12,1.919233401779603,Y,N,In Progress,2021-11-12
944,Bay State Wind 4 Offshore Wind,G,True,,active,A,WND,All other,WT,MA,True,NA,RI,National Grid Brayton Point 345kV,F,NR,1200.0,1200.0,1200.0,1200.0,False,2019-12-18,2019,2033-11-04,2033-03-27,,6.784394250513347,Y,Y,Executed,2024-08-08
945,ND OTM LLC Generator Reactivation,G,True,,in service,C,BLQ WDS,All other,ST,ME,False,Penobscot,BHE,Emera Maine 46 kv Line 5/7 / Old Town Maine @ Penobscot River,F,NR,8.0,8.0,8.0,8.0,False,2019-12-18,2019,2021-06-05,2021-06-05,,1.4647501711156743,Y,Y,Executed,2021-06-09
946,Solar,G,True,,withdrawn,W,SUN,Solar,PV,ME,False,York,ME,"CMP 34.5 kv, Section 182",F,CNR,18.4,18.4,18.4,18.4,False,2019-12-27,2019,2021-08-31,2021-08-15,2020-04-01,0.26283367556468173,N,N,,2020-04-01
947,Battery Storage,G,True,,withdrawn,W,BAT,Storage,OT,ME,False,Androscoggin,ME,"Sec 377, Approx. 2.71 miles east of Surowiec 345kV bus",F,CNR,200.0,200.0,200.0,200.0,False,2020-01-07,2020,2022-12-07,2022-12-07,2020-03-12,0.17796030116358658,N,N,,2020-03-12
948,Solar,G,True,,withdrawn,W,SUN,Solar,PV,NH,False,Grafton,NH,Eversource 115kV B-112 transmission line just east of Beebe River Substation,F,CNR,51.02,51.02,51.02,51.02,False,2020-01-10,2020,2022-06-01,2022-05-01,2020-11-03,0.8158795345653662,N,N,,2020-11-03
949,Fuel Cell,G,True,,withdrawn,W,NG,All other,FC,CT,False,Fairfield,SWCT,UI 13.8kV Congress I Substation,N,NA,9.66,9.66,9.66,9.66,False,2020-01-23,2020,2024-12-01,2024-12-01,2025-06-13,5.388090349075975,Y,Y,,2025-06-16
950,Solar,G,True,,withdrawn,W,SUN,Solar,PV,ME,False,Oxford,ME,New substation on CMP 34.5 kV circuit Section #97 as shown on one-line,F,CNR,17.0,17.0,17.0,17.0,False,2020-01-20,2020,2024-06-20,2024-06-15,2022-08-23,2.5900068446269677,Y,N,,2022-08-23
951,Riley-Jay-Otis-Livermore,G,True,,in service,C,WAT,All other,HD,ME,False,Androscoggin/Franklin,ME,CMP 115 kV Section 230,F,NR,28.325,28.325,28.325,28.325,False,2020-02-03,2020,2024-11-01,2024-02-27,,4.744695414099931,Y,Y,Executed,2024-11-04
952,Solar,G,True,,withdrawn,W,SUN,Solar,PV,ME,False,Androscoggin,ME,"CMP 34.5kV line. 44.074807, -70.280400",F,NR,4.99,4.99,4.99,4.99,False,2020-02-18,2020,2021-09-30,2021-08-31,2020-04-08,0.13689253935660506,N,N,,2020-04-08
953,BD Solar Church Hill,G,True,,active,A,SUN,Solar,PV,ME,False,Androscoggin,ME,101105 Augusta East w New Breaker,F,NR,20.0,20.0,20.0,20.0,False,2020-02-19,2020,2028-06-30,2028-05-31,,6.611909650924025,Y,Y,Executed,2024-02-14
954,Tiverton Uprate,G,True,,in service,C,NG,All other,CC,RI,False,Newport,SEMA,Interconnection with Narragansett Electric Company's M13 and L14 115kV line taps to NEC's Tiverton substation.,F,CNR,287.5,0.0,287.5,305.5,True,2020-03-05,2020,2021-05-31,2021-05-31,,1.2375085557837098,N,N,Executed,2023-03-21
955,Vineyard Offshore Wind CNR Only,G,True,,in service,C,WND,All other,WT,MA,True,NA,SEMA,Eversource 115kV Barnstable Switch Station,F,CNR,800.0,0.0,800.0,800.0,True,2020-03-12,2020,2026-04-24,2024-01-02,,6.116358658453114,N,N,Executed,2026-04-27
956,Solar,G,True,,withdrawn,W,SUN,Solar,PV,NH,False,Rockingham,NH,Eversource NH 3103 Line (34.5 kV) out of Brentwood substation extended along Exeter Rd,F,NR,10.0,10.0,10.0,10.0,False,2020-03-16,2020,2024-10-28,2024-10-04,2024-05-01,4.125941136208077,Y,Y,In Progress,2024-05-01
957,Tower Hill - NG Western RI DG Area Study,G,True,,withdrawn,W,SUN,Solar,PV,RI,False,Washington,RI,"NG feeder 88F1, Tower Hill substation",N,NA,6.75,6.75,6.75,6.75,False,2020-03-18,2020,2023-01-15,2022-12-15,2025-06-13,5.23750855578371,Y,Y,,2025-06-16
958,Wood River - NG Western RI DG Area Study,G,True,,withdrawn,W,SUN,Solar,PV,RI,False,Washington,RI,"NG feeder 85T2, Wood River Substation",N,NA,6.474,6.474,6.474,6.474,False,2020-03-18,2020,2022-01-24,2022-01-17,2025-06-13,5.23750855578371,Y,Y,,2025-06-16
959,Chase Hill Substation - NG Western RI DG Area Study,G,True,,in service,C,SUN,Solar,PV,RI,False,Washington,RI,"NG feeder 88F1, Chase Hill Substation",N,NA,6.75,6.75,6.75,6.75,False,2020-03-18,2020,2021-08-15,2021-08-01,,1.4099931553730323,Y,Y,,2025-01-13
960,Chase Hill Substation - NG Western RI DG Area Study,G,True,,withdrawn,W,SUN,Solar,PV,RI,False,Washington,RI,NG Chase Hill Substation,N,NA,6.339,6.339,6.339,6.339,False,2020-03-18,2020,2021-08-15,2021-08-01,2025-06-13,5.23750855578371,Y,Y,,2025-06-16
961,Wolf Hill substation - NG Western RI DG Area Study,G,True,,withdrawn,W,SUN,Solar,PV,RI,False,Providence,RI,NG Wolf Hill Substation,N,NA,2.2,2.2,2.2,2.2,False,2020-03-18,2020,2021-08-15,2021-08-01,2025-06-13,5.23750855578371,Y,Y,,2025-06-16
962,Drumrock - NG Western RI DG Area Study,G,True,,withdrawn,W,SUN,Solar,PV,RI,False,Kent,RI,NG Drumrock,N,NA,3.85,3.85,3.85,3.85,False,2020-03-18,2020,2021-08-15,2021-08-01,2025-06-13,5.23750855578371,Y,Y,,2025-06-16
963,Johnston Substation - NG Western RI DG Area Study,G,True,,withdrawn,W,SUN,Solar,PV,RI,False,Providence,RI,NG Johnston Substation,N,NA,4.25,4.25,4.25,4.25,False,2020-03-18,2020,2021-08-15,2021-08-01,2025-06-13,5.23750855578371,Y,Y,,2025-06-16
964,Kenyon Substation - NG Western RI DG Area Study,G,True,,withdrawn,W,SUN,Solar,PV,RI,False,Washington,RI,NG Kenyon Substation,N,NA,3.5,3.5,3.5,3.5,False,2020-03-18,2020,2021-08-15,2021-08-01,2025-06-13,5.23750855578371,Y,Y,,2025-06-16
965,Kent County Substation - NG Western RI DG Area Study,G,True,,withdrawn,W,SUN,Solar,PV,RI,False,Kent,RI,NG Lafayette No. 30 (supplied by Kent County Substation),N,NA,10.368,10.368,10.368,10.368,False,2020-03-18,2020,2021-08-15,2021-08-01,2025-06-13,5.23750855578371,Y,Y,,2025-06-16
966,New London Substation - NG Western RI DG Area Study,G,True,,withdrawn,W,SUN,Solar,PV,RI,False,Kent,RI,NG New London Substation,N,NA,3.0,3.0,3.0,3.0,False,2020-03-18,2020,2021-08-15,2021-08-01,2025-06-13,5.23750855578371,N,N,,2025-06-16
967,Old Baptist Road Substation - NG Western RI DG Area Study,G,True,,withdrawn,W,SUN,Solar,PV,RI,False,Washington,RI,NG Old Baptist Road Substation,N,NA,4.422,4.422,4.422,4.422,False,2020-03-18,2020,2021-08-15,2021-08-01,2025-06-13,5.23750855578371,Y,Y,,2025-06-16
968,Putnam Pike Substation - NG Western RI DG Area Study,G,True,,withdrawn,W,SUN,Solar,PV,RI,False,Providence,RI,NG Putnam Pike Substation,N,NA,5.62,5.62,5.62,5.62,False,2020-03-18,2020,2021-08-15,2021-08-01,2025-06-13,5.23750855578371,Y,Y,,2025-06-16
969,Tower Hill Substation - NG Western RI DG Area Study,G,True,,withdrawn,W,SUN,Solar,PV,RI,False,Washington,RI,NG Tower Hill Substation,N,NA,2.0,2.0,2.0,2.0,False,2020-03-18,2020,2021-08-15,2021-08-01,2025-06-13,5.23750855578371,Y,Y,,2025-06-16
970,Wood River Substation - NG Western RI DG Area Study,G,True,,withdrawn,W,SUN,Solar,PV,RI,False,Washington,RI,NG Wood River Substation,N,NA,7.84,7.84,7.84,7.84,False,2020-03-18,2020,2021-08-15,2021-08-01,2025-06-13,5.23750855578371,Y,Y,,2025-06-16
971,Combined Cycle Upgrade,G,True,,in service,C,NG,All other,CC,CT,False,Fairfield,SWCT,UI Singer Substation,F,CNR,564.0,4.0,564.0,588.0,False,2020-03-26,2020,2021-07-12,2021-07-12,,1.2950034223134839,N,N,Executed,2024-08-02
972,Rumford Power Repair for Performance Upgrade,G,True,,in service,C,NG,All other,CC,ME,False,Oxford,ME,"Interconnection of Rumford Power’s 115 kV Bus to CMP’s 115kV bus, located on Rumford Power's support structure, extending to CMP’s 115kV Rumford Industrial Park Substation",F,CNR,271.0,0.205,271.0,280.0,False,2020-03-25,2020,2021-11-15,2021-11-15,,1.6427104722792607,N,N,Executed,2022-05-16
973,Eversource Group Study @ Brook St,G,True,,withdrawn,W,SUN BAT,Solar + storage,OT,MA,True,Plymouth,SEMA,Eversource Brook St,N,NA,9.778,9.778,9.778,9.778,False,2020-03-25,2020,2023-11-30,2023-09-30,2025-06-13,5.218343600273785,Y,Y,,2025-06-16
974,Solar plus Battery,G,True,,withdrawn,W,SUN BAT,Solar + storage,OT,MA,True,Bristol,SEMA,Eversource Cross Road 651,N,NA,4.999,4.999,4.999,4.999,False,2020-03-25,2020,2023-11-30,2023-09-30,2025-06-13,5.218343600273785,Y,Y,,2025-06-16
975,Eversource Group Study @ Crystal Spring,G,True,,withdrawn,W,SUN BAT,Solar + storage,OT,MA,True,Plymouth,SEMA,Eversource Crystal Spring 646,N,NA,20.46,20.46,20.46,20.46,False,2020-03-25,2020,2023-11-30,2023-09-30,2025-06-13,5.218343600273785,Y,Y,,2025-06-16
976,Eversource Group Study @ Industrial Park,G,True,,withdrawn,W,SUN BAT,Solar + storage,OT,MA,True,Bristol,SEMA,Eversource Industrial Park 636,N,NA,11.338,11.338,11.338,11.338,False,2020-03-25,2020,2023-11-30,2023-09-30,2025-06-13,5.218343600273785,Y,Y,,2025-06-16
977,Eversource Group Study @ Wareham,G,True,,withdrawn,W,SUN BAT,Solar + storage,OT,MA,True,Plymouth,SEMA,Eversource Wareham 714,N,NA,55.14,55.14,55.14,55.14,False,2020-03-25,2020,2023-11-30,2023-09-30,2025-06-13,5.218343600273785,Y,Y,,2025-06-16
978,Eversource Group Study @ Wing Lane,G,True,,withdrawn,W,SUN,Solar,PV,MA,True,Bristol,SEMA,Eversource Wing Lane 624,N,NA,5.08,5.08,5.08,5.08,False,2020-03-25,2020,2023-11-30,2023-09-30,2025-06-13,5.218343600273785,Y,Y,,2025-06-16
979,NECEC 1200 MW HVDC (controllable - import only) CNR,ETU,False,,withdrawn,W,N/A,All other,NA,ME,False,Androscoggin,ME,N/A,F,NI,0.0,0.0,,,True,2020-03-26,2020,2026-01-07,2024-09-01,2023-03-07,2.945927446954141,N,N,Executed,2025-11-14
980,Solar addition,G,True,,withdrawn,W,SUN,Solar,PV,NH,False,Sullivan,NH,River Road 46 kV (Bus No 108291) is same as the previous interconnection QP799,F,CNR,20.0,10.0,20.0,20.0,False,2020-03-26,2020,2022-11-15,2022-10-30,2021-03-05,0.9418206707734429,N,N,,2021-03-05
981,Bridgeport Harbor Unit #5 Uprate,G,True,,in service,C,DFO NG,All other,CC,CT,False,Fairfield,SWCT,UI Singer Substation 345kv,F,CNR,509.6,0.4,509.6,532.6,False,2020-03-27,2020,2021-12-22,2021-12-22,,1.7385352498288844,N,N,Executed,2022-03-24
982,Wind,G,True,,withdrawn,W,WND,All other,WT,CT,False,Litchfield,CT,Eversource Canton 5R,N,NA,3.8,3.8,3.8,3.8,False,2020-03-30,2020,2024-09-01,2024-07-01,,,N,N,,2025-02-19
983,Solar,G,True,,withdrawn,W,SUN,Solar,PV,ME,False,Androscoggin,ME,The project will connect at Central Maine Power 200A at Switch 200A-2 (115 kV),F,CNR,40.0,40.0,40.0,40.0,False,2020-03-31,2020,2022-11-15,2022-10-16,2020-06-18,0.216290212183436,N,N,,2020-06-18
984,Storage,G,True,,withdrawn,W,BAT,Storage,OT,MA,True,Middlesex,BOST,National Grid 115kV line 1/2 mile to the East of Billerica 70 substation,F,CNR,150.0,150.0,150.0,150.0,False,2020-04-01,2020,2023-09-20,2023-05-31,2023-05-31,3.162217659137577,Y,Y,In Progress,2023-05-31
985,Solar,G,True,,withdrawn,W,SUN,Solar,PV,ME,False,Washington,BHE,Emera Maine 34.5kV Line 3 approximately 1.8 miles from Washington County Substation (WCS),F,CNR,4.0,4.0,4.0,4.0,False,2020-04-02,2020,2021-07-29,2021-07-15,2021-07-20,1.297741273100616,N,N,,2021-07-20
986,Solar,G,True,,withdrawn,W,SUN,Solar,PV,ME,False,Penobscot,BHE,Graham Substation – 46 kV open bus tie/breaker -via a tapped existing line approximately 5.1 miles to the substation.  (44 51 39.25 N  68 39 28.19 W),F,NR,19.99,19.99,19.99,19.99,False,2020-04-07,2020,2028-12-31,2028-11-30,2025-11-12,5.598904859685147,Y,Y,In Progress,2025-11-12
987,Chariot Solar CNR only,G,True,,withdrawn,W,SUN,Solar,PV,NH,False,Cheshire,NH,"NGrid 115 kV Vernon Road tap to Vernon Road Substation, 2.5 mi from Vernon Road Substation",F,NR,49.5,0.0,49.5,49.5,True,2020-04-10,2020,2024-12-15,2024-11-15,2025-01-13,4.761122518822724,N,N,Executed,2025-01-13
988,Solar CNR only,G,True,,withdrawn,W,SUN,Solar,PV,NH,False,Cheshire,NH,The Project will interconnect at National Grid’s 115 kV line I-135 via a new three circuit breaker ring bus switching station located at 2.9 miles from Eversource’s Fitzwilliam Substation and 20.5 miles from Fitchburg Gas & Electric Light Company’s Flagg Pond Substation.,F,CNR,30.0,0.0,30.0,30.0,True,2020-04-07,2020,2024-07-30,2024-06-30,2021-10-31,1.566050650239562,N,N,In Progress,2021-11-01
989,Eversource Group Study @ Blandford,G,True,,withdrawn,W,SUN,Solar,PV,MA,True,Hampden,WMA,Eersource Blandford station,N,NA,12.48,12.48,12.48,12.48,False,2020-04-09,2020,2023-11-30,2023-09-30,2025-06-13,5.177275838466803,Y,Y,,2025-06-16
990,Solar,G,True,,withdrawn,W,SUN,Solar,PV,MA,True,Berkshire,WMA,Eversource Partidge station,N,NA,4.89,4.89,4.89,4.89,False,2020-04-09,2020,2023-11-30,2023-09-30,2025-06-13,5.177275838466803,Y,Y,,2025-06-16
991,Solar,G,True,,withdrawn,W,SUN,Solar,PV,MA,True,Franklin,WMA,Eversource Cumberland station,N,NA,2.5,2.5,2.5,2.5,False,2020-04-09,2020,2023-11-30,2023-09-30,2025-06-13,5.177275838466803,Y,Y,,2025-06-16
992,Eversource Group  @ Arsene St 654,G,True,,withdrawn,W,SUN BAT,Solar + storage,OT,MA,True,Bristol,SEMA,Eversource Arsene Street #654,N,NA,7.0,7.0,7.0,7.0,False,2020-04-09,2020,2023-11-30,2023-09-30,2025-06-13,5.177275838466803,N,N,,2025-06-16
993,Solar + Battery,G,True,,withdrawn,W,SUN BAT,Solar + storage,OT,MA,True,Plymouth,SEMA,Eversource Brook St 727,N,NA,2.0,2.0,2.0,2.0,False,2020-04-09,2020,2025-07-31,2025-07-31,2025-06-13,5.177275838466803,Y,Y,,2025-06-16
994,Solar + battery,G,True,,withdrawn,W,SUN BAT,Solar + storage,OT,MA,True,Middlesex,SEMA,Eversource Burlington #391,N,NA,5.5,5.5,5.5,5.5,False,2020-04-09,2020,2025-05-21,2025-05-21,2025-06-13,5.177275838466803,Y,Y,,2025-06-16
995,Solar + Battery,G,True,,withdrawn,W,SUN BAT,Solar + storage,OT,MA,True,Norfolk,SEMA,Eversource Canton #470,N,NA,5.0,5.0,5.0,5.0,False,2020-04-09,2020,2023-11-30,2023-09-30,2025-06-13,5.177275838466803,N,N,,2025-06-16
996,Eversource Group  @ Cross Rd 651,G,True,,withdrawn,W,SUN BAT,Solar + storage,OT,MA,True,Bristol,SEMA,Eversource Cross Rd #651,N,NA,9.5,9.5,9.5,9.5,False,2020-04-09,2020,2023-11-30,2023-09-30,2025-06-13,5.177275838466803,N,N,,2025-06-16
997,Eversource Group  @ Crystal Spring 646,G,True,,withdrawn,W,SUN BAT,Solar + storage,OT,MA,True,Middlesex,SEMA,Eversource Crystal Spring 646,N,NA,7.499,7.499,7.499,7.499,False,2020-04-09,2020,2023-11-30,2023-09-30,2025-06-13,5.177275838466803,N,N,,2025-06-16
998,Eversource Group  @ Falmouth 993,G,True,,withdrawn,W,SUN BAT,Solar + storage,OT,MA,True,Barnstable,SEMA,Eversource Falmouth 933,N,NA,7.99,7.99,7.99,7.99,False,2020-04-09,2020,2023-11-30,2023-09-30,2025-06-13,5.177275838466803,N,N,,2025-06-16
999,Eversource Group  @ Fisher Rd Substation 657,G,True,,withdrawn,W,SUN BAT,Solar + storage,OT,MA,True,Bristol,SEMA,Eversource Fisher Rd 657,N,NA,27.948,27.948,27.948,27.948,False,2020-04-09,2020,2023-11-30,2023-09-30,2025-06-13,5.177275838466803,N,N,,2025-06-16
1000,Solar + battery,G,True,,withdrawn,W,SUN BAT,Solar + storage,OT,MA,True,Barnstable,SEMA,Eversource Harwich 968,N,NA,3.15,3.15,3.15,3.15,False,2020-04-09,2020,2023-11-30,2023-09-30,2025-06-13,5.177275838466803,N,N,,2025-06-16
1001,Eversource Group  @ Industrial Park 636,G,True,,withdrawn,W,SUN BAT,Solar + storage,OT,MA,True,Bristol,SEMA,Eversource Industrial Park 636,N,NA,29.11,29.11,29.11,29.11,False,2020-04-09,2020,2023-11-30,2023-09-30,2025-06-13,5.177275838466803,N,N,,2025-06-16
1002,Solar,G,True,,withdrawn,W,SUN,Solar,PV,MA,True,Plymouth,SEMA,Eversource Kingston 735,N,NA,2.76,2.76,2.76,2.76,False,2020-04-09,2020,2023-11-30,2023-09-30,2025-06-13,5.177275838466803,N,N,,2025-06-16
1003,Eversource Group  @ Rochester #745,G,True,,withdrawn,W,SUN BAT,Solar + storage,OT,MA,True,Plymouth,SEMA,Eversource Rochester #745,N,NA,24.618,24.618,24.618,24.618,False,2020-04-09,2020,2023-11-30,2023-09-30,2025-06-13,5.177275838466803,N,N,,2025-06-16
1004,Eversource Group  @ Sandwich 916,G,True,,withdrawn,W,SUN BAT,Solar + storage,OT,MA,True,Barnstable,SEMA,Eversource Sandwich 916,N,NA,11.75,11.75,11.75,11.75,False,2020-04-09,2020,2023-11-30,2023-09-30,2025-06-13,5.177275838466803,N,N,,2025-06-16
1005,Eversource Group  @ Tremont Substation 713,G,True,,withdrawn,W,SUN BAT,Solar + storage,OT,MA,True,Plymouth,SEMA,Eversource Tremont 713,N,NA,33.735,33.735,33.735,33.735,False,2020-04-09,2020,2023-11-30,2023-09-30,2025-06-13,5.177275838466803,N,N,,2025-06-16
1006,Eversource Group  @ Valley 715,G,True,,withdrawn,W,SUN BAT,Solar + storage,OT,MA,True,Barnstable,SEMA,Eversource Valley 715,N,NA,9.98,9.98,9.98,9.98,False,2020-04-09,2020,2023-11-30,2023-09-30,2025-06-13,5.177275838466803,N,N,,2025-06-16
1007,Eversource Group  @ Wareham 714,G,True,,withdrawn,W,SUN BAT,Solar + storage,OT,MA,True,Plymouth,SEMA,Eversource Wareham #714,N,NA,48.019,48.019,48.019,48.019,False,2020-04-09,2020,2023-11-30,2023-09-30,2025-06-13,5.177275838466803,N,N,,2025-06-16
1008,Eversource Group  @ West Pond 737,G,True,,withdrawn,W,SUN BAT,Solar + storage,OT,MA,True,Plymouth,SEMA,Eversource West Pond #737,N,NA,44.12,44.12,44.12,44.12,False,2020-04-09,2020,2023-11-30,2023-09-30,2025-06-13,5.177275838466803,N,N,,2025-06-16
1009,Eversource Group  @ Wing Lane 624,G,True,,withdrawn,W,SUN BAT,Solar + storage,OT,MA,True,Bristol,SEMA,Eversource Wing Lane #624,N,NA,18.989,18.989,18.989,18.989,False,2020-04-09,2020,2023-11-30,2023-09-30,2025-06-13,5.177275838466803,N,N,,2025-06-16
1010,Berkshire Wind CNR,G,True,,in service,C,WND,All other,WT,MA,True,Berkshire,WMA,Eversource 15-E 4 circuit. Interconnection Circuit connects to 115 KV transmission system at Partridge Substation in Pittsfield MA,F,CNR,19.6,0.0,19.6,19.6,True,2020-04-10,2020,2021-09-13,2021-09-13,,1.4264202600958247,N,N,Executed,2021-12-01
1011,Combined Cycle,G,True,,withdrawn,W,NG,All other,CC,MA,True,Suffolk,BOST,Eversource Mystic 345 kV station,F,CNR,800.0,800.0,800.0,850.0,False,2020-04-20,2020,2024-06-01,2024-05-31,2020-08-28,0.35592060232717315,N,N,,2020-08-28
1012,Combined Cycle,G,True,,withdrawn,W,NG,All other,CC,MA,True,Suffolk,BOST,Eversource Mystic 115 kV station,F,CNR,800.0,800.0,800.0,850.0,False,2020-04-20,2020,2024-06-01,2024-05-31,2020-08-28,0.35592060232717315,N,N,,2020-08-28
1013,Solar,G,True,,withdrawn,W,SUN,Solar,PV,ME,False,Sagadahoc,ME,"CMP 34.5kV line 43, pole 278",F,NR,17.07,17.2,17.07,17.07,False,2020-04-22,2020,2030-10-31,2030-09-16,2025-09-26,5.429158110882957,Y,Y,In Progress,2025-09-26
1014,Battery Storage,G,True,,withdrawn,W,BAT,Storage,OT,ME,False,Penobscot,BHE,EMERA Keene Rd 115 kV substation,F,CNR,112.2,112.2,112.2,112.2,False,2020-04-22,2020,2024-06-01,2024-03-01,2023-08-22,3.3319644079397674,Y,Y,,2023-10-03
1015,Battery Storage,G,True,,withdrawn,W,BAT,Storage,OT,ME,False,Penobscot,BHE,Orrington 115kV,F,CNR,112.2,112.2,112.2,112.2,False,2020-04-22,2020,2024-12-01,2024-09-01,2023-08-22,3.3319644079397674,Y,N,,2023-10-03
1016,Solar,G,True,,withdrawn,W,SUN,Solar,PV,NH,False,Hillsborough,NH,At the Eversource NH 314 line (34.5kV) out of the South Milford substation.,F,NR,16.0,16.0,16.0,16.0,False,2020-04-24,2020,2024-11-25,2024-10-31,2024-05-01,4.0191649555099245,Y,Y,In Progress,2024-05-01
1017,Battery Storage,G,True,,withdrawn,W,BAT,Storage,OT,CT,False,New Haven,SWCT,Eversource East Devon 345 kV Substation,F,NR,200.0,200.0,200.0,200.0,False,2020-04-24,2020,2026-10-01,2026-07-01,2025-02-19,4.824093086926762,Y,Y,In Progress,2025-02-19
1018,Passadumkeag Wind CNR,G,True,,in service,C,WND,All other,WT,ME,False,Peneobscot,BHE,"Interconnection shall be at the point where the leads from the switch located on the high side of the 115 kV/34.5 kV transformer connect into the 115 kV ring bus at the Passadumkeag Substation in Greenbush, Maine",F,NR,39.97,0.0,39.97,39.97,True,2020-04-24,2020,2021-11-15,2021-11-15,,1.5605749486652978,N,N,Executed,2024-08-29
1019,Battery Storage,G,True,,withdrawn,W,BAT,Storage,OT,ME,False,Penobscot,BHE,Chester 46 kV,F,NR,20.0,20.0,20.0,20.0,False,2020-04-24,2020,2024-04-01,2024-01-01,2023-09-19,3.403148528405202,Y,N,In Progress,2023-09-19
1020,Silver Maple Wind CNR,G,True,,in service,C,WND,All other,WT,ME,False,Penobscot,BHE,"Emera Maine 115kV Transmission Line 66, between Graham Substation and Rebel Hill substation, adjacent to Pisgah Mountain Wind Farm.",F,CNR,20.0,0.0,20.0,20.0,True,2020-04-24,2020,2022-12-14,2022-09-24,,2.639288158795346,N,N,Executed,2022-12-14
1021,Emery Meadow Solar,G,True,,active,A,SUN,Solar,PV,ME,False,York,ME,"CMP 34.5 kV, Section 182",F,CNR,16.425,16.425,16.425,16.425,False,2020-04-27,2020,2027-09-30,2027-09-01,,6.425735797399041,Y,Y,Executed,2024-07-11
1022,Cranberry Highway Solar + Battery Storage,G,True,,in service,C,SUN BAT,Solar + storage,OT,MA,True,Plymouth,SEMA,"The primary connection of the proposed project to Eversource Energy is located on Tremont
Station 713 Transformer #1 Line #86. The site is located approximately 2.29 circuit miles from
Substation 713 near CYME® node 1200910-295. Circuit 3-86-966",F,CNR,2.2,2.2,,,False,2020-04-24,2020,2022-02-15,2022-02-05,,1.8124572210814511,N,N,Executed,2022-02-22
1023,Solar + Battery Storage,G,True,,withdrawn,W,SUN BAT,Solar + storage,OT,MA,True,Bristol,SEMA,Eversource 13.2 kV Circuit #522 approximately 5.95 miles from Fisher Road substation,F,CNR,2.425,2.425,2.425,2.425,False,2020-04-24,2020,2021-10-20,2021-10-20,2022-03-04,1.8590006844626967,N,N,Not Started,2022-03-04
1024,ENA Old Falmouth Road PV + Storage,G,True,,in service,C,SUN BAT,Solar + storage,OT,MA,True,Barnstable,SEMA,"The facility is located approximately 5.5 miles from MASHPEE Substation, via the 23 kV#88 circuit.",F,CNR,4.85,4.85,4.85,4.85,False,2020-04-28,2020,2024-08-08,2024-07-05,,4.2792607802874745,N,N,Executed,2024-09-25
1025,Solar Increase,G,True,,withdrawn,W,SUN,Solar,PV,ME,False,Androscoggin,ME,"34.5 kV line from Gulf island to Crowleys substation.
102159-97000-101460",F,CNR,20.0,5.0,20.0,20.0,False,2020-04-27,2020,2021-11-01,2021-10-01,2020-08-25,0.32854209445585214,N,N,,2020-08-25
1026,Solar,G,True,,withdrawn,W,SUN,Solar,PV,ME,False,Oxford,ME,CMP Rumford substation 115 kV,F,NR,90.0,90.0,90.0,90.0,False,2020-05-08,2020,2021-11-22,2021-10-25,2020-06-23,0.12594113620807665,N,N,,2020-06-23
1027,Solar + Battery Storage,G,True,,withdrawn,W,SUN BAT,Solar + storage,OT,MA,True,Berkshire,WMA,"National Grid, 13.8kV, DISTRIBUTION CIRCUIT #09-1102W1",F,CNR,2.0,2.0,2.0,2.0,False,2020-05-14,2020,2022-12-15,2022-12-01,2022-09-13,2.3326488706365502,Y,Y,In Progress,2022-09-13
1028,Western Maine Wind Project,G,True,,in service,C,WND,All other,WT,ME,False,Somerset,ME,"CMP 115 kV Section 222 - coordinates 45° 9'30.90""N, 69°51'1.40""W",F,NR,58.8,58.8,58.8,58.8,False,2020-05-28,2020,2026-01-13,2025-04-29,,5.6290212183436,Y,Y,Executed,2026-01-13
1029,Solar,G,True,,withdrawn,W,SUN,Solar,PV,ME,False,Penobscot,BHE,"Emera Maine 115 kV Line 97 BHE, (Passadumkeag to Graham)",F,NR,120.0,120.0,120.0,120.0,False,2020-05-29,2020,2023-12-01,2023-10-02,2024-02-06,3.6906228610540723,Y,Y,In Progress,2024-02-06
1030,Gravel Pit Solar Increase,G,True,,in service,C,SUN,Solar,PV,CT,False,Hartford,CT,Line cut and three-breaker ring bus of the 115 kV Connecticut Light & Power Company line between Barbour Hill and Windsor Locks.,F,CNR,120.0,45.0,120.0,120.0,False,2020-06-02,2020,2025-08-13,2024-10-28,,5.196440793976728,Y,Y,Executed,2026-07-17
1031,Solar,G,True,,withdrawn,W,SUN,Solar,PV,MA,True,Hampshire,WMA,"NATIONAL GRID 69 kV LINE F-6W, WARE - DEERFIELD Latitude: 42.287024° Longitude: -72.289276°",F,CNR,40.0,40.0,40.0,40.0,False,2020-06-18,2020,2023-10-01,2023-08-08,2022-10-19,2.3353867214236823,Y,N,In Progress,2022-10-19
1032,Eversource Group @ Bell Rock #661,G,True,,withdrawn,W,SUN BAT,Solar + storage,OT,MA,True,Bristol,SEMA,Eversource Bell Rock #661,N,NA,11.992,11.992,11.992,11.992,False,2020-06-23,2020,2023-11-30,2023-09-30,2025-06-13,4.971937029431896,N,N,,2025-06-16
1033,Solar,G,True,,withdrawn,W,SUN,Solar,PV,CT,False,Ellington,CT,Eversource Scitico #27H9,N,NA,6.0,6.0,6.0,6.0,False,2020-06-24,2020,2024-09-01,2024-08-01,2025-06-13,4.969199178644764,Y,Y,,2025-06-16
1034,Solar,G,True,,withdrawn,W,SUN,Solar,PV,NH,False,Coos,NH,"Eversource Whitefield to Berlin 115 kV S136 line (44.36675, -71.52688) 4.3 miles from Whitefield Substation",F,CNR,60.0,60.0,60.0,60.0,False,2020-06-29,2020,2023-12-30,2023-11-30,2021-04-30,0.8350444900752909,N,N,,2021-05-03
1035,Solar,G,True,,withdrawn,W,SUN,Solar,PV,NH,False,Coos,NH,"Eversource Berlin to Lost Nation 115 kV Line W179; 44.564565, -71.19104; 9.69 miles from Berlin substation, 18.27 miles from Lost Nation substation",F,CNR,60.0,60.0,60.0,60.0,False,2020-06-29,2020,2023-12-30,2023-11-30,2020-09-22,0.2327173169062286,N,N,,2020-09-23
1036,Solar plus battery storage,G,True,,withdrawn,W,SUN BAT,Solar + storage,OT,NH,False,Carroll,NH,"115 kV bus at Eversource's White Lake Substation in Tamworth, New Hampshire (43.848851, -71.2444465)",F,CNR,85.0,85.0,85.0,85.0,False,2020-07-20,2020,2023-10-31,2023-10-02,2020-08-27,0.10403832991101986,N,N,,2020-08-28
1037,Battery Storage,G,True,,withdrawn,W,BAT,Storage,OT,MA,True,Suffolk,BOST,The Mystic 345 kV substation.,F,NR,700.0,700.0,700.0,700.0,False,2020-08-04,2020,2024-06-01,2024-03-01,2021-04-22,0.7145790554414785,N,N,,2021-04-22
1038,Solar,G,True,,withdrawn,W,SUN,Solar,PV,NH,False,Merrimack,NH,"3-breaker ring bus tap of the existing Comerford - Dunbarton Tap 230 kV line. This line is owned by National Grid and has the designation of Line B202 N. Latitude/ Longitude : 43.268, -71.66",F,CNR,76.25,76.25,76.25,76.25,False,2020-08-07,2020,2025-10-31,2025-10-05,2025-06-17,4.85968514715948,Y,Y,Not Started,2025-06-18
1039,Warren Substation – NG RI-Warren-20-Comp-1 Study,G,True,,withdrawn,W,SUN,Solar,PV,RI,False,Kent,RI,"NG feeder 5F2, Warren Substation",N,NA,6.93,6.93,6.93,6.93,False,2020-08-19,2020,2024-08-02,2024-06-28,2025-06-13,4.815879534565366,Y,Y,,2025-06-16
1040,Farnum Pike - NG WRI DG Area Study #2 >5 MW,G,True,,withdrawn,W,SUN,Solar,PV,RI,False,Providence,RI,"NG Drumrock sustation, feeder 23F3",N,NA,8.0,8.0,8.0,8.0,False,2020-08-19,2020,2022-12-29,2022-12-15,2025-06-13,4.815879534565366,Y,Y,,2025-06-16
1041,Kent County - NG WRI DG Area Study #2 >5 MW,G,True,,withdrawn,W,SUN,Solar,PV,RI,False,Kent,RI,"NG Kent County Substation, feeders 3309 and 3310",N,NA,49.75,49.75,49.75,49.75,False,2020-08-19,2020,2025-07-07,2024-04-14,2025-06-13,4.815879534565366,Y,Y,,2025-06-16
1042,Wood River - NG WRI DG Area Study #2 >5 MW,G,True,,withdrawn,W,SUN,Solar,PV,RI,False,Washington,RI,"NG Wood River Substation, feeder 85T2",N,NA,34.375,34.375,34.375,34.375,False,2020-08-19,2020,2025-06-30,2025-06-15,2024-10-08,4.136892539356605,Y,Y,,2024-10-08
1043,Chase Hill - NG WRI DG Area Study #2 <5 MW,G,True,,withdrawn,W,SUN,Solar,PV,RI,False,Washington,RI,NG Chase Hillk substation,N,NA,7.325,7.325,7.325,7.325,False,2020-08-19,2020,2025-06-30,2025-06-15,2024-10-08,4.136892539356605,Y,Y,,2024-10-08
1044,Drumrock - NG WRI DG Area Study #2 <5 MW,G,True,,withdrawn,W,SUN,Solar,PV,RI,False,Kent,RI,"NG Drumrock sustation, feeder 14F4",N,NA,4.975,4.975,4.975,4.975,False,2020-08-19,2020,2022-04-01,2022-03-15,2025-06-13,4.815879534565366,Y,Y,,2025-06-16
1045,Hopkins Hill - NG WRI DG Area Study #2 <5 MW,G,True,,withdrawn,W,SUN,Solar,PV,RI,False,Kent,RI,"NG Hopkins Hill substation, feeder 63F3",N,NA,3.5,3.5,3.5,3.5,False,2020-08-19,2020,2022-04-01,2022-03-15,2025-06-13,4.815879534565366,Y,Y,,2025-06-16
1046,Johnston - NG WRI DG Area Study #2 <5 MW,G,True,,withdrawn,W,SUN,Solar,PV,RI,False,Povidence,RI,NG Johnston substation,N,NA,4.875,4.875,4.875,4.875,False,2020-08-19,2020,2022-04-01,2022-03-15,2025-06-13,4.815879534565366,Y,Y,,2025-06-16
1047,Kent County - NG WRI DG Area Study #2 <5 MW,G,True,,withdrawn,W,SUN,Solar,PV,RI,False,Kent,RI,"NG Kent County Substation, feeders 3309, 22F1 and 3311",N,NA,13.525,13.525,13.525,13.525,False,2020-08-19,2020,2022-04-01,2022-03-15,2025-06-13,4.815879534565366,Y,Y,,2025-06-16
1048,New London - NG WRI DG Area Study #2 <5 MW,G,True,,withdrawn,W,SUN,Solar,PV,RI,False,Kent,RI,"NG New London substation, feeder 150F4",N,NA,4.875,4.875,4.875,4.875,False,2020-08-19,2020,2022-04-01,2022-03-15,2021-09-14,1.0704996577686516,Y,Y,,2021-09-15
1049,Old Baptist Road - NG WRI DG Area Study #2 <5 MW,G,True,,withdrawn,W,SUN,Solar,PV,RI,False,Washington,RI,"NG Old Baptisst Road substation, feeder 46F3",N,NA,4.0,4.0,4.0,4.0,False,2020-08-19,2020,2022-04-01,2022-03-15,2021-09-14,1.0704996577686516,Y,Y,,2021-09-15
1050,Putnam Pike - NG WRI DG Area Study #2 <5 MW,G,True,,withdrawn,W,SUN,Solar,PV,RI,False,Providence,RI,"NG Putnam Pike substation, feeder 38F3",N,NA,3.0,3.0,3.0,3.0,False,2020-08-19,2020,2021-08-31,2021-08-15,2025-06-13,4.815879534565366,N,N,,2025-06-16
1051,Tower Hill - NG WRI DG Area Study #2 <5 MW,G,True,,withdrawn,W,SUN,Solar,PV,RI,False,Washington,RI,"NG Tower Hill substation, feeder 88F7",N,NA,3.06,3.06,3.06,3.06,False,2020-08-19,2020,2025-06-30,2025-06-15,2024-10-08,4.136892539356605,Y,Y,,2024-10-08
1052,West Cranston - NG WRI DG Area Study #2 <5 MW,G,True,,withdrawn,W,SUN,Solar,PV,RI,False,Washington,RI,"NG West Cranston substation, feeder 21F2",N,NA,1.56,1.56,1.56,1.56,False,2020-08-19,2020,2022-04-01,2022-03-15,2021-09-14,1.0704996577686516,Y,Y,,2021-09-15
1053,Westerly - NG WRI DG Area Study #2 <5 MW,G,True,,withdrawn,W,SUN,Solar,PV,RI,False,Washington,RI,"NR Westerly substation, feeder 16F2",N,NA,4.875,4.875,4.875,4.875,False,2020-08-19,2020,2025-06-30,2025-06-15,2021-09-14,1.0704996577686516,Y,Y,,2021-09-15
1054,Wood River - NG WRI DG Area Study #2 <5 MW,G,True,,withdrawn,W,SUN,Solar,PV,RI,False,Washington,RI,"NG Wood River Substation, feeder 85T2",N,NA,9.75,9.75,9.75,9.75,False,2020-08-19,2020,2025-06-30,2025-06-15,2024-10-08,4.136892539356605,Y,Y,,2024-10-08
1055,Fuel Cell,G,True,,in service,C,NG,All other,FC,CT,False,New Haven,SWCT,UI 13.8kV Indian Well Substation,N,NA,14.4,14.4,14.4,14.4,False,2020-08-26,2020,2024-03-21,2023-10-12,,3.567419575633128,Y,Y,,2024-04-29
1056,Battery Storage,G,True,,withdrawn,W,BAT,Storage,OT,CT,False,New Haven,SWCT,June Street substation,F,CNR,50.0,50.0,50.0,50.0,False,2020-08-28,2020,2022-06-01,2022-03-01,2021-03-03,0.5119780971937029,N,N,,2021-03-04
1057,Battery Storage,G,True,,withdrawn,W,BAT,Storage,OT,MA,True,Middlesex,BOST,Mystic 345 kV,F,NR,500.0,500.0,500.0,500.0,False,2020-08-28,2020,2025-06-01,2025-03-01,2021-04-22,0.648870636550308,N,N,,2021-04-22
1058,Offshore Wind,G,True,,withdrawn,W,WND,All other,WT,CT,False,NA,CT,Eversource (CL&P) Millstone 345 kV substation,F,CNR,1266.72,1200.0,1266.72,1266.72,False,2020-09-09,2020,2027-11-30,2027-03-31,2025-10-08,5.078713210130048,Y,N,,2025-10-08
1059,Offshore Wind,G,True,,withdrawn,W,WND,All other,WT,MA,True,NA,SEMA,Eversource NSTAR Pilgrim 345 kV substation,F,CNR,1278.9,1200.0,1278.9,1278.9,False,2020-09-09,2020,2027-11-30,2027-03-31,2022-12-13,2.2587268993839835,N,N,,2022-12-14
1060,Offshore Wind Increase,G,True,,withdrawn,W,WND,All other,WT,CT,False,NA,CT,Eversource (CL&P) Millstone 345 kV substation,F,CNR,1200.0,0.0,1200.0,1200.0,True,2020-09-09,2020,2027-11-30,2027-03-31,2025-10-08,5.078713210130048,N,N,,2025-10-08
1061,Solar,G,True,,withdrawn,W,SUN,Solar,PV,CT,False,Hartford,CT,"The project will connect at North East Simsbury Substation (115 kV), with an alternate POI at the North East Simsbury to North Bloomfield 115 kV line in close proximity to the N.E. Simsbury substation.",F,NR,135.0,135.0,135.0,135.0,False,2020-09-10,2020,2022-10-31,2022-09-30,2021-07-19,0.8542094455852156,N,N,,2021-07-19
1062,Battery Storage,G,True,,withdrawn,W,BAT,Storage,OT,CT,False,Fairfield,SWCT,Baird substation,F,CNR,100.0,100.0,100.0,100.0,False,2020-09-10,2020,2023-06-01,2023-03-01,2020-12-03,0.2299794661190965,N,N,,2020-12-03
1063,Syncarpha Blandford Solar plus battery storage,G,True,,in service,C,SUN BAT,Solar + storage,OT,MA,True,Berkshire,WMA,Eversource 23 kv 19J2,F,CNR,9.998,4.99,9.998,9.998,False,2020-09-15,2020,2021-12-14,2021-12-09,,1.2457221081451062,N,N,Executed,2021-12-23
1064,Solar,G,True,,withdrawn,W,SUN,Solar,PV,ME,False,Washington,BHE,"Emera Maine 34.5 kV Line 19, connecting Scott’s Hill Substation and Pembroke Substation Latitude: 44.873 Longitude: -67.356",F,CNR,11.8,11.8,11.8,11.8,False,2020-09-17,2020,2023-09-15,2023-08-20,2020-12-01,0.2053388090349076,N,N,,2020-12-01
1065,Solar,G,True,,withdrawn,W,SUN,Solar,PV,ME,False,Penobscot,BHE,BHE 115kV Line 97,F,NR,100.0,100.0,100.0,100.0,False,2020-09-25,2020,2024-11-30,2024-11-30,2020-10-09,0.038329911019849415,N,N,,2020-10-09
1066,Augusta E. Side 115 kV SS  - Augusta Area Study,G,True,,withdrawn,W,SUN,Solar,PV,ME,False,Kennebec,ME,"CMP AUGUSTA K5 Substation, Circuit 200D2",N,NA,2.0,2.0,2.0,2.0,False,2020-10-02,2020,2024-03-01,2024-03-01,2025-06-13,4.695414099931554,Y,Y,,2025-06-16
1067,Augusta E. Side 115 kV SS  - Augusta Area Study,G,True,,in service,C,SUN BAT,Solar + storage,OT,ME,False,Kennebec,ME,"CMP BLAIR ROAD Substation, Circuit 207D2",N,NA,3.75,3.75,3.75,3.75,False,2020-10-02,2020,2022-05-03,2022-05-03,,1.5824777549623545,Y,Y,,2023-03-14
1068,Augusta E. Side 115 kV SS  - Augusta Area Study,G,True,,withdrawn,W,SUN,Solar,PV,ME,False,Kennebec,ME,"CMP CONY ROAD Substation, Circuit 216D1 and 216D2",N,NA,9.998,9.998,9.998,9.998,False,2020-10-02,2020,2024-10-21,2024-10-21,2025-06-13,4.695414099931554,Y,Y,,2025-06-16
1069,Augusta E. Side 115 kV SS  - Augusta Area Study,G,True,,in service,C,SUN,Solar,PV,ME,False,Kennebec,ME,"CMP SIDNEY Substation, Circuit 242D1",N,NA,4.0,4.0,4.0,4.0,False,2020-10-02,2020,2022-03-25,2022-03-25,,1.4757015742642026,Y,Y,,2023-03-14
1070,Augusta E. Side 115 kV SS  - Augusta Area Study,G,True,,in service,C,SUN BAT,Solar + storage,OT,ME,False,Kennebec,ME,"CMP SOUTH CHINA Substation, Circuit 244D2",N,NA,4.25,4.25,4.25,4.25,False,2020-10-02,2020,2022-12-13,2022-12-13,,2.195756331279945,Y,Y,,2023-03-14
1071,Bowman Street 115 kV SS  - Augusta Area Study,G,True,,in service,C,SUN BAT,Solar + storage,OT,ME,False,Kennebec,ME,"CMP BOWMAN STREET Substation, Circuit 263D1",N,NA,9.94,9.94,9.94,9.94,False,2020-10-02,2020,2022-12-30,2022-09-30,,2.242299794661191,Y,Y,,2023-03-14
1072,Bowman Street 115 kV SS  - Augusta Area Study,G,True,,withdrawn,W,SUN,Solar,PV,ME,False,Kennebec,ME,"CMP CAPITOL STREET Substation, Circuit 215D3",N,NA,1.703,1.703,1.703,1.703,False,2020-10-02,2020,2023-06-15,2023-06-15,2025-06-13,4.695414099931554,Y,Y,,2025-06-16
1073,Bowman Street 115 kV SS  - Augusta Area Study,G,True,,in service,C,SUN,Solar,PV,ME,False,Kennebec,ME,"CMP GARDINER Substation, Circuit 226D2",N,NA,3.25,3.25,3.25,3.25,False,2020-10-02,2020,2022-06-28,2022-06-28,,1.7357973990417521,Y,Y,,2023-03-14
1074,Bowman Street 115 kV SS  - Augusta Area Study,G,True,,in service,C,SUN BAT,Solar + storage,OT,ME,False,Kennebec,ME,"CMP MANCHESTER Substation, Circuit 233D1 and 233D2",N,NA,9.475,9.475,9.475,9.475,False,2020-10-02,2020,2023-03-28,2023-03-01,,2.4832306639288158,Y,Y,,2023-04-18
1075,Bowman Street 115 kV SS  - Augusta Area Study,G,True,,withdrawn,W,SUN,Solar,PV,ME,False,Sagadahoc,ME,"CMP RICHMOND Substation, Circuit 240D1",N,NA,1.75,1.75,1.75,1.75,False,2020-10-02,2020,2023-09-12,2023-09-12,2025-06-13,4.695414099931554,Y,Y,,2025-06-16
1076,Bowman Street 115 kV SS  - Augusta Area Study,G,True,,withdrawn,W,SUN BAT,Solar + storage,OT,ME,False,Kennebec,ME,"CMP WEST STREET Substation, Circuit 255D1",N,NA,4.975,4.975,4.975,4.975,False,2020-10-02,2020,2023-06-27,2023-06-27,2025-06-13,4.695414099931554,Y,Y,,2025-06-16
1077,Puddledock Road 115 kV SS  - Augusta Area Study,G,True,,withdrawn,W,SUN,Solar,PV,ME,False,Kennebec,ME,"CMP BOND BROOK Substation, Circuit 208D1",N,NA,4.875,4.875,4.875,4.875,False,2020-10-02,2020,2024-01-04,2024-01-04,2025-06-13,4.695414099931554,Y,Y,,2025-06-16
1078,Puddledock Road 115 kV SS  - Augusta Area Study,G,True,,withdrawn,W,SUN,Solar,PV,ME,False,Kennebec,ME,"CMP PUDDLEDOCK ROAD Substation, Circuit 262D1",N,NA,4.95,4.95,4.95,4.95,False,2020-10-02,2020,2023-05-16,2023-05-16,2025-06-13,4.695414099931554,Y,Y,,2025-06-16
1079,Puddledock Road 115 kV SS  - Augusta Area Study,G,True,,withdrawn,W,SUN,Solar,PV,ME,False,Kennebec,ME,"CMP WINTHROP Substation, Circuit 256D3",N,NA,2.5,2.5,2.5,2.5,False,2020-10-02,2020,2023-05-23,2023-05-23,2025-06-13,4.695414099931554,Y,Y,,2025-06-16
1080,Solar,G,True,,withdrawn,W,SUN,Solar,PV,ME,False,Oxford,ME,Ludden Lane 115 kV substation (Riley 115 kV line),F,CNR,66.5,65.0,66.5,66.5,False,2020-10-08,2020,2024-10-24,2024-10-03,2024-10-18,4.027378507871321,Y,Y,In Progress,2024-10-18
1081,Solar,G,True,,withdrawn,W,SUN,Solar,PV,ME,False,Penobscot,BHE,BHE 115kV Line 97,F,CNR,100.0,100.0,100.0,100.0,False,2020-10-09,2020,2024-12-30,2024-11-30,2020-10-21,0.03285420944558522,N,N,,2020-10-21
1082,Battery Storage,G,True,,withdrawn,W,BAT,Storage,OT,MA,True,Middlesex,BOST,Mystic 115kV,F,NR,204.0,204.0,204.0,204.0,False,2020-10-29,2020,2025-06-01,2025-02-01,2021-05-07,0.5201916495550992,N,N,,2021-05-07
1083,Battery Storage,G,True,,withdrawn,W,BAT,Storage,OT,MA,True,Middlesex,BOST,Mystic 115kV,F,NR,204.0,200.0,204.0,204.0,False,2020-10-29,2020,2023-12-01,2023-10-01,2020-11-30,0.08761122518822724,N,N,,2020-11-30
1084,Battery Storage,G,True,,withdrawn,W,BAT,Storage,OT,ME,False,Kennebec,ME,Bowman st 115kV,F,CNR,102.0,102.0,102.0,102.0,False,2020-11-04,2020,2023-12-01,2023-09-01,2021-01-27,0.2299794661190965,N,N,,2021-02-08
1085,Solar,G,True,,withdrawn,W,SUN,Solar,PV,ME,False,Penobscot,BHE,BHE 115kV Line 64,F,CNR,100.0,100.0,100.0,100.0,False,2020-11-17,2020,2024-12-30,2024-11-30,2021-01-21,0.17796030116358658,N,N,,2021-01-21
1086,Warren Meadow Solar,G,True,,active,A,SUN,Solar,PV,ME,False,Knox,ME,CMP 115kV line Section 80,F,NR,74.5,74.5,74.5,74.5,False,2020-11-30,2020,2028-03-31,2028-02-29,,5.831622176591376,Y,Y,Executed,2025-10-24
1087,SolarFairfield,G,True,,active,A,SUN,Solar,PV,ME,False,Somerset,ME,New Rice Rips 34.5 kV Substation in Oakland Maine,F,NR,18.14,18.14,18.14,18.14,False,2020-12-17,2020,2027-06-30,2027-01-01,,5.7850787132101305,Y,Y,Executed,2024-08-12
1088,Solar,G,True,,withdrawn,W,SUN,Solar,PV,NH,False,Grafton,NH,Littleton W&L Section 30 34.5 kv line or 12.47 kv distrivution line,N,NA,27.0,27.0,27.0,27.0,False,2020-12-07,2020,2022-06-01,2022-05-01,2023-03-09,2.2505133470225873,N,N,,2023-03-09
1089,Naugatuck Avenue Battery Storage,G,True,,active,A,BAT,Storage,OT,CT,False,New Haven,SWCT,Devon 115 kV open position between 4T and 5T,F,NR,205.32,205.32,205.32,205.32,False,2021-01-08,2021,2028-10-31,2028-10-01,,5.724845995893224,Y,Y,Executed,2023-10-20
1090,Park City Offshore Wind CNR,G,True,TCS,active,A,WND,All other,WT,MA,True,NA,SEMA,Eversource (NSTAR) 345kV West Barnstable,F,CNR,838.2,0.0,838.2,838.2,True,2021-01-13,2021,2029-12-31,2029-05-01,,5.711156741957564,N,N,Executed,2025-10-17
1091,Battery Storage,G,True,,withdrawn,W,BAT,Storage,OT,RI,False,Providence,RI,The proposed POI is off the 115kV H17 transmission line owned by NEP via a spare buss position located in the Iron Mine HIll Substation owned by NEC.,F,CNR,50.4,50.4,50.4,50.4,False,2021-01-14,2021,2022-05-02,2022-05-02,2021-11-01,0.7967145790554415,N,N,,2021-11-01
1092,Solar,G,True,,withdrawn,W,SUN,Solar,PV,CT,False,Hartford,CT,Eversource North Bloomfield 2A,N,NA,26.0,26.0,26.0,26.0,False,2021-01-20,2021,2024-09-01,2024-08-01,2025-06-13,4.394250513347022,N,N,,2025-06-16
1093,NB TA#1365950 HVDC,ETU,False,,withdrawn,W,N/A,All other,OT,NB,False,"Salisbury, New Brunswick",N/A,"Salisbury, New Brunswick",N,N/A,0.0,0.0,0.0,0.0,True,2021-02-05,2021,2030-01-01,2030-01-01,2023-12-12,2.847364818617385,N,N,,2023-12-12
1094,CMP County Road 115 kV SS - Winslow-Lakewood Areas Study,G,True,,withdrawn,W,SUN BAT,Solar + storage,OT,ME,False,Kennebec,ME,CMP County Road 115 kV SS,N,NA,7.8,7.8,7.8,7.8,False,2021-02-04,2021,2024-04-30,2024-04-30,2025-06-13,4.353182751540041,Y,Y,,2025-06-16
1095,CMP Lakewood 115 kV SS - Winslow-Lakewood Areas Study,G,True,,withdrawn,W,SUN,Solar,PV,ME,False,Somerset,ME,CMP Lakewood 115 kV SS,N,NA,28.72,28.72,28.72,28.72,False,2021-02-04,2021,2024-04-30,2024-04-30,2025-06-13,4.353182751540041,Y,Y,,2025-06-16
1096,CMP Winslow 115 kV SS - Winslow-Lakewood Areas Study,G,True,,withdrawn,W,SUN BAT,Solar + storage,OT,ME,False,Somerset/Kennebec,ME,CMP Winslow 115 kV SS,N,NA,18.728,18.728,18.728,18.728,False,2021-02-04,2021,2024-04-30,2024-04-30,2025-06-13,4.353182751540041,Y,Y,,2025-06-16
1097,Green Apple Solar,G,True,,withdrawn,W,SUN,Solar,PV,ME,False,Androscoggin,ME,"44.172365, -70.104225
CMP 115kv Line 212",F,NR,178.59,178.59,178.59,178.59,False,2021-02-15,2021,2027-11-01,2027-05-15,2026-04-06,5.136208076659822,Y,Y,Executed,2026-04-07
1098,Solar,G,True,,withdrawn,W,SUN,Solar,PV,ME,False,Hancock,BHE,"34.5 kV bus at Versant Power Trenton substation at 44°26'19.81""N, 68°22'29.11""W",F,CNR,51.4,51.4,51.4,51.4,False,2021-02-19,2021,2024-12-31,2024-12-15,2024-04-01,3.1129363449691994,Y,Y,Not Started,2024-04-01
1099,Solar,G,True,,withdrawn,W,SUN,Solar,PV,ME,False,Knox,ME,"Central Maine Power 34.5 kV Line Section 51A (S51A Tap – Highland) @ 44°07'59.3""N, 69°11'43.5""W",F,CNR,31.4,31.4,31.4,31.4,False,2021-02-19,2021,2024-12-31,2024-12-15,2022-12-15,1.8179329226557153,Y,N,,2022-12-15
1100,Solar,G,True,,active,A,SUN,Solar,PV,ME,False,Somerset,ME,"The proposed POI is on Central Maine Power 115 kV line Section 82 (Athens – Hartland), approximately 7.5 circuit miles to Athens Substation and approximately 4.3 circuit miles to Hartland station. Approximate POI coordinates: 44.8759° N, 69.5423° W",F,NR,143.3,140.0,143.3,143.3,False,2021-02-19,2021,2029-11-29,2029-02-08,,5.6098562628336754,Y,Y,Executed,2026-07-14
1101,Objective ETU - upgrade alternative,ETU,False,,withdrawn,W,N/A,All other,NA,NH,False,NA,NH,N/A,F,N/A,,,,,False,2021-02-26,2021,2025-09-14,2025-09-14,2025-05-16,4.216290212183436,Y,Y,In Progress,2025-05-19
1102,Battery Storage,G,True,,withdrawn,W,BAT,Storage,OT,RI,False,Kent,RI,NEC 115 kV G-185S-2,F,CNR,200.0,200.0,200.0,200.0,False,2021-03-01,2021,2023-03-01,2023-03-01,2021-11-26,0.7392197125256673,N,N,,2021-11-26
1103,Berlin Energy Uprate and Battery Addition,G,True,,in service,C,WAT BAT,All other,OT,NH,False,Coos,NH,22kV bus at Brookfield owned Goebel St Substation connected to the Eversource Berlin 115kV substation.,F,CNR,44.2,15.0,44.2,44.2,False,2021-03-10,2021,2023-12-19,2023-09-25,,2.7761806981519506,Y,Y,Executed,2024-01-02
1104,Bonny Eagle Energy Storage - Uprate,G,True,,in service,C,WAT BAT,All other,OT,ME,False,York,ME,The battery will connect to Brookfield owned 34.5kV bus inside the Bonny Eagle Power station. The Bonny Eagle Power Station 34.5kV bus ties in to the CMP owned Bonny Eagle substation.,F,CNR,25.5,8.0,25.5,25.5,False,2021-03-11,2021,2023-04-20,2023-03-13,,2.108145106091718,Y,Y,Executed,2023-04-20
1105,Battery Storage,G,True,,withdrawn,W,BAT,Storage,OT,MA,True,Worcester,CMA,National Grid 115 kV Paxton Line A127-4,F,CNR,104.5,104.5,104.5,104.5,False,2021-03-15,2021,2025-05-15,2025-02-15,2021-10-20,0.5995893223819302,N,N,,2021-10-21
1106,Battery Storage,G,True,,withdrawn,W,BAT,Storage,OT,MA,True,Franklin,WMA,Eversource 115 kv Ashfield substation,F,CNR,55.05,55.05,55.05,55.05,False,2021-03-15,2021,2025-05-15,2025-02-15,2021-04-22,0.10403832991101986,N,N,,2021-04-23
1107,Battery Storage,G,True,,withdrawn,W,BAT,Storage,OT,MA,True,Plymouth,SEMA,Eversource (NSTAR - South) 115 kV Wareham Line 108,F,CNR,182.23,189.0,182.23,182.23,False,2021-03-16,2021,2027-05-14,2027-02-14,2025-01-08,3.8165639972621492,Y,N,Not Started,2025-01-08
1108,Battery Storage,G,True,,withdrawn,W,BAT,Storage,OT,MA,True,Plymouth,SEMA,"Eversource (NSTAR - South) 115 kV Line 116, 0.31 miles from Brook St 115 kV substation and 4.55 miles from Carver 115 kV substation",F,CNR,188.96,188.96,188.96,188.96,False,2021-03-16,2021,2027-05-14,2027-02-12,2024-11-15,3.668720054757016,N,N,,2024-11-15
1109,Offshore Wind Inc. (Q806),G,True,,withdrawn,W,WND,All other,WT,MA,True,NA,SEMA,Eversource 345kV West Barnstable (921),F,NR,1314.0,487.0,1314.0,1314.0,False,2021-03-17,2021,2032-12-31,2032-05-01,2026-01-23,4.854209445585216,Y,Y,,2026-01-23
1110,Norman Street Battery Storage,G,True,,active,A,BAT,Storage,OT,MA,True,Middlesex,BOST,Mystic 115kV,F,CNR,204.0,204.0,204.0,204.0,False,2021-03-18,2021,2028-03-18,2028-02-15,,5.535934291581109,Y,Y,Executed,2023-10-25
1111,Battery Storage,G,True,,withdrawn,W,BAT,Storage,OT,MA,True,Norfolk,SEMA,Ever Source 115kV Ring Station 150 (@ spare bay in breaker and-a-half switchyard),F,CNR,20.0,20.0,20.0,20.0,False,2021-03-22,2021,2026-03-01,2026-02-15,2023-09-21,2.4996577686516086,Y,Y,Not Started,2023-09-21
1112,Battery Storage,G,True,,withdrawn,W,BAT,Storage,OT,MA,True,Franklin,WMA,115 kV B128 line; 18.88 miles from Barre B128 and 5.3 miles from French King,F,NR,105.0,105.0,105.0,105.0,False,2021-03-24,2021,2029-12-30,2029-07-09,2024-07-03,3.277207392197125,Y,Y,In Progress,2024-07-03
1113,Rumford Uprate and Battery addition,G,True,,in service,C,WAT BAT,All other,OT,ME,False,Oxford,ME,11.5kV bus at Brookfield owned existing Rumford Falls Substation which is connected to the CMP 115kV 218 Line.,F,CNR,52.5,8.5,52.5,52.5,False,2021-03-24,2021,2023-05-05,2023-03-24,,2.113620807665982,Y,N,Executed,2023-05-05
1114,Solar,G,True,,withdrawn,W,SUN,Solar,PV,ME,False,Somerset,ME,"New Substation Tapping CMP 115 kV Circuit, Section 241",F,CNR,103.0,103.0,103.0,103.0,False,2021-04-01,2021,2024-01-31,2023-11-30,2021-04-20,0.05201916495550993,N,N,,2021-04-21
1115,Hecate Energy Eastern Ave Energy Center,G,True,,active,A,BAT,Storage,OT,MA,True,Suffolk,BOST,Sta 488 Chelsea 115 kV substation,F,CNR,250.0,250.0,250.0,250.0,False,2021-04-08,2021,2027-12-14,2027-08-01,,5.478439425051334,Y,Y,Executed,2023-09-15
1116,SouthCoast Wind 1,G,True,TCS,active,A,WND,All other,WT,MA,True,NA,RI,Brayton Point making use of QP 837 to connect,F,NR,1200.0,1200.0,1200.0,1200.0,False,2021-04-13,2021,2031-12-31,2030-05-01,,5.464750171115674,Y,Y,Executed,2026-06-17
1117,Streamfield,G,True,,withdrawn,W,BAT,Storage,OT,MA,True,Hampden,WMA,"The proposed POI is Buck Pond 115 kV substation, the alternative POI is to build a new substation next to Buck pond 115 kV in the north side by breaking Line 1657",F,CNR,202.4,202.4,202.4,202.4,False,2021-04-15,2021,2027-05-31,2027-04-15,2025-04-28,4.035592060232717,Y,Y,Executed,2025-04-28
1118,Offshore wind Increase (QP909),G,True,,withdrawn,W,WND,All other,WT,MA,True,NA,SEMA,"National Grid 115kV Bell Rock,",F,CNR,1200.0,386.0,1200.0,1200.0,False,2021-04-15,2021,2027-09-30,2027-03-31,2024-02-13,2.830937713894593,N,N,,2024-02-13
1119,Offshore wind,G,True,,withdrawn,W,WND,All other,WT,MA,True,NA,SEMA,"Primary National Grid Brayton Point 345kV, Alt Kent County 345 kV",F,CNR,1320.0,1320.0,1320.0,1320.0,False,2021-04-14,2021,2027-09-01,2027-03-01,2022-04-25,1.0294318959616702,N,N,,2022-04-25
1120,Battery Storage,G,True,,withdrawn,W,BAT,Storage,OT,CT,False,Windham,CT,Eversource Killingly 345kV Substation,F,NR,204.64,204.64,204.64,204.64,False,2021-04-14,2021,2025-05-01,2025-02-15,2022-04-22,1.0212183436002737,Y,N,In Progress,2022-04-22
1121,Offshore wind,G,True,,withdrawn,W,WND,All other,WT,MA,True,NA,SEMA,Brayton Point 345 kV,F,CNR,1200.0,1200.0,1200.0,1200.0,False,2021-04-19,2021,2033-05-31,2032-12-01,2025-10-11,4.479123887748118,N,N,,2025-10-17
1122,Battery Storage,G,True,,withdrawn,W,BAT,Storage,OT,VT,False,Addison,VT,VELCO Middlebury Substation @ 46kV bus,F,CNR,20.0,20.0,20.0,20.0,False,2021-04-19,2021,2022-12-31,2022-08-31,2021-06-16,0.15879534565366188,N,N,,2021-06-16
1123,Naugatuck Avenue Battery Storage CNR Only (see QP1089),G,True,TCS,active,A,BAT,Storage,OT,CT,False,New Haven,SWCT,devon 115kV substation,F,CNR,205.32,0.0,205.32,205.32,True,2021-04-21,2021,2028-10-31,2028-10-01,,5.4428473648186175,N,N,,2025-10-17
1124,Battery Storage,G,True,,withdrawn,W,BAT,Storage,OT,MA,True,Hampden,WMA,Eversource 345kV Ludlow substation via the 115kV Stony Brook Substation,F,CNR,107.5,107.5,107.5,107.5,False,2021-04-21,2021,2025-01-01,2024-10-01,2023-06-26,2.1793292265571527,N,N,,2023-06-26
1125,Solar,G,True,,withdrawn,W,SUN,Solar,PV,ME,False,Somerset,ME,"44°36'30.65""N  69°38'23.26""W. CMP Line 241, new substation on 115kV line between Heywood Road Substation and County Road Substation.",F,CNR,72.0,72.0,72.0,72.0,False,2021-04-21,2021,2024-01-31,2023-12-01,2023-09-28,2.43668720054757,N,N,,2023-09-28
1126,Solar + Battery Storage,G,True,,withdrawn,W,SUN BAT,Solar + storage,OT,MA,True,Barnstable,SEMA,Eversource West 22.8kV CKT #4-77-450 (POLE#429/8),F,CNR,4.0,4.0,4.0,4.0,False,2021-04-21,2021,2022-02-28,2022-02-17,2022-09-16,1.404517453798768,N,N,In Progress,2022-09-16
1127,Solar + Battery Storage,G,True,,withdrawn,W,SUN BAT,Solar + storage,OT,MA,True,Barnstable,SEMA,Eversource East 22.8kV CKT #4-77-450 (Pole# 429/5),F,NR,0.999,0.999,0.999,0.999,False,2021-04-21,2021,2022-02-28,2022-02-17,2022-09-16,1.404517453798768,N,N,In Progress,2022-09-16
1128,Solar + Battery Storage,G,True,,withdrawn,W,SUN BAT,Solar + storage,OT,MA,True,Berkshire,WMA,"Eversource 22.8Kv feeder 15E2

Name of substation = Partridge 15E substation",F,CNR,4.536,4.536,4.536,4.536,False,2021-04-21,2021,2022-07-15,2022-07-08,2022-09-12,1.3935660506502396,N,N,In Progress,2022-09-13
1129,Solar + Battery Storage,G,True,,withdrawn,W,SUN BAT,Solar + storage,OT,MA,True,Bristol,SEMA,The primary connection of the proposed project to Eversource Energy is located at the Wing Lane substation #624 Transformer #1 Line #240. The site is located approximately 0.26 circuit miles from Substation 624 near PSS/E node 111293(Wing Lane 13.2 KV),F,CNR,2.456,2.456,2.456,2.456,False,2021-04-22,2021,2021-12-31,2021-10-31,2022-10-04,1.4510609171800137,N,N,Not Started,2022-10-04
1130,Solar + Battery Storage,G,True,,withdrawn,W,SUN BAT,Solar + storage,OT,MA,True,Franklin,WMA,Eversource 13.8kV 22B3 feeder,F,CNR,2.0,2.0,2.0,2.0,False,2021-04-23,2021,2022-04-30,2022-04-30,2022-09-14,1.3935660506502396,N,N,Not Started,2022-09-14
1131,Solar + Battery Storage,G,True,,withdrawn,W,SUN BAT,Solar + storage,OT,MA,True,Barnstable,SEMA,"Falmouth Station #933 Line #98
Pole# 9105/16",F,CNR,9.9,4.95,9.9,9.9,False,2021-04-23,2021,2021-12-31,2021-12-31,2022-09-20,1.4099931553730323,Y,N,,2022-09-21
1132,Solar + Battery Storage,G,True,,withdrawn,W,SUN BAT,Solar + storage,OT,MA,True,Hampshire,WMA,"13.2 Kv, Circuit #527L1, POI Pole# 52/42-2-3-1",F,CNR,3.0,3.0,3.0,3.0,False,2021-04-23,2021,2021-12-28,2021-12-28,2022-09-14,1.3935660506502396,N,N,,2022-09-14
1133,Stored Solar Fitchburg CNR Only,G,True,,in service,C,WDS,All other,ST,MA,True,Worcester,CMA,Flagg Pond 69kv,F,CNR,17.0,0.0,17.0,17.0,True,2021-04-27,2021,2024-08-08,2024-08-08,,3.2826830937713893,N,N,Executed,2024-09-10
1134,Noresco Navy,G,True,,withdrawn,W,NG,All other,IC,CT,False,New London,CT,GU 323,N,NA,10.8,10.8,10.8,10.8,False,2021-05-06,2021,2023-04-15,2023-03-01,2025-06-13,4.1040383299110195,Y,N,,2025-06-16
1135,Solar + Battery Storage,G,True,,withdrawn,W,SUN BAT,Solar + storage,OT,NH,False,Coos,NH,"Eversource W179-1 115 kV Line between Berlin and Pontook Hydro Substations, 11.5 miles from the Berlin Substation",F,CNR,113.01,113.01,113.01,113.01,False,2021-05-13,2021,2025-05-15,2025-02-15,2023-02-02,1.7248459958932238,N,N,,2023-02-02
1136,Nutes Solar,G,True,,active,A,SUN,Solar,PV,NH,False,Strafford,NH,"43°23'7.50""N, 71° 1'23.45""W, Direct Tap, Circuit #3174 34.5 kV",F,CNR,20.0,20.0,20.0,20.0,False,2021-05-20,2021,2026-10-19,2026-10-07,,5.363449691991787,Y,Y,Executed,2025-01-22
1137,Nasonville Substation – NG RI-Nasonville-21-Comp-1 Study,G,True,,withdrawn,W,SUN,Solar,PV,RI,False,Providence,RI,"NG feeder 127W43, Nasonville Substation",N,NA,9.5,9.5,9.5,9.5,False,2021-05-25,2021,2023-03-15,2023-03-15,2025-06-13,4.05201916495551,N,N,,2025-06-16
1138,Husky Solar,G,True,,active,A,SUN,Solar,PV,CT,False,Windham,CT,The POI will be located about 6.9 miles from the 1607/1505 line ROW (Exeter Tap) and about 1.1 miles from the Exeter Sub 54N along the 115 kV underground line to the Exeter Sub 54N.,F,NR,50.159,50.159,50.159,50.159,False,2021-06-03,2021,2030-05-10,2030-05-01,,5.325119780971937,Y,Y,Executed,2025-10-17
1139,Turner Meadow Solar,G,True,,active,A,SUN,Solar,PV,ME,False,Androscoggin,ME,CMP 34.5kV Line 50,F,NR,20.0,19.8,20.0,20.0,False,2021-06-04,2021,2027-11-30,2027-10-31,,5.322381930184805,Y,Y,Executed,2025-12-29
1140,Regional Network Service Request,TS,False,,withdrawn,W,N/A,All other,NA,MA,True,Hampden,WMA,Eversource 115 kV Lines 1293 & 1302,F,N/A,395.0,395.0,395.0,316.0,False,2021-06-03,2021,2023-10-01,2023-10-01,2022-01-11,0.6078028747433265,N,N,,2022-01-11
1141,1200 MW DC Bidirectional Transmission line,ETU,False,,withdrawn,W,N/A,All other,NA,MA,True,Suffolk/Barnstable,BOST,"Mystic 345 kV Substation associated terminals Everett, MA
Bourne 345 kV Substation associated terminals Sandwich, MA",F,,,,,,False,2021-06-07,2021,2027-09-30,2027-07-31,2021-09-02,0.23819301848049282,N,N,,2021-09-03
1142,1200 MW DC Bidirectional Transmission line,ETU,False,,withdrawn,W,N/A,All other,NA,MA,True,Suffolk/Barnstable,BOST,"K Street 345 kV Substation associated terminals Boston, MA
Bourne 345 kV Substation associated terminals Sandwich, MA",F,N/A,,,,,False,2021-06-07,2021,2027-09-30,2027-07-31,2022-12-19,1.5331964407939767,N,N,,2022-12-19
1143,Battery Storage,G,True,,active,A,BAT,Storage,OT,MA,True,Middlesex,BOST,"Mystic 345 kV between breaker 101, 106 and 107",F,CNR,508.248,508.248,508.248,508.248,False,2021-06-15,2021,2028-05-31,2027-12-01,,5.292265571526352,Y,Y,Executed,2024-04-11
1144,Solar,G,True,,withdrawn,W,SUN BAT,Solar + storage,OT,MA,True,Dukes,SEMA,Eversource 23 kV Line 4-99-99,F,CNR,1.0,1.0,1.0,1.0,False,2021-06-17,2021,2022-11-01,2022-10-01,2021-10-26,0.3586584531143053,N,N,,2021-10-27
1145,Solar,G,True,,withdrawn,W,SUN,Solar,PV,ME,False,Hancock,BHE,Versant 115 kV Trenton substation bus; Alternate POI - Versant 115kV Line 57,F,CNR,20.7,20.7,20.7,20.7,False,2021-07-07,2021,2024-07-08,2024-06-24,2025-05-21,3.871321013004791,Y,Y,In Progress,2025-05-21
1146,Swain Solar,G,True,,withdrawn,W,SUN,Solar,PV,ME,False,Oxford,ME,CMP 115kV Line 270,F,CNR,40.91,40.355,40.91,40.91,False,2021-07-07,2021,2027-07-09,2027-06-25,2024-10-30,3.3155373032169746,Y,Y,Executed,2024-11-12
1147,Solar,G,True,,active,A,SUN,Solar,PV,NY,False,Rensselaer,N/A,National Grid’s North Troy – Hoosick 115kV Line #5,N,NA,20.0,20.0,20.0,20.0,False,2021-07-08,2021,2022-12-30,2022-11-30,,5.229295003422314,N,N,,2021-07-12
1148,Lite Brite Battery Storage,G,True,TCS,active,A,BAT,Storage,OT,MA,True,Suffolk,BOST,"Electric Avenue 115 kV substation (bus number 110926), Zone MA_NST",F,CNR,305.624,300.0,305.624,305.624,False,2021-07-13,2021,2028-05-26,2028-04-30,,5.215605749486653,Y,Y,Executed,2026-04-08
1149,Battery addition,G,True,,active,A,WAT BAT,All other,OT,MA,True,Franklin,WMA,"National Grid's PTF (E-5B, F-6 West PTF transmission lines)",F,NR,6.7,6.7,,,False,2021-08-06,2021,2027-03-19,2027-02-05,,5.149897330595483,Y,N,Executed,2025-10-21
1150,Offshore Wind,G,True,,withdrawn,W,WND,All other,WT,ME,False,NA,ME,CMP Boothbay Harbor 34.5kV substation,F,CNR,11.55,11.55,11.55,11.55,False,2021-07-29,2021,2023-09-01,2023-08-01,2023-05-22,1.8124572210814511,N,N,,2023-05-22
1151,13665 Felt Road Solar,G,True,,in service,C,SUN BAT,Solar + storage,OT,ME,False,Oxford,ME,"CMP 34.5 kV Feeder 452K1, Woodstock Substation",F,NR,1.968,1.968,,,False,2021-08-04,2021,2024-12-03,2024-12-03,,3.3319644079397674,Y,Y,Executed,2025-10-17
1152,Solar + Battery Storage,G,True,,withdrawn,W,SUN BAT,Solar + storage,OT,MA,True,Hampshire,WMA,National Grid 13.8 kV 909W4,F,CNR,9.998,9.998,9.998,9.998,False,2021-08-04,2021,2022-09-01,2022-09-01,2022-09-08,1.0951403148528405,N,N,Not Started,2022-09-08
1153,Offshore wind,G,True,,withdrawn,W,WND,All other,WT,MA,True,NA,SEMA,"Eversource 115kV Acushnet, lines 112/114, Alternative Eversource Pine Street 115kV",F,CNR,440.0,440.0,440.0,440.0,False,2021-08-11,2021,2026-11-01,2026-09-01,2022-09-28,1.1307323750855578,N,N,,2022-09-28
1154,Offshore wind Inc (QP700),G,True,,withdrawn,W,WND,All other,WT,MA,True,NA,SEMA,Eversource 345kV West Barnstable (921),F,NR,856.2,18.0,856.2,856.2,False,2021-08-13,2021,2026-10-30,2026-03-14,2026-01-23,4.446269678302532,Y,Y,,2026-01-23
1155,Solar,G,True,,withdrawn,W,SUN,Solar,PV,CT,False,Hartford,CT,"N. Bloomfield to Agawam 345kV Line.
POI is approximately 3.6 mi north of N. Bloomfield (345kV) and 11.5 mi south of Agawam (345kV).",F,CNR,101.09,101.09,101.09,101.09,False,2021-08-16,2021,2024-10-15,2024-09-15,2021-09-21,0.09856262833675565,N,N,,2021-09-21
1156,Solar,G,True,,withdrawn,W,SUN,Solar,PV,CT,False,Hartford,CT,"N. Bloomfield to NE Simsbury 115kV Line.
POI is 200 feet east of the NE Simsbury Substation(115kV) and 2.25 miles west of N.Bloomfield(115kV).",F,CNR,101.164,101.164,101.164,101.164,False,2021-08-16,2021,2024-10-15,2024-09-15,2021-09-21,0.09856262833675565,N,N,,2021-09-21
1157,1200 MW DC Transmission Line,ETU,False,,withdrawn,W,N/A,All other,NA,MA,True,,BOST,Mystic 345 kV Substation,F,N/A,1200.0,1200.0,,,False,2021-08-19,2021,2028-05-31,2028-02-29,2022-12-19,1.3333333333333333,N,N,,2022-12-19
1158,1200 MW DC Transmission Line,ETU,False,,withdrawn,W,N/A,All other,NA,MA,True,,BOST,Mystic 345 kV Substation,F,N/A,1200.0,1200.0,,,False,2021-08-19,2021,2028-05-31,2028-02-29,2023-06-21,1.83709787816564,N,N,,2023-06-21
1159,Battery Storage,G,True,,withdrawn,W,BAT,Storage,OT,MA,True,Suffolk,BOST,"Primary POI - Mystic 115 kV Station, Alternative POI - Mystic 345 kV Station",F,NR,276.0,276.0,276.0,276.0,False,2021-08-27,2021,2023-12-30,2023-12-05,2023-08-18,1.9739904175222451,N,N,,2023-08-18
1160,Solar plus Battery,G,True,,withdrawn,W,SUN BAT,Solar + storage,OT,MA,True,Berkshire,WMA,"Eversource 22.8Kv feeder 15E1

Name of the substation = Partridge 15E substation",F,CNR,4.536,4.536,4.536,4.536,False,2021-08-31,2021,2022-07-01,2022-06-15,2022-09-12,1.0321697467488022,Y,N,,2022-09-13
1161,Solar plus Battery,G,True,,withdrawn,W,SUN BAT,Solar + storage,OT,MA,True,Berkshire,WMA,"Eversource 22.8Kv feeder 15E1

Name of the substation = Partridge 15E substation",F,CNR,3.6,3.6,3.6,3.6,False,2021-09-08,2021,2022-07-01,2022-06-15,2022-09-12,1.0102669404517455,Y,N,,2022-09-13
1162,Solar with Battery,G,True,,withdrawn,W,SUN BAT,Solar + storage,OT,CT,False,Windham,CT,"POI will be the three breaker ring bus at the 1607 Line. Approximate Coordinates 41.7119,  -71.9379.",F,CNR,95.6,87.0,95.6,95.6,False,2021-09-21,2021,2023-12-31,2023-11-30,2023-06-01,1.6919917864476386,N,N,,2023-06-01
1163,Battery Storage,G,True,,active,A,BAT,Storage,OT,RI,False,Washington,RI,RIE L190-2 (0.615 miles from Davisville and 1.935 miles from Old Baptist substations).,F,NR,201.43,205.0,201.43,201.43,False,2021-09-22,2021,2029-12-07,2029-09-28,,5.021218343600274,Y,Y,Executed,2025-11-25
1164,Solar,G,True,,withdrawn,W,SUN,Solar,PV,NH,False,Coos,NH,"Eversource 34.5 kV Line 384, Pole 4",F,CNR,20.0,20.0,20.0,20.0,False,2021-09-23,2021,2023-11-01,2023-11-01,2022-12-07,1.2046543463381245,N,N,,2022-12-07
1165,Solar,G,True,,withdrawn,W,SUN,Solar,PV,ME,False,Hancock,BHE,34.5kV Line on Bar Harbor Road.  The 34.5 kV line from Ellsworth to Trenton is not explicitly modeled in the power flow. We added a model for this line and then tapped it at tap 30% of the total line length from Trenton for the POI.,F,CNR,0.999,0.999,,,False,2021-10-22,2021,2023-07-15,2023-07-15,2025-06-02,3.6112251882272415,Y,Y,In Progress,2025-06-02
1166,Battery Storage,G,True,,withdrawn,W,BAT,Storage,OT,CT,False,New Haven,CT,Eversource Oxford 26N Substation,N,NA,20.0,20.0,20.0,20.0,False,2021-10-04,2021,2024-09-01,2024-08-01,2025-06-13,3.6906228610540723,N,N,,2025-06-16
1167,Solar,G,True,,withdrawn,W,SUN,Solar,PV,CT,False,Windham,CT,Eversource Tracy 14M substation circuit 14M9,N,NA,4.0,4.0,4.0,4.0,False,2021-10-04,2021,2023-01-31,2022-12-31,2023-01-30,1.322381930184805,Y,Y,,2023-01-31
1168,Fuel Cell,G,True,,withdrawn,W,NG,All other,FC,CT,False,Hartford,CT,Eversource Northwest Hartford 2N substation circuit 2N17,N,NA,8.7,8.7,8.7,8.7,False,2021-10-04,2021,2023-10-15,2023-10-01,2025-06-13,3.6906228610540723,Y,Y,,2025-06-16
1169,Roxbury Solar,G,True,,withdrawn,W,SUN,Solar,PV,ME,False,Oxford,ME,CMP 12.47 kV distribution circuit 447D1 out of CMP Rumford Substation,F,NR,1.999,1.999,1.999,1.999,False,2021-10-22,2021,2026-12-15,2026-12-01,2026-06-03,4.61327857631759,Y,Y,Executed,2026-06-04
1170,Battery Storage,G,True,,withdrawn,W,BAT,Storage,OT,MA,True,Franklin,WMA,"National Grid's PTF (115kV Y-177 line), located at 42.730250 degrees north latitude, -72.931858 degrees west longitude.",F,CNR,100.0,100.0,100.0,100.0,False,2021-10-22,2021,2023-01-11,2022-12-14,2023-10-11,1.9685147159479808,N,N,,2023-10-11
1171,Twin Energy Wind,G,True,TCS,active,A,WND,All other,WT,ME,False,Oxford,ME,Roxbury Substation,F,CNR,20.0,18.3,20.0,20.0,False,2021-10-25,2021,2026-12-04,2026-11-02,,4.930869267624915,Y,Y,Executed,2025-10-17
1172,Solar plus Battery,G,True,,withdrawn,W,SUN BAT,Solar + storage,OT,NH,False,Merrimack,NH,Eversource 115kV F139 line,F,CNR,53.07,53.07,53.07,53.07,False,2021-10-27,2021,2025-07-31,2025-05-31,2024-10-02,2.9322381930184807,Y,N,Not Started,2024-10-02
1173,Barre Substation - NG WMA Group 3,G,True,,withdrawn,W,SUN BAT,Solar + storage,OT,MA,True,Worcester,WMA,NG Barre Substation,N,NA,12.398,12.398,12.398,12.398,False,2021-10-27,2021,2027-12-31,2027-12-31,2025-06-13,3.6276522929500343,N,N,,2025-06-16
1174,Crystal Lake Substation - NG WMA Group 3,G,True,,withdrawn,W,BAT,Storage,OT,MA,True,Worcester,WMA,NG Crystal Lake Substation,N,NA,7.998,7.998,7.998,7.998,False,2021-10-27,2021,2026-12-31,2026-12-31,2025-06-13,3.6276522929500343,N,N,,2025-06-16
1175,E. Westminster Substation - NG WMA Group 3,G,True,,withdrawn,W,SUN BAT,Solar + storage,OT,MA,True,Worcester,WMA,NG E. Westminster Substation,N,NA,4.99,4.99,4.99,4.99,False,2021-10-27,2021,2026-12-31,2026-12-31,2025-06-13,3.6276522929500343,N,N,,2025-06-16
1176,E. Winchendon Substation - NG WMA Group 3,G,True,,withdrawn,W,SUN BAT,Solar + storage,OT,MA,True,Worcester,WMA,NG E. Winchendon Substation,N,NA,34.975,34.975,34.975,34.975,False,2021-10-27,2021,2026-12-31,2026-12-31,2025-06-13,3.6276522929500343,N,N,,2025-06-16
1177,Lashaway Substation - NG WMA Group 3,G,True,,withdrawn,W,BAT,Storage,OT,MA,True,Worcester,WMA,NG Lashaway Substation,N,NA,14.94,14.94,14.94,14.94,False,2021-10-27,2021,2027-12-31,2027-12-31,2025-06-13,3.6276522929500343,N,N,,2025-06-16
1178,Little Rest Rd Substation - NG WMA Group 3,G,True,,withdrawn,W,SUN BAT,Solar + storage,OT,MA,True,Worcester,WMA,NG Little Rest Rd Substation,N,NA,5.8,5.8,5.8,5.8,False,2021-10-27,2021,2027-12-31,2027-12-31,2025-06-13,3.6276522929500343,N,N,,2025-06-16
1179,Meadow Street 552 Substation - NG WMA Group 3,G,True,,withdrawn,W,SUN BAT,Solar + storage,OT,MA,True,Worcester,WMA,NG Meadow Street 552 Substation,N,NA,13.799,13.799,13.799,13.799,False,2021-10-27,2021,2027-12-31,2027-12-31,2025-06-13,3.6276522929500343,N,N,,2025-06-16
1180,Millbury Substation - NG WMA Group 3,G,True,,withdrawn,W,SUN BAT,Solar + storage,OT,MA,True,Worcester,WMA,NG Millbury Substation,N,NA,11.742,11.742,11.742,11.742,False,2021-10-27,2021,2027-12-31,2027-12-31,2025-06-13,3.6276522929500343,N,N,,2025-06-16
1181,N. Oxford Substation - NG WMA Group 3,G,True,,withdrawn,W,SUN BAT,Solar + storage,OT,MA,True,Worcester,WMA,NG N. Oxford Substation,N,NA,20.396,20.396,20.396,20.396,False,2021-10-27,2021,2027-12-31,2027-12-31,2025-06-13,3.6276522929500343,N,N,,2025-06-16
1182,Pratts Junc. Substation - NG WMA Group 3,G,True,,withdrawn,W,BAT,Storage,OT,MA,True,Worcester,WMA,NG Pratts Junc. Substation,N,NA,14.94,14.94,14.94,14.94,False,2021-10-27,2021,2027-12-31,2027-12-31,2025-06-13,3.6276522929500343,N,N,,2025-06-16
1183,Royalston Substation - NG WMA Group 3,G,True,,withdrawn,W,SUN BAT,Solar + storage,OT,MA,True,Worcester,WMA,NG Royalston Substation,N,NA,5.0,5.0,5.0,5.0,False,2021-10-27,2021,2027-12-31,2027-12-31,2025-06-13,3.6276522929500343,N,N,,2025-06-16
1184,Snow St. Substation - NG WMA Group 3,G,True,,withdrawn,W,SUN BAT,Solar + storage,OT,MA,True,Worcester,WMA,NG Snow St. Substation,N,NA,27.836,27.836,27.836,27.836,False,2021-10-27,2021,2027-12-31,2027-12-31,2025-06-13,3.6276522929500343,N,N,,2025-06-16
1185,Stafford St. Substation - NG WMA Group 3,G,True,,withdrawn,W,SUN BAT,Solar + storage,OT,MA,True,Worcester,WMA,NG Stafford St. Substation,N,NA,22.448,22.448,22.448,22.448,False,2021-10-27,2021,2027-12-31,2027-12-31,2025-06-13,3.6276522929500343,N,N,,2025-06-16
1186,Treasure Valley Substation - NG WMA Group 3,G,True,,withdrawn,W,BAT,Storage,OT,MA,True,Worcester,WMA,NG treasure Valley Substation,N,NA,9.992,9.992,9.992,9.992,False,2021-10-27,2021,2027-12-31,2027-12-31,2025-06-13,3.6276522929500343,N,N,,2025-06-16
1187,W. Charlton Substation - NG WMA Group 3,G,True,,withdrawn,W,BAT,Storage,OT,MA,True,Worcester,WMA,NG W. Charlton Substation,N,NA,19.984,19.984,19.984,19.984,False,2021-10-27,2021,2027-12-31,2027-12-31,2025-06-13,3.6276522929500343,N,N,,2025-06-16
1188,Ware Substation - NG WMA Group 3,G,True,,withdrawn,W,SUN BAT,Solar + storage,OT,MA,True,Hampshire,WMA,NG Ware Substation,N,NA,11.0,11.0,11.0,11.0,False,2021-10-27,2021,2027-12-31,2027-12-31,2025-06-13,3.6276522929500343,N,N,,2025-06-16
1189,Wendall Depot Substation - NG WMA Group 3,G,True,,withdrawn,W,SUN BAT,Solar + storage,OT,MA,True,Franklin,WMA,NG Wendall Depot Substation,N,NA,27.981,27.981,27.981,27.981,False,2021-10-27,2021,2027-12-31,2027-12-31,2025-06-13,3.6276522929500343,N,N,,2025-06-16
1190,Solar Knox,G,True,,active,A,SUN,Solar,PV,ME,False,Knox,ME,CMP 115kV Line 80,F,NR,33.5,33.5,33.5,33.5,False,2021-10-28,2021,2028-01-31,2027-12-31,,4.922655715263518,Y,Y,Executed,2025-10-24
1191,Increase to Pumping load,G,True,,withdrawn,W,WAT,All other,PS,MA,True,Berkshire,WMA,The current Bear Swamp interconnection points,F,NR,333.0,0.0,333.0,333.0,True,2021-11-03,2021,2021-11-03,2021-11-03,2021-11-09,0.01642710472279261,N,N,,2021-11-09
1192,Broadleaf Solar,G,True,,active,A,SUN,Solar,PV,CT,False,Hartford,CT,"N. Bloomfield to Agawam 345kV Line.
POI is approximately 3.6 mi north of N. Bloomfield (345kV) and 11.5 mi south of Agawam (345kV).",F,NR,101.128,101.128,101.128,101.128,False,2021-11-04,2021,2027-10-15,2027-09-24,,4.903490759753593,Y,Y,Executed,2025-10-17
1193,Battery Storage,G,True,,withdrawn,W,BAT,Storage,OT,CT,False,Windham,CT,CL&P 345 kV 3271 Line,F,NR,325.0,325.0,325.0,325.0,False,2021-11-09,2021,2028-05-12,2028-04-14,2025-05-30,3.5537303216974676,Y,Y,In Progress,2025-05-30
1194,Bear Swamp Pumping Load Increase,G,True,,in service,C,WAT,All other,PS,MA,True,Berkshire,WMA,The existing POI of the Bear Swamp generating station,F,NR,333.0,0.0,333.0,333.0,True,2021-11-09,2021,2021-11-09,2021-11-09,,0.0,N,N,Executed,2021-12-06
1195,Regional Network Service,TS,False,,in service,C,N/A,All other,NA,MA,True,Middlesex,BOST,NSTAR 115 kV Line 875-539,F,N/A,6.3,6.3,6.3,6.3,False,2021-11-23,2021,2024-11-20,2024-10-07,,2.9924709103353866,Y,N,,2025-02-25
1196,Energy Storage,G,True,,withdrawn,W,BAT,Storage,OT,MA,True,Hampden,WMA,"National Grid Hampden Substation, 115 kV.  Secondary is 115 kV Line 1976.",F,CNR,99.9,99.9,99.9,99.9,False,2021-12-14,2021,2024-10-01,2024-08-01,2022-03-08,0.2299794661190965,N,N,,2022-03-08
1197,Battery Storage,G,True,,withdrawn,W,BAT,Storage,OT,MA,True,Bristol,SEMA,Eversource 115kV Cross Road Line 111,F,CNR,150.0,150.0,150.0,150.0,False,2021-12-20,2021,2027-12-31,2027-10-28,2025-10-11,3.808350444900753,N,N,,2025-10-17
1198,Storage,G,True,,withdrawn,W,BAT,Storage,OT,MA,True,Bristol,RI,Looping the D-182S line adjacent to National Grid’s 115 kV Reynold’s Ave Substation,F,CNR,241.8,241.8,241.8,241.8,False,2021-12-30,2021,2028-05-12,2028-02-14,2025-09-25,3.7371663244353184,N,N,,2025-09-25
1199,"USS Vineyard Solar, Somers Rd",G,True,,withdrawn,W,SUN,Solar,PV,CT,False,Tolland,CT,Scitico 27H,N,NA,4.0,4.0,4.0,4.0,False,2021-12-28,2021,2022-09-30,2022-09-30,2025-06-13,3.457905544147844,N,N,,2025-06-16
1200,"Verogy - Thrall Rd, East Windsor",G,True,,withdrawn,W,SUN,Solar,OT,CT,False,Hartford,CT,Rockville 14W or Barbour Hill 23J,N,NA,4.0,4.0,4.0,4.0,False,2021-12-28,2021,2023-07-01,2023-07-01,2025-06-13,3.457905544147844,N,N,,2025-06-16
1201,Verogy - Tripp  RD,G,True,,withdrawn,W,SUN,Solar,OT,CT,False,Hartford,CT,Rockville 14W,N,NA,2.0,2.0,2.0,2.0,False,2021-12-28,2021,2023-07-01,2023-07-01,2025-06-13,3.457905544147844,N,N,,2025-06-16
1202,"Community Power Group, 24 Middle Road, Ellington, CT",G,True,,withdrawn,W,SUN,Solar,OT,CT,False,Tolland,CT,Rockville 14W,N,NA,4.0,4.0,4.0,4.0,False,2021-12-28,2021,2023-07-01,2023-07-01,2025-06-13,3.457905544147844,N,N,,2025-06-16
1203,"CTEC Solar 186 Foster St, South Windsor",G,True,,withdrawn,W,SUN,Solar,OT,CT,False,Hartford,CT,Barbour Hill 23J,N,NA,1.875,1.875,1.875,1.875,False,2021-12-28,2021,2023-07-01,2023-07-01,2025-06-13,3.457905544147844,N,N,,2025-06-16
1204,LSE Scorpuis,G,True,,withdrawn,W,SUN,Solar,OT,CT,False,Putnam,CT,Tracy 14M,N,NA,1.82,1.82,1.82,1.82,False,2021-12-28,2021,2023-12-31,2023-10-31,2025-06-13,3.457905544147844,Y,Y,,2025-06-16
1205,Hamilton Sunstrand,G,True,,withdrawn,W,SUN,Solar,OT,CT,False,Hartford,CT,Windsor Locks 14K,N,NA,2.0,2.0,2.0,2.0,False,2021-12-30,2021,2023-04-01,2023-04-01,2025-06-13,3.4524298425735798,Y,Y,,2025-06-16
1206,Battery Storage,G,True,,withdrawn,W,BAT,Storage,OT,MA,True,Berkshire,WMA,MA_NGRID Adams 115kV substation Bus ID: 113005,F,NR,200.0,200.0,200.0,200.0,False,2021-12-30,2021,2024-12-31,2024-12-01,2022-03-08,0.1861738535249829,N,N,,2022-03-08
1207,Battery Storage,G,True,,withdrawn,W,BAT,Storage,OT,MA,True,Barnstable,SEMA,MA_NSTAR_CE Canal 115KV substation,F,NR,200.0,200.0,200.0,200.0,False,2021-12-30,2021,2024-12-31,2024-12-01,2022-01-28,0.07939767282683094,N,N,,2022-01-28
1208,Battery Storage,G,True,,withdrawn,W,BAT,Storage,OT,CT,False,New Haven,CT,CT_UI June Street 115KV substation/ Bus ID: 123416,F,NR,160.0,160.0,160.0,160.0,False,2021-12-30,2021,2024-12-31,2024-12-01,2022-03-08,0.1861738535249829,N,N,,2022-03-08
1209,Battery Storage,G,True,,withdrawn,W,BAT,Storage,OT,RI,False,Providence,RI,RI_NGRID Hartford 115kV substation/ Bus ID: 117351,F,NR,170.0,170.0,170.0,170.0,False,2021-12-30,2021,2024-12-31,2024-12-01,2022-03-08,0.1861738535249829,N,N,,2022-03-08
1210,Wind,G,True,,withdrawn,W,WND,All other,WT,ME,False,Aroostook,ME,Orrington-Albion Rd 345kV line (3023) near the town of Pittsfield (approximately 19 miles from Albion Rd Substation),F,CNR,572.0,500.0,572.0,572.0,False,2022-01-07,2022,2025-11-28,2025-09-03,2025-10-11,3.759069130732375,N,N,,2025-10-17
1211,Wind,G,True,,withdrawn,W,WND,All other,WT,ME,False,Aroostook,ME,Orrington-Albion Rd 345kV line (3023) near the town of Pittsfield (approximately 19 miles from Albion Rd Substation),F,CNR,527.0,500.0,527.0,527.0,False,2022-01-10,2022,2026-11-27,2026-09-03,2025-10-11,3.7508555783709787,N,N,,2025-10-17
1212,Hopkinton 126 - EMA ASO,G,True,,withdrawn,W,SUN BAT,Solar + storage,OT,MA,True,Middlesex,BOST,Eversource Hopkinton 126,N,NA,3.9,3.9,3.9,3.9,False,2022-01-14,2022,2023-11-30,2023-09-30,2024-01-25,2.028747433264887,Y,N,,2024-01-26
1213,Holliston 130 - EMA ASO,G,True,,withdrawn,W,BAT,Storage,OT,MA,True,Middlesex,BOST,Eversource Holliston 130,N,NA,4.99,4.99,4.99,4.99,False,2022-01-14,2022,2023-11-30,2023-09-30,2025-06-13,3.4113620807665983,Y,N,,2025-06-16
1214,Group @ Medway 65 - EMA ASO,G,True,,withdrawn,W,SUN BAT,Solar + storage,OT,MA,True,Middlesex/Norfolk,BOST,Eversource Medway 65,N,NA,17.497,17.497,17.497,17.497,False,2022-01-14,2022,2023-11-30,2023-09-30,2025-06-13,3.4113620807665983,Y,N,,2025-06-16
1215,Group @ Maynard 416 - EMA ASO,G,True,,withdrawn,W,SUN BAT,Solar + storage,OT,MA,True,Middlesex,BOST,Eversource Maynard 416,N,NA,8.476,8.476,8.476,8.476,False,2022-01-14,2022,2023-11-30,2023-09-30,2025-06-13,3.4113620807665983,Y,N,,2025-06-16
1216,Group @ Podick - WMA ASO,G,True,,withdrawn,W,SUN BAT,Solar + storage,OT,MA,True,Hampden/Franklin,WMA,Eversource Podick,N,NA,7.7,7.7,7.7,7.7,False,2022-01-14,2022,2023-11-30,2023-09-30,2025-06-13,3.4113620807665983,N,N,,2025-06-16
1217,Oswald - WMA ASO,G,True,,withdrawn,W,SUN BAT,Solar + storage,OT,MA,True,Franklin,WMA,Eversource Oswald,N,NA,2.49,2.49,2.49,2.49,False,2022-01-14,2022,2023-11-30,2023-09-30,2025-06-13,3.4113620807665983,N,N,,2025-06-16
1218,Group @ Montigue - WMA ASO,G,True,,withdrawn,W,SUN BAT,Solar + storage,OT,MA,True,Franklin,WMA,Eversource Montigue,N,NA,9.86,9.86,9.86,9.86,False,2022-01-14,2022,2023-11-30,2023-09-30,2025-06-13,3.4113620807665983,Y,Y,,2025-06-16
1219,Group @ French King  - WMA ASO,G,True,,withdrawn,W,SUN BAT,Solar + storage,OT,MA,True,Franklin/Hampshire,WMA,Eversource French King,N,NA,8.9,8.9,8.9,8.9,False,2022-01-14,2022,2023-11-30,2023-09-30,2025-06-13,3.4113620807665983,N,N,,2025-06-16
1220,Group @ Blandford 19J - WMA ASO,G,True,,withdrawn,W,SUN BAT,Solar + storage,OT,MA,True,Berkshire,WMA,Eversource Blandford 19J,N,NA,6.99,6.99,6.99,6.99,False,2022-01-14,2022,2023-11-30,2023-09-30,2025-06-13,3.4113620807665983,N,N,,2025-06-16
1221,Cumberland 22B - WMA ASO,G,True,,withdrawn,W,SUN BAT,Solar + storage,OT,MA,True,Hampden,WMA,Eversource Cumberland 22B,N,NA,4.99,4.99,4.99,4.99,False,2022-01-14,2022,2023-11-30,2023-09-30,2025-06-13,3.4113620807665983,N,N,,2025-06-16
1222,Group @ Berkshire 18C,G,True,,withdrawn,W,SUN BAT,Solar + storage,OT,MA,True,Hampden,WMA,Eversource Berkshire 18C,N,NA,7.65,7.65,7.65,7.65,False,2022-01-14,2022,2023-11-30,2023-09-30,2025-06-13,3.4113620807665983,N,N,,2025-06-16
1223,Battery Storage,G,True,,withdrawn,W,BAT,Storage,OT,MA,True,Worcester,CMA,"ZP Battery DevCo, LLC, 13.2kV, National Grid Feeder #413L3",F,CNR,9.99,9.99,9.99,9.992,False,2022-01-18,2022,2022-04-29,2022-03-31,2022-03-15,0.15331964407939766,N,N,,2022-03-15
1224,Solar plus Battery,G,True,,withdrawn,W,SUN BAT,Solar + storage,OT,MA,True,Worcester,CMA,"National Grid MA 13.8 kV,  Whitins Pond 320W5",F,CNR,1.0,1.0,1.0,1.0,False,2022-01-25,2022,2022-04-29,2022-04-29,2022-09-14,0.6351813826146475,N,N,In Progress,2022-09-14
1225,Offshore Wind,G,True,,withdrawn,W,WND,All other,WT,MA,True,NA,SEMA,Bourne 345 kV Switching Station,F,CNR,1200.0,1200.0,1200.0,1200.0,False,2022-02-03,2022,2029-01-31,2028-09-30,2025-09-30,3.6550308008213555,N,N,,2025-09-30
1226,Grissom Solar,G,True,,in service,C,SUN,Solar,PV,NH,False,Sullivan,NH,46 kV subtransmission line between GMP Maple Avenue B-42 and  the 4402 breaker at the GMP/NGRID demarc considered at Bellows Falls,F,NR,4.99,4.99,4.99,4.99,False,2022-03-04,2022,2026-09-19,2026-08-28,,4.544832306639288,Y,Y,Executed,2026-09-21
1227,1200 MW non-controllable ETU - N to S flow only,ETU,False,,withdrawn,W,N/A,All other,NA,ME,False,Somerset/Aroostook,ME,"New substation on Line 3023 near the Detroit Substation near Pittsfield, Maine.",F,N/A,1200.0,1200.0,,,False,2022-02-16,2022,2026-12-09,2026-10-08,2024-09-04,2.5489390828199863,N,N,,2024-09-04
1228,1200 MW non-controllable ETU - N to S flow only,ETU,False,,withdrawn,W,N/A,All other,NA,ME,False,Hancock/Aroostook,ME,New substation on Line 388,F,N/A,1200.0,1200.0,,,False,2022-02-16,2022,2026-12-09,2026-10-08,2024-09-04,2.5489390828199863,N,N,,2024-09-04
1229,Solar plus Battery,G,True,,withdrawn,W,SUN BAT,Solar + storage,OT,MA,True,Hampshire,WMA,Eversource 13.8kV Circuit 18G4,F,CNR,3.0,3.0,3.0,3.0,False,2022-02-22,2022,2022-12-31,2022-09-30,2022-09-14,0.5585215605749486,N,N,,2022-09-14
1230,1200 MW non-controllable ETU - N to S flow only,ETU,False,,withdrawn,W,N/A,All other,NA,ME,False,Somerset/Aroostook,ME,"The Point of Interconnection will be a new station about 30 miles from Orrington that taps the existing segment 3023 between Orrington and Albion Rd.
Hammond, ME to Pittsfield ME (see map)",F,N/A,1200.0,1200.0,,,False,2022-03-04,2022,2027-12-01,2027-10-01,2025-10-11,3.6057494866529773,N,N,,2025-10-17
1231,Battery Storage CNR Only,G,True,,withdrawn,W,BAT,Storage,OT,CT,False,Windham,CT,Eversource Killingly 345kV Substation,F,CNR,204.64,0.0,204.64,204.64,True,2022-03-04,2022,2025-05-01,2025-02-15,2022-04-22,0.13415468856947296,N,N,,2022-04-22
1232,Battery Storage,G,True,,withdrawn,W,BAT,Storage,OT,RI,False,Providence,RI,NEC 115/34.5kV Iron Mine Hill Substation #1203 spare buss position #2,F,CNR,27.44,27.44,27.44,27.44,False,2022-03-04,2022,2025-12-31,2025-12-15,2024-10-23,2.639288158795346,N,N,,2024-10-27
1233,Battery Storage,G,True,,withdrawn,W,BAT,Storage,OT,MA,True,Bristol,SEMA,Eversource's Cross Road 13.2kV Circuit 541,F,CNR,20.0,20.0,20.0,20.0,False,2022-03-14,2022,2024-12-31,2024-10-28,2022-08-11,0.4106776180698152,N,N,,2022-08-12
1234,Battery Storage,G,True,,withdrawn,W,BAT,Storage,OT,MA,True,Bristol,SEMA,Eversource's Cross Road 13.2kV Circuit 533,F,CNR,20.0,20.0,20.0,20.0,False,2022-03-14,2022,2024-12-31,2024-10-28,2022-08-11,0.4106776180698152,N,N,,2022-08-12
1235,Battery Storage,G,True,,withdrawn,W,BAT,Storage,OT,MA,True,Bristol,SEMA,Eversource's Cross Road 13.2kV Circuit 532,F,CNR,20.0,20.0,20.0,20.0,False,2022-03-14,2022,2024-12-31,2024-10-28,2022-08-11,0.4106776180698152,N,N,,2022-08-12
1236,1200 MW non-controllable ETU - N to S flow only,ETU,False,,withdrawn,W,N/A,All other,NA,ME,False,Aroostook/Somerset,ME,Transmission Line connects between the new Aroostook station and Pittsfield Station. Pittsfield 345 kV substation is located between the existing Orrington - Albion Road line in Somerset County at lat/long 44.795/-69.386. The Aroostook station will be located in Aroostook county at lat/long 45.7634/-68.0278.,F,N/A,1200.0,1200.0,,,False,2022-03-21,2022,2028-06-01,2028-06-01,2025-08-13,3.3976728268309375,N,N,,2025-08-13
1237,Battery Storage CNR only,G,True,,withdrawn,W,BAT,Storage,OT,RI,False,Washinton,RI,"Primary - NEP L190-2, Alt NEP G185S",F,CNR,205.0,0.0,205.0,205.0,True,2022-03-21,2022,2029-12-07,2029-09-28,2025-10-10,3.5564681724845997,N,N,,2025-10-10
1238,Battery Storage,G,True,TCS,active,A,BAT,Storage,OT,MA,True,Norfolk,SEMA,West Medway 345kV station,F,CNR,301.26,300.0,301.26,301.26,False,2022-03-22,2022,2028-04-28,2027-11-30,,4.525667351129363,N,N,In Progress,2026-08-21
1239,Solar plus Battery,G,True,,withdrawn,W,SUN BAT,Solar + storage,OT,ME,False,Oxford,ME,CMP 115kV Woodstock S/S,F,CNR,183.6,129.0,183.6,183.6,False,2022-03-25,2022,2029-12-31,2029-12-03,2025-10-02,3.5236139630390144,Y,Y,In Progress,2025-10-02
1240,Battery Storage,G,True,,withdrawn,W,BAT,Storage,OT,RI,False,Kent,RI,National Grid Kent County Substation - 115kV open line position between 4T3T and 3T10 breakers.,F,CNR,62.84,62.84,62.84,62.84,False,2022-03-25,2022,2025-12-31,2025-12-15,2024-10-23,2.5817932922655715,N,N,,2024-10-27
1241,Sanford/Quaker Hill CMP Cluster 4,G,True,,withdrawn,W,SUN BAT,Solar + storage,OT,ME,False,York,ME,CMP Sandford/Quaker Hill,N,NA,21.184,21.184,21.184,21.184,False,2022-03-28,2022,2028-06-30,2026-06-30,2025-06-13,3.2114989733059547,Y,Y,,2025-06-16
1242,Lewiston CMP Cluster 5,G,True,,withdrawn,W,SUN BAT,Solar + storage,OT,ME,False,Oxford/Androscoggin,ME,CMP Lewiston,N,NA,52.464,52.464,52.464,52.464,False,2022-03-28,2022,2028-06-30,2028-06-30,2025-06-13,3.2114989733059547,Y,Y,,2025-06-16
1243,Solar,G,True,,withdrawn,W,SUN,Solar,PV,ME,False,Aroostook,ME,345kV line between Orrington(PSSE Bus Number: 100002) -Albion Rd (PSSE Bus Number: 100092) near the town of Pittsfield,F,NR,300.0,300.0,300.0,300.0,False,2022-03-31,2022,2026-11-01,2026-10-01,2025-10-11,3.5318275154004106,N,N,,2025-10-17
1244,Solar,G,True,,withdrawn,W,SUN,Solar,PV,ME,False,Franklin,ME,115 kV New Sturtevant Substation (PSSE Bus Number: 100116),F,NR,75.0,75.0,75.0,75.0,False,2022-03-31,2022,2025-11-01,2025-10-01,2022-11-14,0.6242299794661191,N,N,,2023-01-10
1245,Solar,G,True,,active,A,SUN,Solar,PV,CT,False,Hartford,CT,345kV Line 3419 Tap between Meekville Junction/Barbour Hill (PSSE Bus Number: 119103) To LudlowPSSE Bus Number: 116045),F,NR,150.0,150.0,150.0,150.0,False,2022-03-31,2022,2028-10-31,2028-09-24,,4.501026694045175,Y,Y,Executed,2025-12-29
1246,Solar,G,True,,withdrawn,W,SUN,Solar,PV,NH,False,Grafton,NH,230 kV Comerford to North Litchfield A201Line; alternative POI is B-202.,F,NR,150.0,150.0,150.0,150.0,False,2022-03-31,2022,2025-11-01,2025-10-01,2023-07-25,1.3169062286105406,N,N,,2023-07-25
1247,Solar,G,True,,active,A,SUN,Solar,PV,CT,False,Hartford,CT,"To interconnect at the POI of Gravel Pit Solar QP 1030, via a Shared Facility, QP 1030 is described as a line cut and three-breaker ring bus of the 115 kV Connecticut Light & Power Company line between Barbour Hill and Windsor Locks.",F,NR,25.0,25.0,25.0,25.0,False,2022-04-05,2022,2027-11-15,2027-10-01,,4.487337440109514,Y,Y,In Progress,2026-07-13
1248,Battery Storage,G,True,,withdrawn,W,BAT,Storage,OT,MA,True,Bristol,RI,NGRID 115kV Robinson Ave substation,F,CNR,154.656,154.656,154.656,154.656,False,2022-04-06,2022,2026-05-31,2026-03-01,2025-10-11,3.515400410677618,N,N,,2025-10-17
1249,Battery Storage Addition,G,True,,withdrawn,W,BAT,Storage,OT,CT,False,New London,CT,Tunnel 23 kV Substation,F,CNR,16.02,0.0,16.02,16.02,True,2022-04-19,2022,2027-05-14,2027-03-12,2023-03-28,0.9390828199863107,N,N,,2023-03-28
1250,Battery Storage,G,True,,withdrawn,W,BAT,Storage,OT,ME,False,York,ME,"CMP Goosefare 115kV Substation
43 31 22 N   70 26 59  W",F,CNR,50.7,50.7,50.7,50.7,False,2022-04-14,2022,2024-11-01,2024-09-01,2023-05-18,1.0924024640657084,N,N,,2023-05-19
1251,Battery Storage,G,True,,withdrawn,W,BAT,Storage,OT,CT,False,Hartford,CT,"To interconnect at the POI of Gravel Pit Solar QP 1030, via a Shared Facility, QP 1030 is described as a line cut and three-breaker ring bus of the 115 kV Connecticut Light & Power Company line between Barbour Hill and Windsor Locks.",F,CNR,60.0,60.0,60.0,60.0,False,2022-04-11,2022,2024-12-31,2024-10-15,2022-08-26,0.3750855578370979,N,N,,2022-08-26
1252,Battery Storage,G,True,TCS,withdrawn,W,BAT,Storage,OT,MA,True,Essex,BOST,Ward Hill 345 kV Substation,F,CNR,314.7,310.0,314.7,314.7,False,2022-04-21,2022,2032-08-01,2032-07-01,2025-12-22,3.671457905544148,Y,Y,In Progress,2026-04-08
1253,Battery Storage CNR Only (see QP887),G,True,,withdrawn,W,BAT,Storage,OT,MA,True,Norfolk,SEMA,"Wareham Substation 115kV, Eversource Line 113",F,CNR,150.0,0.0,150.0,150.0,True,2022-04-27,2022,2026-05-31,2026-04-30,2023-11-14,1.5496235455167693,N,N,,2023-11-14
1254,Kimball DG Area Study,G,True,,withdrawn,W,SUN BAT,Solar + storage,OT,ME,False,York/Oxford/Cumberland,ME,CMP Kimball Road/Lovell 115 kV Substation,N,NA,7.894,7.894,7.894,7.894,False,2022-05-02,2022,2028-06-30,2028-06-30,2025-06-13,3.1156741957563314,Y,Y,,2025-06-16
1255,Detroit/Guilford/Belfast DG Area Study,G,True,,withdrawn,W,SUN BAT,Solar + storage,OT,ME,False,Piscataquis/Penobscot/Somerset/Waldo/Hancock,ME,CMP Detroit 115 kV Substation,N,NA,57.72,57.72,57.72,57.72,False,2022-05-02,2022,2027-12-31,2027-12-31,2025-06-13,3.1156741957563314,Y,Y,,2025-06-16
1256,Wind,G,True,,withdrawn,W,WND,All other,WT,ME,False,Aroostook,BHE,Pittsfield Station. Pittsfield 345 kV substation is located between the existing Orrington - Albion Road line (3023) near town of Pittsfield.,F,CNR,905.0,905.0,905.0,905.0,False,2022-05-03,2022,2026-12-09,2026-10-08,2025-10-11,3.4414784394250515,N,N,,2025-10-17
1257,Solar,G,True,,withdrawn,W,SUN,Solar,PV,ME,False,Aroostook,BHE,Pittsfield Station. Pittsfield 345 kV substation is located between the existing Orrington - Albion Road line (3023) near town of Pittsfield.,F,CNR,319.2,319.2,319.2,319.2,False,2022-05-03,2022,2026-12-09,2026-10-08,2025-10-11,3.4414784394250515,N,N,,2025-10-17
1258,Battery Storage CNR Only,G,True,,withdrawn,W,BAT,Storage,OT,MA,True,Norfolk,SEMA,National Grid's South Wrentham 115kV Substation,F,CNR,170.0,0.0,170.0,170.0,True,2022-05-03,2022,2027-07-26,2027-06-26,2025-10-11,3.4414784394250515,N,N,Executed,2025-10-17
1259,Battery Storage,G,True,,withdrawn,W,BAT,Storage,OT,MA,True,Berkshire,WMA,Eversource 115 kV Line 1231 (Berkshire - Plainfield),F,NR,20.0,20.0,20.0,20.0,False,2022-06-15,2022,2027-06-28,2027-03-28,2025-08-01,3.1293634496919918,Y,N,Not Started,2025-08-01
1260,Solar plus Battery,G,True,,withdrawn,W,SUN BAT,Solar + storage,OT,MA,True,Hampden,WMA,Eversource 13.8 kV Line 19S1,F,CNR,2.6888,2.772,2.6888,2.6888,False,2022-05-06,2022,2023-06-01,2023-06-01,2022-08-31,0.3203285420944558,N,N,,2022-08-31
1261,Battery Storage Addition (to QP1086),G,True,,active,A,SUN BAT,Solar + storage,OT,ME,False,Knox,ME,CMP 115kV line Section 80,F,NR,160.0,0.0,160.0,160.0,True,2022-05-17,2022,2028-03-31,2028-02-29,,4.372347707049966,Y,Y,Executed,2025-10-24
1262,Battery Storage,G,True,,withdrawn,W,BAT,Storage,OT,CT,False,Middlesex,CT,"Haddam 115kV BUS [HADDAM(120632)]; 41°27'38.74""N, 72°28'38.23""W",F,CNR,80.875,80.875,80.875,80.875,False,2022-05-17,2022,2026-07-06,2026-06-18,2024-08-29,2.2861054072553046,Y,N,Not Started,2024-08-29
1263,Battery Storage,G,True,,withdrawn,W,BAT,Storage,OT,MA,True,Hampshire,WMA,"POI Coordinates: 42.42649, -72.53956, Feeder: 18G6, Express feeder, Owner of POI: WMECO (Eversource), Distribution Voltage Level: 13.8 kV, Substation Voltage Level: 115 kV - 13.8 kV",F,CNR,18.87,18.87,,,False,2022-07-01,2022,2023-10-27,2023-10-20,2023-07-13,1.0321697467488022,N,N,,2023-07-13
1264,Bear Swamp Pump Load increase,G,True,,in service,C,WAT,All other,PS,MA,True,Berkshire,WMA,The existing POI of the Bear Swamp generating station.,F,NR,333.0,0.0,333.0,333.0,True,2022-05-19,2022,2023-01-06,2023-01-04,,0.6351813826146475,Y,N,Executed,2023-01-12
1265,Revolution Offshore Wind CNR only,G,True,,active,A,WND,All other,WT,RI,False,NA,RI,"NG 115 kV Davisville Substation, Washington County",F,CNR,750.75,0.0,750.75,750.75,True,2022-05-23,2022,2026-11-05,2026-03-13,,4.355920602327173,N,N,Executed,2025-06-09
1266,Battery Storage,G,True,,withdrawn,W,BAT,Storage,OT,CT,False,Hartford,CT,"115kV Manchester Substation (Bus# 120074)
Geographic coordinates:  41.76948781166102, -72.56130136574556",F,CNR,100.0,100.0,100.0,100.0,False,2022-05-23,2022,2025-08-04,2025-07-03,2024-08-28,2.2669404517453797,N,N,Not Started,2024-09-04
1267,Battery Storage,G,True,,withdrawn,W,BAT,Storage,OT,CT,False,New London,CT,"Groton Utilities Buddington Substation, 69kV bus (future 115kV)
Alternate POI: Groton Utilities Buddington Substation, 34.5kV bus",F,CNR,51.73,51.73,51.73,51.73,False,2022-05-20,2022,2025-08-08,2025-07-25,2022-06-24,0.09582477754962354,N,N,,2022-06-27
1268,Coolidge Solar CNR Only,G,True,,in service,C,SUN,Solar,PV,VT,False,Windsor,VT,115 kV  Coolidge Substation,F,CNR,19.9,0.0,19.9,19.9,True,2022-05-24,2022,2018-12-20,2018-12-12,,,N,N,Executed,2022-12-07
1269,Sanford Airport Solar CNR Only,G,True,,in service,C,SUN,Solar,PV,ME,False,York,ME,Cyro Drive substation 115 kV,F,CNR,50.0,0.0,50.0,50.0,True,2022-05-27,2022,2023-08-02,2023-08-02,,1.1827515400410678,N,N,Executed,2023-08-10
1270,Nutmeg Solar CNR Only,G,True,,in service,C,SUN,Solar,PV,CT,False,Hartford,CT,Scitico 115 kV,F,CNR,19.9,0.0,19.9,19.9,True,2022-05-31,2022,2020-12-07,2020-11-15,,,N,N,Executed,2023-07-24
1271,Non-Controllable ETU - Pittsfield to Coopers  Mills flow only,ETU,False,,withdrawn,W,N/A,All other,NA,ME,False,Somerset/Lincoln,ME,"New Pittsfield substation (per QP1230) Pittsfield Somerset ME 04967
Coopers Mills substation Windsor Kennebec ME 04363",F,N/A,,,,,False,2022-06-07,2022,2027-12-01,2027-10-01,2025-10-11,3.345653661875428,N,N,,2025-10-17
1272,West Springfield 45 MW BESS,G,True,,active,A,BAT,Storage,OT,MA,True,Hampden,WMA,"West Springfield Station, 115kV Bus (existing 8C-3X 140 MVA transformer; position WS#2).",F,NR,45.0,45.0,45.0,45.0,False,2022-06-08,2022,2029-05-04,2029-04-06,,4.312114989733059,Y,Y,Executed,2025-10-17
1273,Canton 470 - EMA ASO,G,True,,withdrawn,W,SUN BAT,Solar + storage,OT,MA,True,Norfolk,SEMA,Eversource Canton 470,N,NA,4.999,4.999,4.999,4.999,False,2022-06-08,2022,2023-11-30,2023-09-30,2025-06-13,3.0143737166324436,N,N,,2025-06-16
1274,Crystal Spring 646 - EMA ASO,G,True,,withdrawn,W,SUN BAT,Solar + storage,OT,MA,True,Plymouth,SEMA,Eversource Crystal Spring 646,N,NA,1.7,1.7,1.7,1.7,False,2022-06-08,2022,2023-11-30,2023-09-30,2025-06-13,3.0143737166324436,N,N,,2025-06-16
1275,Group @ Duxbury 738 - EMA ASO,G,True,,withdrawn,W,SUN BAT,Solar + storage,OT,MA,True,Plymouth,SEMA,Eversource Duxbury 738,N,NA,6.782,6.782,6.782,6.782,False,2022-06-08,2022,2023-11-30,2023-09-30,2025-06-13,3.0143737166324436,N,N,,2025-06-16
1276,Falmouth 933 - EMA ASO,G,True,,withdrawn,W,SUN BAT,Solar + storage,OT,MA,True,Barnstable,SEMA,Eversource Falmouth 933,N,NA,3.5,3.5,3.5,3.5,False,2022-06-08,2022,2023-11-30,2023-09-30,2025-06-13,3.0143737166324436,N,N,,2025-06-16
1277,Fisher Road 657 - EMA ASO,G,True,,withdrawn,W,SUN BAT,Solar + storage,OT,MA,True,Bristol,SEMA,Eversource Fisher Road 657,N,NA,3.0,3.0,3.0,3.0,False,2022-06-08,2022,2023-11-30,2023-09-30,2025-06-13,3.0143737166324436,N,N,,2025-06-16
1278,Harwich 968 - EMA ASO,G,True,,withdrawn,W,SUN BAT,Solar + storage,OT,MA,True,Barnstable,SEMA,Eversource Harwich 968,N,NA,3.998,3.998,3.998,3.998,False,2022-06-08,2022,2023-11-30,2023-09-30,2025-06-13,3.0143737166324436,N,N,,2025-06-16
1279,Group @ Hatchville 936 - EMA ASO,G,True,,withdrawn,W,SUN BAT,Solar + storage,OT,MA,True,Barnstable,SEMA,Eversource Hatchville 936,N,NA,18.486,18.486,18.486,18.486,False,2022-06-08,2022,2023-11-30,2023-09-30,2025-06-13,3.0143737166324436,N,N,,2025-06-16
1280,Hyannis 961 - EMA ASO,G,True,,withdrawn,W,SUN BAT,Solar + storage,OT,MA,True,Barnstable,SEMA,Eversource Hyannis 961,N,NA,4.993,4.993,4.993,4.993,False,2022-06-08,2022,2023-11-30,2023-09-30,2025-06-13,3.0143737166324436,N,N,,2025-06-16
1281,Group @ Industrial Park 636 - EMA ASO,G,True,,withdrawn,W,SUN BAT,Solar + storage,OT,MA,True,Bristol,SEMA,Eversource Industrial Park 636,N,NA,16.514,16.514,16.514,16.514,False,2022-06-08,2022,2023-11-30,2023-09-30,2025-06-13,3.0143737166324436,N,N,,2025-06-16
1282,Marshfield 739 - EMA ASO,G,True,,withdrawn,W,SUN BAT,Solar + storage,OT,MA,True,Plymouth,SEMA,Eversource Marshfield 739,N,NA,4.6,4.6,4.6,4.6,False,2022-06-08,2022,2023-11-30,2023-09-30,2025-06-13,3.0143737166324436,N,N,,2025-06-16
1283,Mashpee 946 - EMA ASO,G,True,,withdrawn,W,SUN BAT,Solar + storage,OT,MA,True,Barnstable,SEMA,Eversource Mashpee 946,N,NA,1.49,1.49,1.49,1.49,False,2022-06-08,2022,2023-11-30,2023-09-30,2025-06-13,3.0143737166324436,N,N,,2025-06-16
1284,Group @ Orleans 975 - EMA ASO,G,True,,withdrawn,W,SUN BAT,Solar + storage,OT,MA,True,Barnstable,SEMA,Eversource Orleans 975,N,NA,9.998,9.998,9.998,9.998,False,2022-06-08,2022,2023-11-30,2023-09-30,2025-06-13,3.0143737166324436,N,N,,2025-06-16
1285,Sandwich 916 - EMA ASO,G,True,,withdrawn,W,SUN BAT,Solar + storage,OT,MA,True,Barnstable,SEMA,Eversource Sandwich 916,N,NA,4.6,4.6,4.6,4.6,False,2022-06-08,2022,2023-11-30,2023-09-30,2025-06-13,3.0143737166324436,N,N,,2025-06-16
1286,Tremont 713 - EMA ASO,G,True,,withdrawn,W,SUN BAT,Solar + storage,OT,MA,True,Plymouth,SEMA,Eversource Tremont 713,N,NA,4.996,4.996,4.996,4.996,False,2022-06-08,2022,2025-07-31,2025-07-31,2025-06-13,3.0143737166324436,Y,Y,,2025-06-16
1287,Valley 715 - EMA ASO,G,True,,withdrawn,W,SUN BAT,Solar + storage,OT,MA,True,Plymouth,SEMA,Eversource Valley 715,N,NA,3.7,3.7,3.7,3.7,False,2022-06-08,2022,2023-11-30,2023-09-30,2025-06-13,3.0143737166324436,N,N,,2025-06-16
1288,Wellfleet 976 - EMA ASO,G,True,,withdrawn,W,SUN BAT,Solar + storage,OT,MA,True,Barnstable,SEMA,Eversource Wellfleet 976,N,NA,4.107,4.107,4.107,4.107,False,2022-06-08,2022,2023-11-30,2023-09-30,2025-06-13,3.0143737166324436,N,N,,2025-06-16
1289,Group @ West Pond 737 - EMA ASO,G,True,,withdrawn,W,SUN BAT,Solar + storage,OT,MA,True,Middlesex,SEMA,Eversource West Pond 737,N,NA,6.982,6.982,6.982,6.982,False,2022-06-08,2022,2025-07-31,2025-07-31,2025-06-13,3.0143737166324436,Y,Y,,2025-06-16
1290,Group @ Wing Lane 624 - EMA ASO,G,True,,withdrawn,W,SUN BAT,Solar + storage,OT,MA,True,Bristol,SEMA,Eversource Wing Lane 624,N,NA,14.979,14.979,14.979,14.979,False,2022-06-08,2022,2023-11-30,2023-09-30,2025-06-13,3.0143737166324436,N,N,,2025-06-16
1291,Turners Falls CNR,G,True,,in service,C,WAT,All other,HD,MA,True,Franklin,WMA,The POI is at 13.8 kV where the conductors from WMECO's pole 70/460H1 attach to the Interconnection Customer's building on the other side of the canal.,F,CNR,0.937,0.0,0.937,0.937,True,2022-06-09,2022,2022-11-15,2022-11-15,,0.4353182751540041,N,N,Executed,2022-12-06
1292,Battery Storage,G,True,,withdrawn,W,BAT,Storage,OT,MA,True,Worcester,CMA,National Grid 115 kV E-157W line three-breaker ring bus location: 0.32 miles north of Millbury 2 station along transmission line; 2.62 miles south of Wyman station along transmission line (the length of the Millbury 2 - Wyman Gordon line is 2.94 miles). Three-breaker ring bus will be located <0.01 miles east of POI.,F,CNR,95.0,95.0,95.0,95.0,False,2022-07-12,2022,2023-09-30,2023-08-30,2023-05-01,0.8021902806297057,N,N,,2023-05-01
1293,GRID RNS,TS,False,,active,A,N/A,All other,NA,MA,True,Middlesex,BOST,NGRID 115 kV T146 line,F,N/A,183.7,12.0,183.7,183.7,False,2022-07-13,2022,2027-11-01,2027-09-01,,4.216290212183436,Y,Y,,2026-09-09
1294,Solar,G,True,,withdrawn,W,SUN,Solar,PV,ME,False,Washington,BHE,Ring Bus constructed for QP760 on Versant 115kV Line 52,F,CNR,75.32,75.32,75.32,75.32,False,2022-07-27,2022,2026-08-04,2026-07-21,2023-06-06,0.8596851471594799,N,N,,2023-06-06
1295,Solar plus Battery,G,True,,withdrawn,W,SUN BAT,Solar + storage,OT,ME,False,Aroostook,ME,Orrington-Albion Rd 345kV line (3023) near the town of Pittsfield (approximately 19 miles from Albion Rd Substation),F,CNR,205.0,205.0,205.0,205.0,False,2022-08-09,2022,2025-11-28,2025-09-03,2024-08-13,2.0123203285420943,N,N,,2024-08-13
1296,Battery Storage,G,True,,withdrawn,W,BAT,Storage,OT,CT,False,Hartford,CT,Eversource Energy Corporation 115 kV line 1756,F,CNR,125.0,125.0,125.0,125.0,False,2022-08-10,2022,2027-04-01,2027-03-15,2024-12-10,2.3353867214236823,Y,N,Not Started,2024-12-10
1297,Offshore Wind,G,True,,withdrawn,W,WND,All other,WT,MA,True,NA,SEMA,National Grid Brayton Point 345 kV Substation,F,CNR,1200.0,1200.0,1200.0,1200.0,False,2022-08-15,2022,2029-05-31,2029-01-31,2022-09-13,0.07939767282683094,N,N,,2022-09-13
1298,Battery Storage,G,True,,withdrawn,W,BAT,Storage,OT,MA,True,Worcester,CMA,"Eversource 345 kV Line 3361, approximately 3.2 miles from Sherman Road and 7.6 miles from Blackstone.",F,CNR,157.92,157.92,157.92,157.92,False,2022-08-16,2022,2027-06-30,2027-06-15,2024-05-31,1.7905544147843941,N,N,,2024-06-04
1299,Solar Increase (QP1145),G,True,,withdrawn,W,SUN,Solar,PV,ME,False,Hancock,BHE,Versant 115kV Line 57 (new ring bus located 0.7 miles north of Versant's 115kV substation).,F,CNR,74.8,54.1,74.8,74.8,False,2022-08-18,2022,2026-09-25,2026-09-11,2025-05-21,2.757015742642026,Y,Y,In Progress,2025-05-21
1300,Solar plus Battery Increase (QP1129),G,True,,withdrawn,W,SUN BAT,Solar + storage,OT,MA,True,Bristol,SEMA,The primary connection of the proposed project to Eversource Energy is located at the Wing Lane substation #624 Transformer #1 Line #240. The site is located approximately 0.26 circuit miles from Substation 624 near PSS/E node 111293(Wing Lane 13.2 KV),F,CNR,2.5,0.04,2.5,2.5,False,2022-08-19,2022,2022-08-31,2021-08-31,2022-10-04,0.12594113620807665,N,N,,2022-10-04
1301,Battery Storage,G,True,,withdrawn,W,BAT,Storage,OT,MA,True,Worcester,CMA,"National Grid Feeder 01-21W1, Leicester Substation, 13.8 kV",F,CNR,10.0,10.0,10.0,10.0,False,2022-09-06,2022,2025-05-15,2025-03-15,2022-12-09,0.25735797399041754,N,N,,2022-12-09
1302,Battery Storage,G,True,,withdrawn,W,BAT,Storage,OT,MA,True,Franklin,WMA,"Eversource 21C1, Montague Substation,13.8 kV",F,CNR,8.5,9.11,8.5,8.5,False,2022-09-22,2022,2027-05-28,2027-02-26,2023-03-24,0.5010266940451745,N,N,,2023-03-24
1303,Battery Storage,G,True,,withdrawn,W,BAT,Storage,OT,MA,True,Franklin,WMA,"Eversource 21B8, 13.8 kV",F,CNR,11.9,11.9,11.9,11.9,False,2022-09-22,2022,2027-05-28,2027-02-26,2023-05-25,0.6707734428473648,N,N,,2023-05-25
1304,Uxbridge Substation – NG Hopedale West Group Study,G,True,,withdrawn,W,BAT,Storage,OT,MA,True,Worcester,SEMA,"NG Feeder 321W6, Uxbridge T2",N,NA,4.99,4.99,4.99,4.99,False,2022-09-09,2022,2025-12-31,2025-11-15,2025-06-13,2.759753593429158,Y,N,,2025-06-16
1305,Depot Street Substation – NG Hopedale West Group Study,G,True,,withdrawn,W,SUN BAT,Solar + storage,OT,MA,True,Worcester,SEMA,"NG Feeder 335W1 (7U), Depot Street T1 and T2",N,NA,1.5,1.5,1.5,1.5,False,2022-09-09,2022,2025-12-31,2025-11-15,2025-06-13,2.759753593429158,Y,N,,2025-06-16
1306,Whitins Pond Substation – NG Hopedale West Group Study,G,True,,withdrawn,W,BAT,Storage,OT,MA,True,Worcester,SEMA,"NG Feeder 320W4, Whitins Pond T2",N,NA,4.948,4.948,4.948,4.948,False,2022-09-09,2022,2025-12-31,2025-11-15,2025-06-13,2.759753593429158,Y,N,,2025-06-16
1307,Whitins Pond Substation – NG Hopedale West Group Study,G,True,,withdrawn,W,BAT,Storage,OT,MA,True,Worcester,SEMA,"NG Feeder 320W5, Whitins Pond T1",N,NA,4.948,4.948,4.948,4.948,False,2022-09-09,2022,2025-12-31,2025-11-15,2025-06-13,2.759753593429158,Y,N,,2025-06-16
1308,Uxbridge Substation – NG Hopedale West Group Study,G,True,,withdrawn,W,BAT,Storage,OT,MA,True,Worcester,SEMA,"NG Feeder 321W6, Uxbridge T2",N,NA,6.994,6.994,6.994,6.994,False,2022-09-09,2022,2025-12-31,2025-11-15,2025-06-13,2.759753593429158,Y,N,,2025-06-16
1309,non-controllable objective ETU to enable 1200 MW injection near Millstone substation,ETU,False,,withdrawn,W,N/A,All other,NA,CT,False,New London,CT,N/A,F,N/A,1200.0,1200.0,,,False,2022-09-23,2022,2029-12-30,2029-05-01,2024-11-12,2.138261464750171,N,N,,2024-11-13
1310,Battery Storage,G,True,,withdrawn,W,BAT,Storage,OT,MA,True,Berkshire,WMA,115 kV Transmission line (1211 - Present between Doreen and Oswald substation),F,CNR,118.75,118.75,118.75,118.75,False,2022-09-23,2022,2025-10-31,2025-09-30,2023-12-08,1.2073921971252566,N,N,,2023-12-11
1311,RNS - move load to new substation,TS,False,,active,A,N/A,All other,NA,MA,True,Plymouth,SEMA,Wareham Street to new South Middleborough Substation,F,N/A,85.32,20.0,85.32,50.6,False,2022-09-23,2022,2029-06-01,2029-04-01,,4.0191649555099245,Y,Y,,2026-09-09
1312,non-controllable ETU -  inc the simultaneous injection capacity to 2400 MW at Brayton Pt 345 kV sub,ETU,False,,withdrawn,W,N/A,All other,NA,MA,True,Somerset,RI,N/A,F,N/A,,,,,False,2022-09-26,2022,2028-12-30,2028-09-29,2025-10-10,3.0390143737166326,N,N,,2025-10-10
1313,NY ETU QP1125,ETU,False,,active,A,N/A,All other,NA,NY,False,St. Lawrence-Lewis,N/A,Moses/Adirondack/Poter Path,N,N/A,0.0,0.0,0.0,0.0,True,2022-09-23,2022,2025-12-31,2025-12-01,,4.0191649555099245,N,N,,2022-09-26
1314,Offshore Wind,G,True,,withdrawn,W,WND,All other,WT,MA,True,NA,SEMA,"Eversource 115kV Acushnet, lines 112/114",F,NR,470.0,470.0,470.0,470.0,False,2022-09-27,2022,2029-11-01,2029-09-01,2024-10-14,2.0479123887748116,N,N,,2024-10-15
1315,Battery Storage,G,True,,withdrawn,W,BAT,Storage,OT,CT,False,Windham,CT,"Eversource Killingly Substation,115kV BUS, Tracy Rd, Killingly, CT 06241, 41.881384, -71.891162",F,CNR,106.97,106.97,106.97,106.97,False,2022-09-29,2022,2026-06-12,2026-06-09,2024-10-02,2.0095824777549622,N,N,,2024-10-02
1316,Solar plus Battery,G,True,,withdrawn,W,SUN BAT,Solar + storage,OT,NH,False,Cheshire,NH,Eversource 115kV line L163,F,CNR,102.0,102.0,102.0,102.0,False,2022-09-30,2022,2027-10-28,2027-10-28,2023-08-25,0.9007529089664613,N,N,,2023-08-28
1317,non-controllable objective ETU to enable 1200 MW injection near Norwalk substation,ETU,False,,withdrawn,W,N/A,All other,NA,CT,False,Fairfield,SWCT,N/A,F,N/A,,,,,False,2022-09-30,2022,2029-12-30,2029-05-01,2024-01-18,1.3004791238877482,N,N,,2024-01-18
1318,GRID LNS,TS,False,,withdrawn,W,N/A,All other,NA,MA,True,Middlesex/Worcester,CMA,GRID 69 kV transmission lines U-21S and U-21E,F,N/A,45.0,9.0,45.0,39.0,False,2022-10-03,2022,2023-10-03,2023-10-01,2023-07-03,0.7474332648870636,N,N,,2023-07-20
1319,Battery Storage,G,True,,active,A,BAT,Storage,OT,CT,False,Litchfield,CT,115 kV line between Rocky River and Bulls Bridge substations,F,CNR,141.6,141.6,141.6,141.6,False,2022-10-07,2022,2029-06-01,2029-05-01,,3.980835044490075,Y,Y,Executed,2025-11-12
1320,Battery Storage,G,True,,active,A,BAT,Storage,OT,MA,True,Worcester,SEMA,National Grid 115KV Line R144 between Millbury No. 2 and Woonsocket substations - approximately 5.8 circuit miles from Woonsocket substation.,F,CNR,203.95,203.95,203.95,203.95,False,2022-10-07,2022,2027-02-23,2026-11-22,,3.980835044490075,Y,Y,Executed,2025-05-05
1321,NEP LNS,TS,False,,withdrawn,W,N/A,All other,NA,MA,True,Somerset,SEMA,NEP 115 kV Brayton Point,F,N/A,17.56,17.56,17.56,17.56,False,2022-10-06,2022,2024-12-01,2024-12-01,2022-11-30,0.15058179329226556,N,N,,2022-12-01
1322,Non-controllable ETU from Line 388 substation to Coopers Mills substation,ETU,False,,withdrawn,W,N/A,All other,NA,ME,False,,ME,"New substation on line 388 (per QP1228 ) to Coopers Mills Substation, Windsor Kennebec, ME, 04363",F,N/A,,,,,False,2022-10-11,2022,2027-12-31,2027-10-08,2022-11-02,0.06023271731690623,N,N,,2022-11-28
1323,Non-controllable ETU from Line 3023 substation to Coopers Mills substation,ETU,False,,withdrawn,W,N/A,All other,NA,ME,False,,ME,"New substation on line 3023 (per QP1227 ) to Coopers Mills Substation, Windsor Kennebec, ME, 04363",F,N/A,,,,,False,2022-10-11,2022,2027-12-31,2027-10-08,2022-11-02,0.06023271731690623,N,N,,2022-11-28
1324,Battery Storage,G,True,,withdrawn,W,BAT,Storage,OT,RI,False,Providence,RI,115 kV Line T-172N approximately 1.38 mi from Farnum Pike and 1.09 mi from Putnam Pike Substations,F,CNR,55.0,55.0,55.0,55.0,False,2022-10-18,2022,2027-12-30,2027-12-15,2024-10-23,2.0150581793292264,N,N,,2024-10-27
1325,Battery Storage,G,True,,withdrawn,W,BAT,Storage,OT,RI,False,Providence,RI,"NEP transmission line: 345 kV line 359, approximately 10.55 miles from West Farnum and 10.81 miles from Kent County substations.",F,CNR,307.8,305.0,307.8,307.8,False,2022-10-19,2022,2027-12-30,2027-12-15,2024-05-31,1.6153319644079398,N,N,,2024-06-04
1326,Battery Storage,G,True,,withdrawn,W,BAT,Storage,OT,RI,False,Kent,RI,"Line tap on the S-171 South 115 kV transmission line, roughly 4 miles from West Cranston Substation and 1.5 miles from Drumrock Substation.",F,NR,40.0,40.0,40.0,40.0,False,2022-10-19,2022,2027-12-30,2027-12-15,2023-10-13,0.9828884325804244,N,N,,2023-10-13
1327,Battery Storage,G,True,,withdrawn,W,BAT,Storage,OT,MA,True,Norfolk,SEMA,West Walpole substation,F,CNR,270.0,270.0,270.0,270.0,False,2022-10-20,2022,2023-12-02,2023-11-02,2023-02-14,0.3203285420944558,N,N,,2023-02-14
1328,Solar,G,True,,withdrawn,W,SUN,Solar,PV,NH,False,Grafton,NH,"44.336047°, -71.874785°, National Grid 230 kV Substation",F,CNR,21.44,21.44,21.44,21.44,False,2022-10-24,2022,2024-06-05,2024-05-15,2023-04-27,0.5065023956194388,N,N,,2023-04-28
1329,Solar,G,True,,withdrawn,W,SUN,Solar,PV,NH,False,Grafton,NH,"POI: (44.321330°, -72.003124°), National Grid's PTF 230 kV bus at Comerford No. 18 station",F,CNR,54.4,54.4,54.4,54.4,False,2022-10-24,2022,2024-06-05,2024-05-15,2023-05-19,0.5667351129363449,N,N,,2023-05-19
1330,Solar,G,True,,withdrawn,W,SUN,Solar,PV,NH,False,Sullivan,NH,"43.177488°, -72.434553° - National Grid 115kV line",F,CNR,46.5,46.5,46.5,46.5,False,2022-11-01,2022,2023-12-20,2023-11-17,2022-12-16,0.12320328542094455,N,N,,2022-12-19
1331,Battery Storage,G,True,,withdrawn,W,BAT,Storage,OT,MA,True,Hampden,WMA,"Interconnecting to POI coordinates (42.148537, -72.300019) on 115 kV Transmission line X-176, approximately 0.3 miles north of Palmer #503 substation and 5.76 miles from Thorndike #523 substation.",F,CNR,300.0,300.0,300.0,300.0,False,2022-11-02,2022,2025-12-23,2025-12-16,2023-12-19,1.1279945242984257,N,N,,2023-12-19
1332,Enable 1200 MW injection at Mystic,ETU,False,,withdrawn,W,N/A,All other,NA,MA,True,,BOST,N/A,F,N/A,1200.0,1200.0,,,False,2022-11-08,2022,2029-12-30,2029-05-01,2023-11-22,1.0376454483230664,N,N,,2023-11-22
1333,2400 controllable ETU - unidirectional,ETU,False,,withdrawn,W,N/A,All other,NA,CT,False,,SWCT,"1. Singer 345kV Substation existing available circuit breaker position and new circuit breaker position.
2. Offshore platform at the MA/RI BOEM Wind Energy Areas",F,N/A,1100.0,1100.0,,,False,2022-11-08,2022,2028-05-31,2028-03-31,2024-01-30,1.2265571526351813,N,N,,2024-01-30
1334,Battery Storage,G,True,,withdrawn,W,BAT,Storage,OT,CT,False,New London,CT,"115 kV line 1070 between Ft Hill Farms and Stockhouse Substations, interconnected by a new three-breaker ring bus approximately 2.5 miles from Ft Hill Farms substation.",F,CNR,93.2,93.2,93.2,93.2,False,2022-11-10,2022,2027-05-01,2027-04-01,2024-10-08,1.9110198494182067,N,N,,2024-10-09
1335,Battery Storage,G,True,,withdrawn,W,BAT,Storage,OT,MA,True,Bristol,SEMA,"Non-PTF 115KV lines ET and W owned by TMLP between Cleary Flood Substation and Substation #16 (W Water St), approximately 1.26 miles from Cleary Flood. Project would interconnect half of the net MW capability to each line.",F,CNR,205.8,205.8,205.8,205.8,False,2022-11-10,2022,2027-04-01,2027-03-01,2024-10-08,1.9110198494182067,N,N,,2024-10-09
1336,Battery Storage,G,True,,withdrawn,W,BAT,Storage,OT,MA,True,Worcester,CMA,Carpenter Hill - North Oxford - Millbury #2 115 kV (V-174) line (2.57 miles from the N. Oxford substation and 6.92 miles from the Millbury #2 substation).,F,CNR,130.0,130.0,130.0,130.0,False,2022-11-22,2022,2026-12-31,2026-07-01,2024-01-05,1.1197809719370295,N,N,,2024-01-05
1337,Battery Storage,G,True,,withdrawn,W,BAT,Storage,OT,MA,True,Berkshire,WMA,"7,500' to Adams - NG Q117 VEL - 65,000' Bennington 115 kV line (42.72482385, -73.09931100).  
(The project site is on the western side of the transmission line off a gravel bank road and on the opposite side of the small solar array)",F,CNR,130.0,130.0,130.0,130.0,False,2022-11-22,2022,2026-12-31,2026-07-01,2023-11-17,0.9856262833675564,N,N,,2023-11-17
1338,Battery Storage,G,True,,withdrawn,W,BAT,Storage,OT,MA,True,Hampden,WMA,"Agawam to Ludlow - 345kV line, 2.5 miles west of Ludlow substation",F,CNR,275.06,275.06,275.06,275.06,False,2022-12-06,2022,2027-06-30,2027-06-15,2024-07-30,1.648186173853525,Y,N,Not Started,2024-07-30
1339,Battery Storage,G,True,,withdrawn,W,BAT,Storage,OT,MA,True,Bristol,SEMA,"National Grid's Brayton Point 345kV Substation, Somerset MA.",F,CNR,257.06,257.06,257.06,257.06,False,2022-12-06,2022,2027-06-30,2027-06-15,2023-01-30,0.15058179329226556,N,N,,2023-01-30
1340,Battery Storage,G,True,,withdrawn,W,BAT,Storage,OT,MA,True,Bristol,SEMA,"National Grid's Brayton Point 345kV Substation, Somerset MA.",F,CNR,550.12,292.52,550.12,550.12,False,2022-12-06,2022,2027-06-30,2027-06-15,2023-01-30,0.15058179329226556,N,N,,2023-01-30
1341,Battery Storage,G,True,,withdrawn,W,BAT,Storage,OT,MA,True,Bristol,SEMA,"National Grid's Brayton Point 345kV Substation, Somerset MA.",F,CNR,667.425,117.3,667.425,667.425,False,2022-12-06,2022,2027-06-30,2027-06-15,2023-01-30,0.15058179329226556,N,N,,2023-01-30
1342,Western Maine Wind CNR,G,True,,withdrawn,W,WND,All other,WT,ME,False,Somerset,ME,"CMP 115 kV Section 222 - coordinates 45° 9'30.90""N, 69°51'1.40""W",F,CNR,58.8,0.0,58.8,58.8,True,2022-12-15,2022,2025-09-24,2025-04-29,2025-10-11,2.8227241615331966,N,N,,2025-10-17
1343,Offshore Wind,G,True,,withdrawn,W,WND,All other,WT,MA,True,NA,SEMA,National Grid 115 kV Pottersville,F,CNR,1200.0,1200.0,1200.0,1200.0,False,2022-12-19,2022,2029-12-15,2029-07-15,2025-10-10,2.809034907597536,N,N,,2025-10-10
1344,Offshore Wind CNR only,G,True,,withdrawn,W,WND,All other,WT,MA,True,NA,SEMA,Eversource 345 kV West Barnstable Substation,F,CNR,827.0,0.0,827.0,827.0,True,2022-12-28,2022,2025-10-15,2025-08-15,2025-10-11,2.7871321013004793,N,N,,2025-10-17
1345,Battery Storage,G,True,,withdrawn,W,BAT,Storage,OT,CT,False,New London,CT,"Shunock 115kV Substation, Pendleton Hill Substation, North Stonington, CT 06359",F,CNR,75.0,75.0,75.0,75.0,False,2023-01-10,2023,2028-06-01,2028-04-01,2025-10-11,2.751540041067762,N,N,,2026-02-17
1346,Battery Storage,G,True,,withdrawn,W,BAT,Storage,OT,CT,False,Hartford,CT,"Eversource, North Bloomfield Substation, 345kV BUS.",F,CNR,196.468,196.468,196.468,196.468,False,2023-01-12,2023,2026-09-15,2026-09-08,2024-10-09,1.7412731006160165,N,N,,2024-10-09
1347,Enfield DG Cluster,G,True,,withdrawn,W,SUN BAT,Solar + storage,OT,CT,False,Hartford,CT,Eversource Enfield 12C/Windsor Locks 14K,N,NA,18.77,18.77,18.77,18.77,False,2023-01-26,2023,2025-07-27,2023-12-31,2025-06-13,2.379192334017796,N,N,,2025-06-16
1348,Battery Storage,G,True,,withdrawn,W,BAT,Storage,OT,CT,False,Middlesex,CT,Eversource Portland 21H,N,NA,5.057,5.057,5.057,5.057,False,2023-01-26,2023,2025-07-27,2025-06-25,2025-06-13,2.379192334017796,N,N,,2025-06-16
1349,Scitico DG Cluster,G,True,,withdrawn,W,SUN BAT,Solar + storage,OT,CT,False,Hartford,CT,Eversource Scitico 27H/27H1,N,NA,5.2,5.2,5.2,5.2,False,2023-01-26,2023,2023-12-31,2023-07-01,2025-06-13,2.379192334017796,N,N,,2025-06-16
1350,1200 MW Controllable ETU,ETU,False,,withdrawn,W,N/A,All other,NA,RI,False,,RI,"POI at Rhode Island Energy's Kent county Substations, See assocation reference drawings",F,N/A,1200.0,1200.0,,,False,2023-01-31,2023,2029-12-31,2029-09-01,2023-08-24,0.5612594113620808,N,N,,2023-08-24
1351,Battery Storage,G,True,,withdrawn,W,BAT,Storage,OT,CT,False,Fairfield,SWCT,"Owner: UI, Substation: Singer 345 kV",F,CNR,156.24,156.24,156.24,156.24,False,2023-02-06,2023,2027-10-01,2027-08-01,2025-10-10,2.674880219028063,N,N,,2025-10-10
1352,Battery Storage,G,True,,withdrawn,W,BAT,Storage,OT,CT,False,New Haven,CT,POI: East Shore Substation 115 kV,F,CNR,262.68,262.68,262.68,262.68,False,2023-02-06,2023,2027-10-01,2027-09-01,2025-10-10,2.674880219028063,N,N,,2025-10-10
1353,Battery Storage,G,True,,withdrawn,W,BAT,Storage,OT,CT,False,New London,CT,Montville 4J between 4J-11T-2 and 4J-12T-2. Interconnected with Montville Unit 6. New Montville Unit 6 Generator breaker will be installed for sync control.,F,CNR,289.29,289.29,289.29,289.29,False,2023-02-06,2023,2027-10-01,2027-09-01,2025-10-10,2.674880219028063,N,N,,2025-10-10
1354,Battery Storage,G,True,,withdrawn,W,BAT,Storage,OT,CT,False,Middlesex,CT,POI between 5A-5T-2 and 5A-6T-2; Northeast Utilities 11631 Substation - Middletown,F,CNR,289.29,289.29,289.29,289.29,False,2023-02-06,2023,2024-10-01,2024-09-01,2023-04-13,0.1806981519507187,N,N,,2023-04-13
1355,Battery Storage,G,True,,withdrawn,W,BAT,Storage,OT,CT,False,New Haven,SWCT,POI is the Devon 115 kV Bus 2 between 7R-19T2 and 7R-23T-2 breakers,F,NR,136.32,136.32,136.32,136.32,False,2023-02-06,2023,2027-10-01,2027-09-01,2025-10-10,2.674880219028063,N,N,,2025-10-10
1356,(Offshore wind Increase (Q700 +Q1154),G,True,,withdrawn,W,WND,All other,WT,MA,True,NA,SEMA,Eversource 345kV West Barnstable (921),F,CNR,895.0,38.8,895.0,895.0,False,2023-02-09,2023,2026-10-30,2026-03-14,2024-10-14,1.678302532511978,N,N,,2024-10-15
1357,Solar Increase,G,True,,active,A,SUN,Solar,PV,CT,False,Hartford,CT,"To interconnect at the POI of Gravel Pit Solar (QP 1030 + QP 1247), as an increase to QP 1030 and QP1247, the POI is the new Gravel Pit Solar substation at the new three-breaker ring bus on the 115 kV Connecticut Light & Power Company 1200 line between Barbour Hill and Windsor Locks.",F,NR,152.045,5.0,152.045,152.045,False,2023-02-16,2023,2027-11-15,2027-10-01,,3.619438740588638,Y,Y,Executed,2026-03-09
1358,Battery Storage,G,True,,withdrawn,W,BAT,Storage,OT,CT,False,Hartford,CT,Tap on South Windsor to Manchester 115kV line.,F,CNR,100.0,100.0,100.0,100.0,False,2023-02-21,2023,2026-07-31,2026-06-30,2025-10-11,2.6365503080082138,N,N,,2025-10-17
1359,Fuel Cell,G,True,,withdrawn,W,FC,All other,FC,CT,False,Hartford,CT,"CLP Northwest Hartford 2N, Circuit 2N14",N,NA,1.84,1.84,1.84,1.84,False,2023-02-22,2023,2024-12-31,2024-11-30,2025-06-13,2.305270362765229,N,N,,2025-06-16
1360,Battery Storage,G,True,,withdrawn,W,BAT,Storage,OT,CT,False,Middlesex,CT,"CLP 11C Haddam, Circuit 11C13",N,NA,10.0,10.0,10.0,10.0,False,2023-02-22,2023,2024-06-15,2024-06-01,2025-06-13,2.305270362765229,N,N,,2025-06-16
1361,Offshore Wind,G,True,,withdrawn,W,WND,All other,WT,MA,True,NA,SEMA,"RIE, Jepson 115 kV Substation",F,CNR,882.0,882.0,882.0,882.0,False,2023-02-24,2023,2030-02-15,2029-10-01,2023-09-08,0.5366187542778919,N,N,,2023-09-08
1362,Battery Storage Increase (QP1238),G,True,,withdrawn,W,BAT,Storage,OT,MA,True,Norfolk,SEMA,Eversource's West Medway 345kV station,F,CNR,602.52,301.26,602.52,602.52,False,2023-02-24,2023,2027-11-12,2027-06-25,2025-10-10,2.625598904859685,N,N,,2025-10-10
1363,Battery Storage,G,True,,withdrawn,W,BAT,Storage,OT,MA,True,Hampden,WMA,Ludlow 345 kV station,F,CNR,301.26,301.26,301.26,301.26,False,2023-03-01,2023,2026-11-20,2026-06-12,2025-10-10,2.6119096509240247,N,N,,2025-10-10
1364,Battery Storage,G,True,,withdrawn,W,BAT,Storage,OT,NH,False,Rockingham,NH,Timber Swamp Rd 345 kV station,F,CNR,401.68,401.68,401.68,401.68,False,2023-03-01,2023,2026-11-20,2026-06-12,2025-01-13,1.8726899383983573,N,N,,2025-01-13
1365,Battery Storage,G,True,TCS,active,A,BAT,Storage,OT,MA,True,Hampden,WMA,Connect to South Agawam 115 kV switchyard,F,CNR,254.2,250.0,254.2,254.2,False,2023-03-09,2023,2029-06-30,2029-01-29,,3.561943874058864,N,N,In Progress,2026-08-21
1366,Battery Storage,G,True,,withdrawn,W,BAT,Storage,OT,CT,False,Fairfield,SWCT,Peaceable 115 kV station,F,CNR,200.84,200.84,200.84,200.84,False,2023-03-09,2023,2026-11-20,2026-06-12,2024-08-19,1.4483230663928817,N,N,,2024-08-19
1367,Battery Storage,G,True,,withdrawn,W,BAT,Storage,OT,MA,True,Bristol,SEMA,National Grid 115KV Line U6 between Pottersville and Bridgewater substations - approximately 6.1 circuit miles from Bridgewater substation,F,CNR,271.4,271.4,271.4,271.4,False,2023-03-09,2023,2027-04-01,2027-03-01,2023-11-30,0.7282683093771389,N,N,,2023-12-05
1368,Battery Storage,G,True,,withdrawn,W,BAT,Storage,OT,MA,True,Essex,BOST,National Grid 115KV Line Q169 - Approximately 0.5 Miles from Lynn Substation,F,CNR,240.8,240.8,240.8,240.8,False,2023-03-09,2023,2027-04-01,2027-03-01,2023-04-12,0.09308692676249145,N,N,,2023-04-12
1369,Athens 115 kV SS - CMP Wyman Area Study,G,True,,withdrawn,W,SUN,Solar,PV,ME,False,Somerset,ME,"CMP Athens substation, Circuit 827D2",N,NA,1.992,1.992,1.992,1.992,False,2023-03-08,2023,2024-12-31,,2025-06-13,2.2669404517453797,Y,Y,,2025-06-16
1370,1200 MW non-controllable ETU - N to S flow only,ETU,False,,withdrawn,W,N/A,All other,NA,ME,False,Aroostook/Somerset,ME,Transmission line connects between the new Aroostook station and Pittsfield station. Pittsfield 345 kV substation is located between the existing Orrington - Albion Road line in Somerset county at Lat/Long 44.795/-69.386. The Aroostook station will be located in Aroostook county at Lat/Long 45.7634/-68.0278,F,N/A,1200.0,1200.0,,,False,2023-03-15,2023,2028-06-01,2028-06-01,2025-08-13,2.414784394250513,N,N,,2025-08-13
1371,Non-controllable ETU - N to S flow only,ETU,False,,withdrawn,W,N/A,All other,NA,ME,False,Somerset /Lincoln,ME,"New Pittsfield Substation lat/long 44.795/-69.386
Existing Coopers Mills 345 kV Station lat/long 44.2966/-69.556771",F,N/A,,,,,False,2023-03-15,2023,2028-06-01,2028-06-01,2025-08-13,2.414784394250513,N,N,,2025-08-13
1372,Non-controllable ETU - bi-directional,ETU,False,,withdrawn,W,N/A,All other,NA,ME,False,Lincoln,ME,New 345 kV Transmission Line from Maine Yankee 345 Substation (existing) to Coopers Mills 345 Substation (existing),F,N/A,,,,,False,2023-03-15,2023,2028-06-01,2028-06-01,2023-05-03,0.13415468856947296,N,N,,2023-05-03
1373,Battery Storage Increase (QP1362),G,True,,withdrawn,W,BAT,Storage,OT,MA,True,Norfolk,SEMA,Eversource's West Medway 345kV station,F,CNR,743.0,140.48,743.0,743.0,False,2023-03-15,2023,2027-11-12,2027-06-25,2025-10-10,2.5735797399041753,N,N,,2025-10-10
1374,Battery Storage,G,True,,withdrawn,W,BAT,Storage,OT,NH,False,Merrimack,NH,Eversource 115 kV Line C196.,F,CNR,226.0,226.0,226.0,226.0,False,2023-03-28,2023,2027-04-07,2027-03-31,2025-10-11,2.54072553045859,N,N,,2025-10-17
1375,Wind,G,True,,withdrawn,W,WND,All other,WT,ME,False,Aroostook,BHE,"Pittsfield Station. Pittsfield 345 kV substation is located between the existing Orrington - Albion Road
line (3023) near the town of Pittsfield.",F,CNR,217.0,217.0,217.0,217.0,False,2023-03-29,2023,2026-12-09,2026-10-08,2025-10-11,2.537987679671458,N,N,,2025-10-17
1376,Battery Storage,G,True,,withdrawn,W,BAT,Storage,OT,CT,False,New Haven,CT,"115KV Line #1640 between Devon 2 & Wallingford substations, approximately 2.15 circuit miles from Wallingford substation",F,CNR,325.7,325.7,325.7,325.7,False,2023-03-29,2023,2027-04-01,2027-03-01,2024-10-08,1.5304585900068446,N,N,,2024-10-09
1377,Battery Storage,G,True,,withdrawn,W,BAT,Storage,OT,VT,False,Windsor,VT,"Vermont Electric Power Company, Coolidge 115 kV",F,CNR,180.0,180.0,180.0,180.0,False,2023-04-03,2023,2027-04-08,2027-03-08,2023-12-12,0.6926762491444216,N,N,,2023-12-12
1378,Battery Storage,G,True,,withdrawn,W,BAT,Storage,OT,VT,False,Windsor,VT,"Vermont Electric Power Company, Ascutney 115 kV.",F,CNR,105.0,105.0,105.0,105.0,False,2023-04-03,2023,2027-04-08,2027-03-08,2023-12-12,0.6926762491444216,N,N,,2023-12-12
1379,Solar,G,True,,withdrawn,W,SUN,Solar,PV,ME,False,Aroostook,BHE,"Pittsfield Station. Pittsfield 345 kV substation is located between the existing Orrington - Albion Road
line (3023) near the town of Pittsfield.",F,CNR,218.4,218.4,218.4,218.4,False,2023-04-06,2023,2028-10-31,2028-09-30,2025-10-11,2.516084873374401,N,N,,2025-10-17
1380,Fuel Cell CNR,G,True,,in service,C,FC,All other,FC,CT,False,Hartford,CT,The electrical connection where Eversource's 69 kV 680 line span from pole 2742 connects to the Farmington River Power Company's 680 line at pole 2743's insulator.,F,CNR,20.1,0.0,20.1,20.1,True,2023-04-06,2023,2024-12-12,2024-05-28,,1.6865160848733745,N,N,Executed,2025-01-14
1381,1200 MW (+/- 400 kV) HVDC External ETU,ETU,False,,withdrawn,W,N/A,All other,NA,NH,False,Grafton,NH,"In New Hampshire, the point of interconnection is near the old Monroe yard (AC capacitors and reactors
and Phase II filters presently reside in this yard). The project will tie into the currently existing
Comerford 230 kV substation.

The northern section of the project will connect with the Hydro-Quebec system at the US-Canada border near Canaan, Vermont.",F,NI,1200.0,1200.0,,,False,2023-04-11,2023,2029-07-01,2029-01-01,2025-03-26,1.9575633127994525,N,N,,2025-03-27
1382,Vineyard Offshore Wind CNR,G,True,,in service,C,WND,All other,WT,MA,True,N/A,SEMA,Eversource (NSTAR) 115kV Barnstable Switch Station (958),F,CNR,843.2,0.0,843.2,843.2,True,2023-04-11,2023,2026-04-24,2024-01-02,,3.0362765229295,N,N,,2026-04-27
1383,Solar and Battery,G,True,,withdrawn,W,SUN BAT,Solar + storage,PV,ME,False,Penoboscot,BHE,"44°46'22.13""N, 68°29'5.84""W new switching station to tie into Versant 115 kV line in Clifton",F,CNR,139.0,139.0,139.0,139.0,False,2023-04-13,2023,2028-12-31,2028-09-01,2023-12-15,0.6735112936344969,N,N,,2023-12-15
1384,Battery Storage,G,True,,withdrawn,W,BAT,Storage,OT,MA,True,Worcester,CMA,"National Grid's Pratts Junction - Sandy Pond L138W-2 line (115 kV). 
2.92 miles from Pratts Junction and 11.95 miles from Sandy Pond (on 115 kV line).  Coordinates: 42.493249051839484, -71.7028083287439",F,CNR,300.0,300.0,300.0,300.0,False,2023-04-26,2023,2026-12-31,2026-09-01,2024-07-29,1.2594113620807665,N,N,,2024-10-23
1385,Battery Storage,G,True,,withdrawn,W,BAT,Storage,OT,MA,True,Worcester,CMA,National Grid's: Bellows Fall (37.18 mi) - E. Winchendon Tap (2.07 mi) 115kV line (J136N),F,NR,233.0,200.0,233.0,233.0,False,2023-04-26,2023,2026-12-31,2026-09-01,2024-07-29,1.2594113620807665,N,N,,2024-10-23
1386,Battery Storage,G,True,,withdrawn,W,BAT,Storage,OT,MA,True,Berkshire,WMA,"National Grid Berkshire - Plainfield 115 kV line
Lat/Long:  42.49627608454711, -73.01015449707741",F,CNR,100.0,100.0,100.0,100.0,False,2023-04-26,2023,2026-12-31,2026-10-31,2024-10-04,1.4428473648186173,N,N,,2024-10-04
1387,Non-controllable objective ETU to enable 1200 MW offshore wind/300 MW solar at Crystal Springs sub,ETU,False,,withdrawn,W,N/A,All other,NA,MA,True,Plymouth,SEMA,N/A,F,N/A,,,,,False,2023-04-27,2023,2030-12-30,2029-12-31,2024-11-12,1.5468856947296372,N,N,,2024-11-13
1388,Wind CNR,G,True,,in service,C,WND,All other,WT,ME,False,Penobscot,BHE,Keene Rd Substation via through a 115kV Line 55 & Line 56 from Rollins Mountain115/34.5kV,F,CNR,61.2,0.0,61.2,61.2,True,2023-04-28,2023,2026-04-09,2010-07-15,,2.948665297741273,N,N,Executed,2026-04-14
1389,Wind CNR,G,True,,in service,C,WND,All other,WT,ME,False,Washington,BHE,Keene Rd Substation via through a 115kV Line 56 from Stetson Mountain115/34.5kV substation,F,CNR,58.14,0.0,58.14,58.14,True,2023-04-28,2023,2026-04-09,2008-10-15,,2.948665297741273,N,N,Executed,2026-04-14
1390,Wind CNR,G,True,,withdrawn,W,WND,All other,WT,ME,False,Hancock,BHE,Bull Hill 115 kV Switching Station,F,CNR,34.485,0.0,34.485,34.485,True,2023-04-28,2023,2023-11-01,2023-11-01,2025-10-11,2.455852156057495,N,N,,2025-10-17
1391,Wind CNR,G,True,,in service,C,WND,All other,WT,ME,False,Washington,BHE,Keene Rd Substation via through a 115kV Line 56 from Stetson Mountain115/34.5kV substation,F,CNR,26.01,0.0,26.01,26.01,True,2023-04-28,2023,2026-04-09,2009-09-30,,2.948665297741273,N,N,Executed,2026-04-14
1392,Battery Storage,G,True,,withdrawn,W,BAT,Storage,OT,CT,False,New Haven,CT,"Latitude:  41.492036°,        Longitude: -72.762080°   -Owner: Connecticut Light and Power Company, Voltage 115 kV, Substation Name: North Wallingford 115 kV Station.",F,CNR,53.74,53.74,53.74,53.74,False,2023-05-03,2023,2026-09-15,2026-08-15,2025-09-23,2.3928815879534566,N,N,,2025-09-23
1393,Gas Turbine,G,True,,withdrawn,W,NG,All other,GT,CT,False,Fairfield,SWCT,Eversource Middleriver substation 115kv,F,CNR,233.0,233.0,233.0,233.0,False,2023-05-03,2023,2026-06-01,2026-05-04,2023-09-13,0.36413415468856947,N,N,,2023-09-13
1394,Battery Storage Addition,G,True,,withdrawn,W,BAT,Storage,OT,CT,False,Middlesex,CT,POI between 10F-2T-2 and 10F-1T-1 breakers on the 345 kV bus; Northeast Utilities 11631 Substation - Middletown.,F,CNR,284.05,0.0,284.05,284.05,True,2023-05-04,2023,2026-07-01,2026-05-01,2025-10-10,2.43668720054757,N,N,,2025-10-10
1395,Battery Storage,G,True,,withdrawn,W,BAT,Storage,OT,MA,True,Hampshire,WMA,National Grid 115 kV Line 1134,F,CNR,20.0,20.0,20.0,20.0,False,2023-05-05,2023,2027-06-30,2027-06-30,2023-05-22,0.04654346338124572,N,N,,2023-10-13
1396,Battery Storage,G,True,,withdrawn,W,BAT,Storage,OT,RI,False,Providence,RI,"41.82919444, -71.52111667, Hartford 115 kV Substation",F,CNR,101.97,101.97,101.97,101.97,False,2023-05-05,2023,2026-12-31,2026-07-31,2025-10-08,2.428473648186174,N,N,,2025-10-08
1397,Battery Storage,G,True,,withdrawn,W,BAT,Storage,OT,MA,True,Worcester,CMA,"42.31815556, -71.98500556, Treasure Valley 115 kV Substation",F,CNR,100.2358,100.24,100.2358,100.2358,False,2023-05-05,2023,2026-12-31,2026-07-31,2025-10-08,2.428473648186174,N,N,,2025-10-08
1398,Battery Storage,G,True,,withdrawn,W,BAT,Storage,OT,MA,True,Worcester,CMA,A newly constructed three-breaker ring bus that will sectionalize National Grid’s Fitzwilliam to Flagg Pond 115 kV transmission line I-135 at about 7.48 miles from the East Winchendon Substation and 6.34 miles from the Flagg Pond Substation,F,CNR,101.97,101.97,101.97,101.97,False,2023-05-08,2023,2026-12-31,2026-07-31,2024-12-03,1.5742642026009583,N,N,,2024-12-04
1399,Battery Storage,G,True,,withdrawn,W,BAT,Storage,OT,MA,True,Hampden,WMA,"The proposed POI is Buck Pond 115 kV substation, share gen leadline with QP1117.",F,CNR,92.438,92.438,92.438,92.438,False,2023-05-18,2023,2027-05-31,2027-03-31,2025-10-11,2.401095140314853,N,N,,2025-10-17
1400,Battery Storage,G,True,,withdrawn,W,BAT,Storage,OT,CT,False,Hartford,CT,"41.6317, -72.7289, Berlin 115 kV Substation",F,CNR,101.97,101.97,101.97,101.97,False,2023-05-18,2023,2026-12-31,2026-07-31,2025-10-08,2.3928815879534566,N,N,,2025-10-08
1401,controllable 345 kV ETU - Brayton Point to Pottersville,ETU,False,,withdrawn,W,N/A,All other,NA,MA,True,Bristol,SEMA,N/A,F,N/A,,,,,False,2023-06-07,2023,2029-12-31,2029-06-30,2025-02-05,1.6673511293634498,N,N,,2025-02-05
1402,Battery Storage,G,True,,withdrawn,W,BAT,Storage,OT,MA,True,Hampden,WMA,"POI interconnection coordinates: 42.068458, -72.462254
Interconnecting to the 115kV open bay at the NGRID West Hampden substation (connecting to T3's current position).",F,CNR,171.6,171.6,171.6,171.6,False,2023-06-07,2023,2027-06-01,2027-05-01,2025-10-11,2.346338124572211,N,N,,2025-10-17
1403,Battery Storage,G,True,,withdrawn,W,BAT,Storage,OT,CT,False,Middlesex,CT,Scoville 345kV substation,F,CNR,304.72,304.72,304.72,304.72,False,2023-06-09,2023,2026-11-20,2026-06-12,2025-01-13,1.5989048596851472,N,N,,2025-01-13
1404,Individual @ French King,G,True,,withdrawn,W,SUN BAT,Solar + storage,OT,MA,True,Franklin,WMA,EE French King 21B,N,NA,2.2,2.2,2.2,2.2,False,2023-06-13,2023,,2024-12-01,2025-06-13,2.001368925393566,N,N,,2025-06-16
1405,EE Group @ Southwick,G,True,,withdrawn,W,SUN BAT,Solar + storage,OT,MA,True,Hampden,WMA,EE SOUTHWICK 29A,N,NA,7.0,7.0,7.0,7.0,False,2023-06-13,2023,2024-12-31,2024-12-01,2025-06-13,2.001368925393566,N,N,,2025-06-16
1406,EE Group @ Doreen,G,True,,withdrawn,W,SUN BAT,Solar + storage,OT,MA,True,Berkshire,WMA,EE Doreen 19A,N,NA,9.15,9.15,9.15,9.15,False,2023-06-13,2023,2024-12-31,2024-12-01,2025-06-13,2.001368925393566,N,N,,2025-06-16
1407,EE Group @ Blandford,G,True,,withdrawn,W,SUN BAT,Solar + storage,OT,MA,True,Hampshire,WMA,EE BLANDFORD 19J,N,NA,28.926,28.936,28.926,28.936,False,2023-06-13,2023,2024-12-31,2024-12-01,2025-06-13,2.001368925393566,N,N,,2025-06-16
1408,Individual @ Partridge,G,True,,withdrawn,W,SUN BAT,Solar + storage,OT,MA,True,Berkshire,WMA,EE Partridge 15E1,N,NA,4.0,4.0,4.0,4.0,False,2023-06-13,2023,2024-12-31,2024-12-01,2025-06-13,2.001368925393566,N,N,,2025-06-16
1409,Individual @ Montague,G,True,,withdrawn,W,BAT,Storage,OT,MA,True,Franklin,WMA,EE MONTAGUE 21C,N,NA,4.99,4.99,4.99,4.99,False,2023-06-13,2023,2024-12-31,2024-12-01,2025-06-13,2.001368925393566,N,N,,2025-06-16
1410,Individual @ Amherst,G,True,,withdrawn,W,BAT,Storage,OT,MA,True,Hampshire,WMA,EE Amherst 17K,N,NA,2.0,2.0,2.0,2.0,False,2023-06-13,2023,2024-12-31,2024-12-01,2025-06-13,2.001368925393566,N,N,,2025-06-16
1411,1200 MW controllable ETU - unidirectional,ETU,False,,withdrawn,W,N/A,All other,NA,MA,True,Middlesex,BOST,Eversource Mystic 345 kV Substation,F,N/A,1200.0,1200.0,,,False,2023-06-20,2023,2032-05-31,2031-12-31,2023-08-17,0.15879534565366188,N,N,,2023-08-17
1412,Battery Storage,G,True,TCS,active,A,BAT,Storage,OT,MA,True,Bristol,SEMA,"Direct tap into the Pottersville Substation in Somerset, MA",F,CNR,169.843,168.0,169.843,169.843,False,2023-06-20,2023,2027-09-30,2027-09-15,,3.2799452429842573,N,N,In Progress,2026-08-21
1413,Group @ Orchard,G,True,,withdrawn,W,SUN BAT,Solar + storage,OT,MA,True,Hampden,WMA,EE Orchard 27A,N,NA,4.04,4.04,4.04,4.04,False,2023-06-19,2023,2026-12-31,2026-12-31,2025-06-13,1.9849418206707734,N,N,,2025-06-16
1414,Individual @ Piper,G,True,,withdrawn,W,FC,All other,FC,MA,True,Hampden,WMA,EE  Piper 21N,N,NA,4.1,4.1,4.1,4.1,False,2023-06-19,2023,2026-12-31,2026-12-31,2025-06-13,1.9849418206707734,N,N,,2025-06-16
1415,Battery Storage,G,True,,withdrawn,W,BAT,Storage,OT,MA,True,Worcester,CMA,"POI interconnection coordinates: 42.471953, -71.734165
Interconnecting to National Grid 345kV line (line ID: 343) via line tap (approx. 8.5 mi from Wachusett Substation and 14.9 mi from Sandy Pond Substation).",F,CNR,261.9,261.9,261.9,261.9,False,2023-06-20,2023,2024-08-12,2024-07-12,2024-09-26,1.270362765229295,N,N,,2024-09-26
1416,Battery Storage,G,True,,withdrawn,W,BAT,Storage,OT,MA,True,Hampshire,WMA,Eversource 115 KV Line Number 1447,F,CNR,196.0,196.0,196.0,196.0,False,2023-06-26,2023,2027-05-19,2027-05-12,2023-08-08,0.11772758384668036,N,N,,2023-08-09
1417,Battery Storage,G,True,,withdrawn,W,BAT,Storage,OT,CT,False,Windham,CT,Eversource 115kV Killingly Substation,F,CNR,300.0,300.0,300.0,300.0,False,2023-06-26,2023,2028-06-01,2028-04-01,2024-12-11,1.462012320328542,N,N,,2024-12-11
1418,Battery Storage,G,True,,withdrawn,W,BAT,Storage,OT,RI,False,Providence,RI,"115KV Line Q143S-2 between Woonsocket and Franklin Square substations, approximately 10 miles from Woonsocket substation.",F,CNR,108.7,108.7,108.7,108.7,False,2023-06-27,2023,2027-04-01,2027-03-01,2023-11-30,0.4271047227926078,N,N,,2023-12-05
1419,Battery Storage,G,True,,withdrawn,W,BAT,Storage,OT,MA,True,Bristol,SEMA,National Grid 115KV Bates Street Substation,F,CNR,108.7,108.7,108.7,108.7,False,2023-06-28,2023,2027-04-01,2027-03-01,2024-03-06,0.6899383983572895,N,N,,2024-03-06
1420,Battery Storage,G,True,,withdrawn,W,BAT,Storage,OT,CT,False,New London,CT,"Existing Eversource 115kV structure on Line 1410, West of 39 Dock Road (41.430126, -72.103424).",F,CNR,175.097,175.097,175.097,175.097,False,2023-06-29,2023,2027-12-31,2027-09-30,2025-10-11,2.2861054072553046,N,N,,2025-10-17
1421,Battery Storage,G,True,,withdrawn,W,BAT,Storage,OT,MA,True,Bristol,SEMA,"41.987864, -71.265095
Tapping to National Grid 115kV line C181",F,CNR,175.67,175.67,175.67,175.67,False,2023-07-06,2023,2024-09-08,2024-08-08,2024-01-26,0.5585215605749486,N,N,,2024-01-26
1422,Battery Storage,G,True,,withdrawn,W,BAT,Storage,OT,CT,False,Hartford,CT,"Barbour Hill Substation 115kV direct connection ( 41.854810, -72.528106)",F,CNR,326.0,326.0,326.0,326.0,False,2023-07-07,2023,2029-02-02,2028-12-01,2025-04-25,1.8015058179329226,N,N,,2025-04-25
1423,Battery Storage,G,True,,withdrawn,W,BAT,Storage,OT,MA,True,Worcester,CMA,"The Primary Point of Interconnection will be a new 3-breaker ring bus located on the IC’s property which will connect to National Grid T-Line H160 (Northboro Rd to Hudson) at 115 KV. The approximate line-break location will be 0.26 miles from Northboro Rd substation and 7.92 miles from Hudson Substation.

The Alternative POI will be a new 3-breaker ring bus located on the IC’s property which connects to T-Line N166 (Northboro Rd to N.Marloboro) at 115 KV.",F,CNR,121.6,121.6,121.6,121.6,False,2023-07-10,2023,2026-09-01,2026-06-01,2024-09-04,1.1553730321697468,N,N,,2024-09-25
1424,Battery Storage,G,True,,withdrawn,W,BAT,Storage,OT,MA,True,Worcester,CMA,New England Power Company Westminster Switching Station (69KV Line),F,CNR,41.2,41.2,41.2,41.2,False,2023-07-10,2023,2026-09-01,2026-06-01,2023-08-15,0.09856262833675565,N,N,,2023-08-15
1425,Battery Storage,G,True,,withdrawn,W,BAT,Storage,OT,MA,True,Hampden,WMA,Western Massachusetts Electric Co South Agawam Switching Station (115 kv) via a new breaker bay,F,CNR,151.596,151.596,151.596,151.596,False,2023-07-10,2023,2026-10-01,2026-07-01,2024-09-04,1.1553730321697468,N,N,,2024-09-04
1426,Battery Storage,G,True,,withdrawn,W,BAT,Storage,OT,MA,True,Bristol,SEMA,"Primary POI is a direct tap into the Pottersville substation in Somerset, MA utilizing shared interconnection facilities with QP1412.
Secondary POI is a direct tap into the Pottersville substation.
Tertiary POI is a customer substation with a tap into the ""Bell Rock Road 118 to Pottersville Station 115 kV"" line, 1/2 mile east of the Pottersville substation.",F,CNR,528.75,528.75,528.75,529.61,False,2023-07-14,2023,2028-03-31,2028-03-15,2024-12-10,1.4099931553730323,N,N,,2024-12-10
1427,Solar,G,True,TCS,active,A,SUN,Solar,PV,ME,False,York,ME,"Lebanon, Maine Line 391 Buxton Sub (CMP) to Scobie Pond (Eversource). GPS coordinates of the POI: 43°22'51.59""N,  70°55'57.74""W.
** This new tap is located approximately 27.8 miles southwest of Buxton substation and approx. 39.9 miles northeast of the Scobie Pond substation.",F,CNR,183.3176,180.0,183.3176,183.3176,False,2023-07-21,2023,2029-12-30,2029-12-01,,3.1950718685831623,N,N,In Progress,2026-08-21
1428,Solar,G,True,TCS,withdrawn,W,SUN,Solar,PV,NH,False,Rockingham,NH,"A tap at existing 115 kV line between Eversource 115kV Scobie Pond - Pulpit Rock Line A184 115kV.  * The new tap will be located at approx. 42.9292184N, -71.2567898W and along a ~6 mile segment of Line A184 (approx. 4.9 miles northeast of Scobie Pond and approx. 1.1 miles southwest of Pulpit Rock).",F,CNR,101.549,100.0,101.549,101.549,False,2023-07-25,2023,2028-12-30,2028-12-01,2026-09-18,3.1512662559890487,N,N,In Progress,2026-09-18
1429,Wind,G,True,,withdrawn,W,WND,All other,WT,ME,False,Aroostook,BHE,CMP Orrington - Albion Road 345kV line,F,CNR,197.4,197.4,197.4,197.4,False,2023-08-08,2023,2028-10-01,2028-05-01,2025-10-11,2.1765913757700206,N,N,,2025-10-17
1430,Battery Storage,G,True,,withdrawn,W,BAT,Storage,OT,MA,True,Bristol,RI,115 kV line C181N - Circuit 1. Alternate POI :  345 kV line 327 - Circuit 1,F,CNR,237.545,237.545,237.545,237.545,False,2023-08-09,2023,2027-10-17,2027-09-16,2025-10-11,2.1738535249828885,N,N,,2025-10-17
1431,Battery Storage,G,True,,withdrawn,W,BAT,Storage,OT,CT,False,Hartford,CT,Eversource Northwest Hartford 2N,N,NA,7.0,7.0,7.0,7.0,False,2023-08-09,2023,2024-12-29,2024-12-01,2025-06-13,1.8453114305270362,N,N,,2025-06-16
1432,Battery Storage,G,True,,withdrawn,W,BAT,Storage,OT,CT,False,New London,CT,Direct tap into the 115kV Uncasville Substation,F,CNR,256.53,256.53,256.53,256.98,False,2023-08-11,2023,2028-09-30,2028-09-15,2024-08-15,1.0130047912388775,N,N,,2024-08-15
1433,Battery Storage,G,True,,withdrawn,W,BAT,Storage,OT,MA,True,Hampden,WMA,"Lat Long is 42.13610456666797, -72.27784889556564
This is the National Grid's Little Red Road - Palmer 115 kV line (W-175).  The POI is approximately 1.56 miles (23.9%) from the Palmer substation and 4.97 miles (76.1%) to the Little Rest Road substation",F,CNR,100.0,100.0,100.0,100.0,False,2023-08-15,2023,2027-12-31,2027-10-31,2024-06-19,0.8459958932238193,N,N,,2024-06-20
1434,Battery Storage,G,True,,withdrawn,W,BAT,Storage,OT,MA,True,Franklin,WMA,"Lat Long is 42.6254349775399, -72.56881378900127
The NG Harriman - Montague 115 kV line (Y-177)
Distances: 3.35 miles to Montague and 20.67 miles to Harriman",F,CNR,160.0,160.0,160.0,160.0,False,2023-08-15,2023,2027-12-31,2027-10-31,2024-06-19,0.8459958932238193,N,N,,2024-06-20
1435,Non-controllable objective ETU to enable additional 1200 MW (to QP1309) injection near Millstone sub,ETU,False,,withdrawn,W,N/A,All other,NA,CT,False,New London,CT,N/A,F,N/A,1200.0,1200.0,,,False,2023-08-21,2023,2030-12-30,2030-05-01,2024-11-12,1.2292950034223136,N,N,,2024-11-13
1436,Battery Storage,G,True,,withdrawn,W,BAT,Storage,OT,CT,False,New London,CT,Line tap of the Eversource 1235 115 kV Line approximately 1200’ from Uncasville 115kV SS,F,CNR,300.0,300.0,300.0,300.0,False,2023-08-29,2023,2028-06-01,2028-04-01,2025-10-11,2.1190965092402463,N,N,,2025-10-17
1437,Battery Storage,G,True,,withdrawn,W,BAT,Storage,OT,CT,False,New London,CT,"Montville to Gales Ferry 115kV line 1787, approximately 0.5mi north of Montville Substation",F,CNR,103.32,103.32,103.32,103.5,False,2023-08-31,2023,2029-02-01,2029-01-15,2025-09-30,2.083504449007529,N,N,,2025-09-30
1438,Solar,G,True,,withdrawn,W,SUN,Solar,PV,ME,False,York,ME,"CMP 34.5 kV, Section 182",F,CNR,15.58,15.58,15.58,15.58,False,2023-10-10,2023,2024-12-31,2024-12-15,2023-12-11,0.1697467488021903,N,N,,2023-12-12
1439,Battery Storage,G,True,,withdrawn,W,BAT,Storage,OT,MA,True,Hampshire,WMA,"The Primary Point of Interconnection will be a new 3-breaker ring bus located on the IC’s property which connects to Eversource T line 1113 (Fairmont to Tillson) at 115 KV. The break in the line will take place 4.52 miles from the Fairmont Substation and 10.55 miles from the Tillson substation. The distance from the line break to the 3-breaker ring bus located on the IC’s property will be approximately 0.22 miles. The approximate latitude/longitude coordinates of the 3-breaker ring bus is 42.249111, -72.533752.

The Alternative Point of Interconnection will be a new 3-breaker ring bus located on the IC’s property which connects to Eversource T line 1134 (Fairmont to Five Corners) at 115 KV. The break in the line will take place 4.52 miles from the Fairmont Substation and 0.11 miles from the Five Corners Substation. The distance from the line break to the 3-breaker ring bus located on the IC’s property will be approximately 0.22 miles. The approximate latitude/longitude coordinates of the 3-breaker ring bus is 42.249111, -72.533752.",F,CNR,151.306,151.306,151.306,151.306,False,2023-09-18,2023,2027-05-31,2027-03-26,2024-10-29,1.1143052703627652,N,N,,2024-10-29
1440,Battery Storage,G,True,,withdrawn,W,BAT,Storage,OT,MA,True,Hampden,WMA,"The Primary Point of Interconnection will be a new 3-breaker ring bus located on the IC’s property connecting to Eversource T line 1314 (Agawam to Chicopee) at 115 KV. The POI substation would be 3.39 miles from the Chicopee Substation and 3.66 miles from the Agawam substation. The electric line placement percentage from the Chicopee substation is 48%.
Alternative POI: The Alternative Point of Interconnection will be a new 3-breaker ring bus located on the IC’s property connecting to T line 1904 (Piper to Memorial Drive) at 115 KV",F,CNR,151.556,151.556,151.556,151.556,False,2023-09-18,2023,2027-05-31,2027-03-26,2025-04-09,1.5578370978781657,N,N,,2025-04-10
1441,Battery Storage,G,True,,withdrawn,W,BAT,Storage,OT,MA,True,Hampden,WMA,Eversource Southwick Substation (115 KV),F,CNR,103.0,103.0,103.0,103.0,False,2023-09-18,2023,2027-05-31,2027-03-26,2023-11-02,0.12320328542094455,N,N,,2023-11-02
1442,Battery Storage,G,True,,withdrawn,W,BAT,Storage,OT,MA,True,Bristol,SEMA,"Primary: Eversource 115 kV Cross Road Line 111, alternate: line 109",F,CNR,151.576,151.576,151.576,151.576,False,2023-09-18,2023,2027-05-31,2027-03-31,2024-09-04,0.9637234770704997,N,N,,2024-09-04
1443,Battery Storage,G,True,,withdrawn,W,BAT,Storage,OT,NH,False,Rockingham,NH,Project will interconnect will be a shared facility at QP-1428's POI - via tap at existing 115 kV line between Eversource 115kV Scobie Pond - Pulpit Rock Line A184 115kV.,F,CNR,202.6914,200.0,202.6914,202.6914,False,2023-09-20,2023,2026-12-30,2026-12-01,2023-11-20,0.16700889801505817,N,N,,2023-11-20
1444,Battery Storage,G,True,,withdrawn,W,BAT,Storage,OT,MA,True,Norfolk,SEMA,National Grid’s 115kV South Wrentham substation,F,NR,250.0,250.0,250.0,250.0,False,2023-09-21,2023,2027-09-15,2027-07-15,2023-11-06,0.12594113620807665,N,N,,2023-11-06
1445,Solar,G,True,,withdrawn,W,SUN,Solar,PV,ME,False,Somerset,ME,The CMP 115 kV Chase Pond substation being built on Section 222.,F,CNR,51.5,51.5,51.5,51.5,False,2023-09-21,2023,2027-12-15,2027-10-15,2023-12-15,0.2327173169062286,N,N,,2023-12-15
1446,Raymond 115 kV SS - Raymond Area DG Study,G,True,,withdrawn,W,SUN,Solar,PV,ME,False,Cumberland,ME,CMP Raymond 115 kV Substation,N,NA,9.949,9.949,9.949,9.949,False,2023-09-29,2023,2025-06-20,2024-09-01,2025-06-13,1.7056810403832992,Y,Y,,2025-06-16
1447,Leeds 115 kV SS - Sturtevant-Leeds-Livermore-Ludden-Riley Area DG Study,G,True,,withdrawn,W,SUN,Solar,PV,ME,False,Androscoggin,ME,CMP Leeds 115 kV Substation,N,NA,4.999,4.999,4.999,4.999,False,2023-09-29,2023,2024-09-01,2024-09-01,2025-06-13,1.7056810403832992,N,Y,,2025-06-16
1448,Ludden Lane 115 kV SS - Sturtevant-Leeds-Livermore-Ludden-Riley Area DG Study,G,True,,withdrawn,W,SUN,Solar,PV,ME,False,Oxford,ME,CMP Ludden Lane 115 kV Substation,N,NA,1.999,1.999,1.999,1.999,False,2023-09-29,2023,2024-06-01,2024-06-01,2025-06-13,1.7056810403832992,N,Y,,2025-06-16
1449,Sturtevant 115 kV SS - Sturtevant-Leeds-Livermore-Ludden-Riley Area Study,G,True,,withdrawn,W,SUN,Solar,PV,ME,False,Franklin,ME,CMP Sturtevant 115 kV Substation,N,NA,4.99,4.99,4.99,4.99,False,2023-09-29,2023,2024-12-30,2024-06-01,2025-06-13,1.7056810403832992,N,Y,,2025-06-16
1450,Woodstock 115 kV SS - Roxbury-Rumford-Woodstock Area DG Study,G,True,,withdrawn,W,SUN,Solar,PV,ME,False,Oxford,ME,CMP Woodstock 115 kV Substation,N,NA,1.623,1.623,1.623,1.623,False,2023-09-29,2023,2024-12-15,2024-12-15,2025-01-07,1.2758384668035592,N,Y,,2025-01-08
1451,Offshore wind,G,True,,withdrawn,W,WND,All other,WT,MA,True,NA,SEMA,"Primary: Pottersville 115kV Substation, Secondary: Bridgewater 345kV Substation",F,CNR,1309.0,1309.0,1309.0,1309.0,False,2023-10-05,2023,2030-09-27,2029-12-27,2024-07-30,0.8186173853524983,N,N,,2024-07-30
1452,Battery Storage,G,True,,withdrawn,W,BAT,Storage,OT,MA,True,Worcester,CMA,"The Primary Point of Interconnection will be a new 3-breaker-ring bus located on the IC’s property (Lat, long: 42.322909, -71.984654) which connects to T line A127-4 at 115 KV (Barre Substation to Paxton Substation). The POI distance following the T Line is approximately 7.66 miles from the Barre Substation and approximately 3.04 miles from the Paxton Substation.
The Alternative Point of Interconnection will be a new 3-breaker ring bus located on the IC’s property (Lat, long: 42.322909, -71.984654) which connects to T line B128-5 at 115 KV (Treasure Valley Substation to Barre Substation). The POI distance following the T Line is approximately 0.2 miles from the Treasure Valley Substation and 7.66 miles from the Barre Substation.",F,CNR,151.286,151.286,151.286,151.286,False,2023-10-05,2023,2027-05-28,2027-03-26,2024-08-08,0.8432580424366872,N,N,,2024-08-12
1453,Coopers Mills 115 kV SS - Midcoast Area DG Study,G,True,,withdrawn,W,SUN,Solar,PV,ME,False,Lincoln,ME,CMP Coopers Mills 115 kV Substation,N,NA,2.88,2.88,2.88,2.88,False,2023-10-02,2023,2024-12-31,2024-12-31,2025-01-07,1.267624914442163,N,Y,,2025-01-08
1454,Newcastle 115 kV SS - Midcoast Area DG Study,G,True,,withdrawn,W,SUN,Solar,PV,ME,False,Cumberland/Kennedbec/Sagadahoc/Lincoln,ME,CMP Newcastle 115 kV Substation,N,NA,11.65,11.65,11.65,11.65,False,2023-10-02,2023,2024-12-31,2024-12-31,2025-06-13,1.6974674880219027,Y,Y,,2025-06-16
1455,Highland/Park St 115 kV SS - Midcoast Area DG Study,G,True,,withdrawn,W,SUN,Solar,PV,ME,False,Knox,ME,CMP Highland/Park St 115 kV Substation,N,NA,2.0,2.0,2.0,2.0,False,2023-10-02,2023,2024-12-31,2024-12-31,2025-01-07,1.267624914442163,Y,Y,,2025-01-08
1456,Topsham 115 kV SS - Midcoast Area DG Study,G,True,,withdrawn,W,SUN,Solar,PV,ME,False,Waldo/Sagadahoc,ME,CMP Topsham 115 kV Substation,N,NA,1.98,1.98,1.98,1.98,False,2023-10-02,2023,2024-12-31,2024-12-31,2025-06-13,1.6974674880219027,Y,Y,,2025-06-16
1457,Mason 115 kV SS - Midcoast Area DG Study,G,True,,withdrawn,W,SUN,Solar,PV,ME,False,Lincoln,ME,CMP Mason 115 kV Substation,N,NA,3.94,3.94,3.94,3.94,False,2023-10-02,2023,2024-12-31,2024-12-31,2025-06-13,1.6974674880219027,Y,Y,,2025-06-16
1458,Lincolnville 115 kV SS - Midcoast Area DG Study,G,True,,withdrawn,W,SUN,Solar,PV,ME,False,Lincoln,ME,CMP - Lincolnville 115 kV Substation,N,NA,4.95,4.95,4.95,4.95,False,2023-10-02,2023,2024-12-31,2024-12-31,2025-01-07,1.267624914442163,Y,Y,,2025-01-08
1459,Bath 115 kV SS - Midcoast Area DG Study,G,True,,withdrawn,W,SUN,Solar,PV,ME,False,Lincoln,ME,CMP Bath 115 kV Substation,N,NA,3.43,3.43,3.43,3.43,False,2023-10-02,2023,2024-12-31,2024-12-31,2025-01-07,1.267624914442163,Y,Y,,2025-01-08
1460,Battery Storage,G,True,TCS,withdrawn,W,BAT,Storage,OT,MA,True,Bristol,RI,Customer built substation with a tap into the west-most 345kV line exiting the NG 345kV Brayton Point substation,F,CNR,353.535,350.0,353.535,353.535,False,2023-10-12,2023,2027-09-30,2027-09-15,2026-02-27,2.379192334017796,N,N,,2026-02-27
1461,Battery Addition,G,True,,withdrawn,W,KER BAT,All other,OT,NH,False,Rockingham,NH,"400 Gosling Road, Portsmouth, New Hampshire. The project will interconnect to the 115kV Bus 1 & 2 at Schiller Substation, directly adjacent to the project’s proposed location on the former coal storage space directly to the southeast of Schiller Substation.",F,CNR,165.38,1.498,165.38,169.25,False,2023-10-18,2023,2028-09-01,2028-08-01,2025-10-11,1.9822039698836413,N,N,,2025-10-17
1462,Battery Storage,G,True,,withdrawn,W,BAT,Storage,OT,MA,True,Norfolk,SEMA,"Tap on Belmont 115 kV - Stoughton Tap 115 kV Line with three breaker ring bus scheme. POI is located at the 1.75 miles from Stoughton 115kV substation and the 2.8 miles from Belmont Substation. Latitude: 42.09564, Longitude: -71.08200",F,CNR,115.0,115.0,115.0,115.0,False,2023-11-27,2023,2029-12-20,2029-11-25,2024-02-20,0.2327173169062286,N,N,,2024-02-20
1463,EE Valley DG Group Study,G,True,,withdrawn,W,SUN,Solar,PV,MA,True,Plymouth,SEMA,EE Valley 715 substation,N,NA,8.0,8.0,8.0,8.0,False,2023-11-22,2023,2026-12-31,2026-12-31,2025-06-13,1.5578370978781657,N,N,,2025-06-16
1464,Wind Repower,G,True,,withdrawn,W,WND,All other,WT,VT,False,Caledonia,VT,"VELCO, 115kV, Sheffield Substation 44.663509, -72.123160",F,CNR,35.2,0.0,35.2,35.2,True,2023-12-05,2023,2026-12-31,2026-11-16,2025-10-11,1.8507871321013005,N,N,,2025-10-17
1465,Augusta E/Puddledock/Bowman St 115 kV SS - Midcoast Area DG Study,G,True,,withdrawn,W,SUN BAT,Solar + storage,OT,ME,False,Kennebec,ME,CMP Augusta E/Puddledock/Bowman St 115 kV substation,N,NA,18.61,18.61,18.61,18.61,False,2023-12-05,2023,2024-12-31,2024-12-31,2025-06-13,1.5222450376454484,Y,Y,,2025-06-16
1466,Winslow-County Rd Lakewood 115 kV SS - Winslow-County Rd-Lakewood 2 DG Study,G,True,,withdrawn,W,SUN,Solar,PV,ME,False,Kennebec/Somerset,ME,CMP Winslow-County Rd  Lakewood 115 kV substation,N,NA,20.97,20.97,20.97,20.97,False,2023-12-05,2023,2024-12-31,2024-12-31,2025-06-13,1.5222450376454484,Y,Y,,2025-06-16
1467,Battery Storage,G,True,,withdrawn,W,BAT,Storage,OT,MA,True,Worcester,CMA,National Grid 69KV Meadow Street 552 Substation,F,CNR,69.4,69.4,69.4,69.4,False,2023-12-12,2023,2026-10-31,2026-09-30,2025-10-06,1.8179329226557153,N,N,,2025-10-06
1468,Battery Storage,G,True,,withdrawn,W,BAT,Storage,OT,MA,True,Plymouth,SEMA,"The Primary Point of Interconnection will be located on the IC’s property (Lat, long:  41°58'7.22""N, 71° 1'18.59""W) by tapping the 115-kV Line U6-4 (Bridgewater-Raynham) at approx. 7,87 Km from Bridgewater Substation. The Alternative Point of Interconnection will be a direct interconnection to the 115-kV bus at Bridgewater Substation owned by MA_NGRID.",F,CNR,76.0,76.0,76.0,76.0,False,2023-12-12,2023,2027-01-31,2026-11-30,2024-01-26,0.12320328542094455,N,N,,2024-01-26
1469,Battery Storage,G,True,,withdrawn,W,BAT,Storage,OT,MA,True,Worcester,CMA,"The Primary Point of Interconnection will be located on the IC’s property (Lat, long: 42°21'44.53""N, 72° 2'22.57""W) by tapping the 115-kV Line A127-4 (Barre-Paxton) at approx. 6km from Barre Substation owned by MA_NGRID.",F,CNR,190.0,190.0,190.0,190.0,False,2023-12-12,2023,2027-01-31,2026-11-30,2024-02-15,0.17796030116358658,N,N,,2024-02-15
1470,Battery Storage,G,True,,withdrawn,W,BAT,Storage,OT,CT,False,Hartford,CT,"The Primary Point of Interconnection will be located on the IC’s property (Lat, long: 41°49'19.50""N, 72°43'23.49""W) by tapping the 115-kV Line 1751 (Bloomfield_J-NW.Hartford) at approx. 0.98 km from Bloomfield Substation owned by CT_CL&P. The Alternative Point of Interconnection will be a direct interconnection to the 115-kV bus at Bloomfield Substation owned by CT_CL&P.",F,CNR,237.6,237.6,237.6,237.6,False,2023-12-12,2023,2027-01-31,2026-11-30,2024-02-01,0.13963039014373715,N,N,,2024-02-01
1471,Battery Storage,G,True,,withdrawn,W,BAT,Storage,OT,CT,False,New Haven,CT,"The Primary Point of Interconnection will be located on the IC’s property (Lat, long:  41°28'9.40""N, 73° 7'52.44""W) by tapping the 115-kV Line 1619 (Towantic-Stevenson) at approx. 1.8 Km from Towantic Substation. The Alternative Point of Interconnection will be a direct interconnection to the 115-kV bus at Oxford Substation owned by CT_CL&P.",F,CNR,134.7,134.7,134.7,134.7,False,2023-12-12,2023,2027-01-31,2026-11-30,2024-02-01,0.13963039014373715,N,N,,2024-02-01
1472,Battery Storage,G,True,,withdrawn,W,BAT,Storage,OT,RI,False,Providence,RI,"The Primary Point of Interconnection will be a direct interconnection to the 115-kV bus at Highland Park Substation owned by RI_NGRID. The Alternative Point of Interconnection will be located on the IC’s property (Lat, long:    41°59'46.60""N, 71°28'16.01""W) by tapping the 115-kV Line J16 (Riverside-Highland Park) at approx. 0.27 km from Highland Park Substation.",F,CNR,108.0,108.0,108.0,108.0,False,2023-12-12,2023,2027-01-31,2026-11-30,2024-01-09,0.07665982203969883,N,N,,2024-01-26
1473,Battery Storage,G,True,,withdrawn,W,BAT,Storage,OT,MA,True,Hampden,WMA,MA_WMECO Blandford 115kV substation,F,CNR,202.07,202.07,202.07,202.07,False,2023-12-14,2023,2028-04-04,2028-02-23,2024-01-22,0.10677618069815195,N,N,,2024-01-26
1474,NG NEMA Group DER Study,G,True,,withdrawn,W,BAT,Storage,OT,MA,True,Essex,BOST,NG King St T3,N,NA,9.982,9.982,9.982,9.982,False,2023-12-18,2023,2025-12-31,2025-12-31,2025-06-13,1.486652977412731,N,N,,2025-06-16
1475,NG NEMA Group DER Study,G,True,,withdrawn,W,SUN BAT,Solar + storage,OT,MA,True,Essex,BOST,NG Newbury 60-4T,N,NA,4.998,4.998,4.998,4.998,False,2023-12-18,2023,2025-12-31,2025-12-31,2025-06-13,1.486652977412731,N,N,,2025-06-16
1476,NG NEMA Group DER Study,G,True,,withdrawn,W,BAT,Storage,OT,MA,True,Middlesex,BOST,NG East Tewksbury T1,N,NA,5.0,5.0,5.0,5.0,False,2023-12-18,2023,2025-12-31,2025-12-31,2025-06-13,1.486652977412731,N,N,,2025-06-16
1477,NG DG @ Sykes Road,G,True,,withdrawn,W,BAT,Storage,OT,MA,True,Bristol,SEMA,NG Sykes Rd 282TR (M13N),N,NA,9.998,9.998,9.998,9.998,False,2023-12-19,2023,2025-12-31,2025-12-31,2025-06-13,1.483915126625599,N,N,,2025-06-16
1478,Battery Storage,G,True,,withdrawn,W,BAT,Storage,OT,MA,True,Hampden,WMA,A new 115kV POI Station tie-in to the Pleasant-Blandford Line adjacent to the existing Eversource Blanford Substation,F,CNR,50.0,50.0,50.0,50.0,False,2023-12-28,2023,2028-05-25,2028-02-24,2025-10-10,1.78507871321013,N,N,,2025-10-10
1479,CMP West Buxton 115 kV SS - Louden-Biddeford Area DG Study,G,True,,withdrawn,W,SUN,Solar,PV,ME,False,York,ME,CMP West Buxton 115 kV Substation,N,NA,4.5,4.5,4.5,4.5,False,2023-12-29,2023,2024-12-31,2024-12-31,2025-01-07,1.0266940451745379,Y,Y,,2025-01-08
1480,CMP Biddeford IP 115 kV SS - Louden-Biddeford Area DG Study,G,True,,withdrawn,W,SUN,Solar,PV,ME,False,York,ME,CMP Biddeford IP 115 kV Substation,N,NA,4.95,4.95,4.95,4.95,False,2023-12-29,2023,2024-12-31,2024-12-31,2025-06-13,1.4565366187542779,Y,Y,,2025-06-16
1481,CMP Vallee Lane 115 kV SS - Louden-Biddeford Area DG Study,G,True,,withdrawn,W,SUN,Solar,PV,ME,False,Cumberland,ME,CMP Vallee Lane 115 kV Substation,N,NA,1.99,1.99,1.99,1.99,False,2023-12-29,2023,2024-12-31,2024-12-31,2025-06-13,1.4565366187542779,Y,Y,,2025-06-16
1482,CMP Spring St 115 kV SS - Greater Portland Area DG Study,G,True,,withdrawn,W,SUN,Solar,PV,ME,False,Cumberland,ME,CMP Spring St 115 kV Substation,N,NA,4.98,4.98,4.98,4.98,False,2023-12-29,2023,2024-12-31,2024-12-31,2025-06-13,1.4565366187542779,Y,Y,,2025-06-16
1483,CMP Elm St 115 kV SS - Greater Portland Area DG Study,G,True,,withdrawn,W,SUN,Solar,PV,ME,False,Cumberland,ME,CMP Elm St 115 kV Substation,N,NA,4.97,4.97,4.97,4.97,False,2023-12-29,2023,2024-12-31,2024-12-31,2025-06-13,1.4565366187542779,Y,Y,,2025-06-16
1484,CMP Moshers/Prides Corner 115 kV SS - Greater Portland Area DG Study,G,True,,withdrawn,W,SUN WAT,All other,OT,ME,False,Cumberland,ME,CMP Moshers/Prides Corner 115 kV Substation,N,NA,3.99,3.99,3.99,3.99,False,2023-12-29,2023,2024-12-31,2024-12-31,2025-06-13,1.4565366187542779,Y,Y,,2025-06-16
1485,Offshore Wind CNR,G,True,,withdrawn,W,WND,All other,WT,CT,False,NA,CT,Eversource (CL&P) 345kV Montville Substation,F,CNR,1200.0,0.0,1200.0,1200.0,True,2024-01-02,2024,2031-05-31,2031-01-31,2024-08-07,0.5968514715947981,N,N,,2024-08-07
1486,Battery Storage,G,True,,withdrawn,W,BAT,Storage,OT,CT,False,New Haven,SWCT,Bunker Hill 115kV substation,F,CNR,300.0,300.0,300.0,300.0,False,2024-01-02,2024,2027-06-30,2027-04-30,2025-01-24,1.0622861054072552,N,N,,2025-01-24
1487,EE CT DG Group Study,G,True,,withdrawn,W,SUN,Solar,PV,CT,False,New Haven,CT,EE Oxford 26N,N,NA,5.0,5.0,5.0,5.0,False,2024-01-09,2024,2024-12-31,2024-12-31,2025-06-13,1.4264202600958247,N,N,,2025-06-16
1488,Offshore Wind,G,True,,withdrawn,W,WND,All other,WT,CT,False,NA,CT,"Intersection of 345 kV transmission lines 364, 371, 383, 310, and 348",F,CNR,1275.0,1275.0,1275.0,1275.0,False,2024-01-11,2024,2031-09-01,2031-03-01,2025-10-09,1.7440109514031485,N,N,,2025-10-21
1489,EE Mansfield Center DG Cluster,G,True,,withdrawn,W,SUN BAT,Solar + storage,OT,CT,False,Tolland,CT,EE Mansfield 12J,N,NA,10.799,10.799,10.799,10.799,False,2024-01-17,2024,2025-07-27,2024-12-29,2025-06-13,1.404517453798768,N,N,,2025-06-16
1490,EE Mansfield Center DG Cluster,G,True,,withdrawn,W,SUN,Solar,PV,CT,False,Tolland,CT,EE Card St 11F,N,NA,19.975,19.975,19.975,19.975,False,2024-01-17,2024,2024-12-31,2024-06-30,2025-06-13,1.404517453798768,N,N,,2025-06-16
1491,Canton 470 110A - 2023 EE GB ASO,G,True,,withdrawn,W,BAT,Storage,OT,MA,True,Norfolk,SEMA,Eversource Canton 470 110A,N,NA,4.99,4.99,4.99,4.99,False,2024-01-26,2024,2026-12-31,2026-12-31,2025-06-13,1.379876796714579,N,N,,2025-06-16
1492,Medway 65 110A - 2023 EE GB ASO,G,True,,withdrawn,W,BAT,Storage,OT,MA,True,Middlesex,SEMA,Eversource Medway 65 110A,N,NA,4.948,4.948,4.948,4.948,False,2024-01-26,2024,2026-12-31,2026-12-31,2025-06-13,1.379876796714579,N,N,,2025-06-16
1493,Medway 65 110B - 2023 EE GB ASO,G,True,,withdrawn,W,SUN BAT,Solar + storage,OT,MA,True,Middlesex,SEMA,Eversource Medway 65 110B,N,NA,3.9,3.9,3.9,3.9,False,2024-01-26,2024,2026-12-31,2026-12-31,2025-06-13,1.379876796714579,N,N,,2025-06-16
1494,Walpole 146 110A - 2023 EE GB ASO,G,True,,withdrawn,W,SUN BAT,Solar + storage,OT,MA,True,Norfolk,SEMA,Eversource Walpole 146 110A,N,NA,4.99,4.99,4.99,4.99,False,2024-01-26,2024,2026-12-31,2026-12-31,2025-06-13,1.379876796714579,N,N,,2025-06-16
1495,Battery Storage,G,True,TCS,withdrawn,W,BAT,Storage,OT,VT,False,Windsor,VT,"Direct connection to VELCO 115kV Windsor substation (43.48988, -72.40858)",F,CNR,19.3,19.3,19.3,19.3,False,2024-02-22,2024,2029-07-01,2029-06-01,2026-09-16,2.565366187542779,N,N,In Progress,2026-09-16
1496,Battery Storage addition(QP1192),G,True,,withdrawn,W,SUN BAT,Solar + storage,OT,CT,False,Hartford,CT,"To interconnect at the POI of Broadleaf Storage, via a shared facility. It is connected as a tap at existing 345 kV line between N. Bloomfield to Agawam Line.
POI is approximately 3.6 mi north of N. Bloomfield and 11.5 mi south of Agawam.",F,CNR,202.2316,101.1158,202.2316,202.2316,False,2024-02-07,2024,2027-12-15,2027-10-15,2025-10-11,1.675564681724846,N,N,,2025-10-17
1497,Solar,G,True,,withdrawn,W,SUN,Solar,PV,ME,False,Penobscot,BHE,Tap on Enfield ME – Passadumkeag 115kV line,F,CNR,68.0,68.0,68.0,68.0,False,2024-02-07,2024,2028-07-15,2028-04-15,2024-05-14,0.2655715263518138,N,N,,2024-05-14
1498,Battery Storage,G,True,,withdrawn,W,BAT,Storage,OT,CT,False,Fairfield,SWCT,"Direct tap into the Pequonnock 115kV substation in Bridgeport, CT",F,CNR,109.52,109.52,109.52,110.87,False,2024-02-08,2024,2027-12-31,2027-12-15,2025-08-21,1.5331964407939767,N,N,,2025-08-21
1499,Battery Storage,G,True,,withdrawn,W,BAT,Storage,OT,MA,True,Hampden,WMA,Palmer 503 Substation new 115 kV line,F,CNR,115.6,115.6,115.6,115.6,False,2024-02-13,2024,2026-10-31,2026-09-30,2025-06-12,1.3278576317590691,N,N,,2025-06-12
1500,Offshore Wind CNR only,G,True,,withdrawn,W,WND,All other,WT,MA,True,NA,RI,National Grid Brayton Point 345kV Substation,F,CNR,1249.5,0.0,1249.5,1249.5,True,2024-02-20,2024,2033-11-04,2033-03-27,2025-10-11,1.6399726214921286,N,N,,2025-10-17
1501,Battery Storage,G,True,,withdrawn,W,BAT,Storage,OT,CT,False,New London,CT,"Primary POI: 115kV line 1080 (41.5515028, -72.1253556) , Alternate POI: 115kV line 1000 (41.551478, -72.125294)",F,CNR,167.1,167.1,167.1,167.1,False,2024-02-29,2024,2028-04-01,2028-03-20,2024-12-11,0.783025325119781,N,N,,2025-06-18
1502,Battery Storage,G,True,TCS,withdrawn,W,BAT,Storage,OT,VT,False,Franklin,VT,"Direct connection to VELCO 115kV Highgate substation (44.943833, -73.058515)",F,CNR,19.3,19.3,19.3,19.3,False,2024-03-28,2024,2029-07-01,2029-06-01,2026-09-16,2.4695414099931554,N,N,In Progress,2026-09-16
1503,EE Lost Nation Group DG Study,G,True,,withdrawn,W,SUN,Solar,PV,NH,False,Coos,NH,EE Lost Nation substation,N,NA,9.98,9.98,9.98,9.98,False,2024-03-13,2024,2025-12-31,2025-12-01,2024-03-20,0.019164955509924708,N,N,,2024-03-20
1504,Solar,G,True,,withdrawn,W,SUN,Solar,PV,NH,False,Belknap,NH,EE Laconia substation,N,NA,10.0,10.0,10.0,10.0,False,2024-03-13,2024,2025-12-31,2025-12-01,2024-03-20,0.019164955509924708,N,N,,2024-03-20
1505,Offshore Wind,G,True,,withdrawn,W,WND,All other,WT,CT,False,NA,CT,Eversource 345kV Montville Substation,F,CNR,1275.0,1275.0,1275.0,1275.0,False,2024-03-14,2024,2031-09-01,2031-03-01,2025-10-09,1.571526351813826,N,N,,2025-10-21
1506,Battery Storage,G,True,,withdrawn,W,BAT,Storage,OT,MA,True,Middlesex,BOST,The proposed POI is tapping Eversource’s 115kV transmission line from Hudson to Sudbury.,F,NR,152.656,152.656,152.656,152.656,False,2024-03-22,2024,2028-06-01,2028-05-01,2024-04-18,0.07392197125256673,N,N,,2024-04-18
1507,Solar Increase,G,True,,withdrawn,W,SUN,Solar,PV,CT,False,Hartford,CT,"To interconnect at the POI of Gravel Pit Solar as an increase to (QP1030 + QP 1247 + QP 1357), the POI is the new Gravel Pit Solar substation at the new three-breaker ring bus on the 115 kV Connecticut Light & Power Company 1200 line between Barbour Hill and Windsor Locks.",F,CNR,177.4113,25.0,177.4113,177.4113,False,2024-03-27,2024,2028-12-15,2028-10-15,2025-10-11,1.541409993155373,N,N,,2025-10-17
1508,Battery Storage,G,True,,withdrawn,W,BAT,Storage,OT,CT,False,Hartford,CT,"Primary POI: 345kV Line, Agawam to North Bloomfield Line, POI: 42.031254, -72.698516
Alternative POI: 115kV Line, Tap156253 to North Bloomfield, POI: 42.031274, -72.698830",F,CNR,167.1,167.1,167.1,167.1,False,2024-04-01,2024,2028-04-01,2028-03-20,2024-09-26,0.487337440109514,N,N,,2024-09-26
1509,Battery Storage,G,True,,withdrawn,W,BAT,Storage,OT,MA,True,Worcester,CMA,"3-breaker ring bus tapping the W175 line. ESA sub located approximately 0.23 miles from West Charlton 115 kV substation at current coordinates 42° 8'10.02""N 72° 1'30.37""W",F,CNR,152.7552,152.7552,152.7552,152.7552,False,2024-04-03,2024,2027-12-31,2027-12-31,2025-10-07,1.51129363449692,N,N,,2025-10-07
1510,Battery Storage,G,True,,withdrawn,W,BAT,Storage,OT,MA,True,Wocester,CMA,"Carpenter Hill substation, 115 kV bus, National Grid at open bay",F,CNR,152.7552,152.7552,152.7552,152.7552,False,2024-04-03,2024,2027-12-31,2027-12-31,2025-10-07,1.51129363449692,N,N,,2025-10-07
1511,Battery Storage,G,True,,withdrawn,W,BAT,Storage,OT,MA,True,Hampden,WMA,Western Massachusetts Electric Company (Eversource Energy) 345kV Ludlow,F,CNR,250.8939,250.8939,250.8939,250.8939,False,2024-04-08,2024,2027-12-31,2027-08-01,2024-05-14,0.09856262833675565,N,N,,2024-05-15
1512,Battery Storage + Solar,G,True,,withdrawn,W,SUN BAT,Solar + storage,OT,MA,True,Franklin,WMA,"New England Power Co, 115 kV, 2.25 miles from E131 TAP 113010 and 3.29 miles from HARRIMAN 113146) (115 kV)",F,CNR,100.4637,100.4637,100.4637,100.4637,False,2024-04-08,2024,2027-12-31,2027-08-31,2024-05-29,0.13963039014373715,N,N,,2024-05-29
1513,Battery Storage,G,True,TCS,withdrawn,W,BAT,Storage,OT,MA,True,Worcester,CMA,Bear Swamp- Pratts Junction 230kV,F,CNR,318.268,300.0,318.268,318.268,False,2024-04-08,2024,2028-08-30,2028-05-31,2026-08-14,2.349075975359343,N,N,,2026-08-14
1514,Battery Storage,G,True,,withdrawn,W,BAT,Storage,OT,MA,True,Worcester,CMA,National Grid Barre Tap-Wendell Depot Tap 115kV,F,CNR,408.1,408.1,408.1,408.1,False,2024-04-08,2024,2028-08-30,2028-05-31,2025-10-11,1.5085557837097878,N,N,,2025-10-17
1515,Battery Storage,G,True,TCS,active,A,BAT,Storage,OT,MA,True,Berkshire,WMA,Alps-Berkshire 345kV line,F,CNR,295.8,290.0,295.8,295.8,False,2024-04-09,2024,2028-08-30,2028-05-31,,2.4750171115674195,N,N,In Progress,2026-08-21
1516,Battery Storage,G,True,,withdrawn,W,BAT,Storage,OT,VT,False,Windsor,VT,Vermont Electric Power Company (VELCO) Ascutney 115 kV Substation,F,CNR,114.7,114.7,114.7,114.7,False,2024-04-09,2024,2028-08-30,2028-05-31,2025-10-11,1.5058179329226558,N,N,,2025-10-17
1517,Battery Storage,G,True,,withdrawn,W,BAT,Storage,OT,MA,True,Franklin,WMA,National Grid 69kV Line E-5D Deerfeild-Shutesbury,F,CNR,365.8,365.8,365.8,365.8,False,2024-04-09,2024,2028-08-30,2028-05-31,2025-10-11,1.5058179329226558,N,N,,2025-10-17
1518,Battery Storage,G,True,TCS,active,A,BAT,Storage,OT,MA,True,Berkshire,WMA,"Eversource, New Substation to be built at 42.488290, -73.219503",F,CNR,139.5,136.0,139.5,139.5,False,2024-04-09,2024,2028-08-30,2028-05-31,,2.4750171115674195,N,N,In Progress,2026-08-21
1519,Offshore Wind,G,True,,withdrawn,W,WND,All other,WT,RI,False,NA,RI,Kent County 345kV,F,CNR,1200.0,1200.0,1200.0,1200.0,False,2024-04-12,2024,2031-04-10,2030-07-01,2025-06-02,1.1389459274469542,N,N,,2025-06-02
1520,Battery Storage,G,True,,withdrawn,W,BAT,Storage,OT,CT,False,New Haven,CT,"Primary POI: Eversource Owned 115kV Line # 1142
Alternate POI 1: 115kV Express Feeder to Oxford 26N Substation
Alternate POI 2: Eversource Owned 115kV Line # 1403",F,CNR,125.0,125.0,125.0,125.0,False,2024-04-16,2024,2028-05-01,2028-03-01,2025-09-03,1.3826146475017111,N,N,,2025-09-03
1521,Solar CNR only,G,True,,withdrawn,W,SUN,Solar,PV,VT,False,Addison,VT,Vergennes 115 kV Substation,F,CNR,50.0,0.0,50.0,50.0,True,2024-04-22,2024,2026-05-31,2026-05-01,2025-10-11,1.4702258726899384,N,N,,2025-10-17
1522,Battery Storage,G,True,,withdrawn,W,BAT,Storage,OT,MA,True,Bristol,RI,"Primary POI will be National Grid Line C-181 (Brayton Point to Reynolds Ave, 115 kV). Primary POI is 10.6 miles from Brayton Point and 1.9 miles from Reynolds Ave. 
POI Coords: 41.856375, -71.193471",F,CNR,125.5,150.0,125.5,125.5,False,2024-04-25,2024,2028-05-01,2028-04-15,2024-08-16,0.30937713894592744,N,N,,2024-08-16
1523,Battery Storage,G,True,,withdrawn,W,BAT,Storage,OT,MA,True,Norfolk,RI,National Grid’s 115kV South Wrentham substation,F,CNR,253.816,253.816,253.816,253.816,False,2024-05-06,2024,2029-06-01,2029-04-01,2025-10-11,1.431895961670089,N,N,,2025-10-17
1524,Battery Storage,G,True,,withdrawn,W,BAT,Storage,OT,CT,False,Hartford,CT,"The Primary Point of Interconnection will be located on the IC’s property (Lat, long: 41°49'19.50""N, 72°43'23.49""W) by tapping the 115-kV Line 1751-2 (Bloomfield Tap to NW. Hartford). This is approximately 3.0 miles along the line from NW. Hartford Substation. The Alternative Point of Interconnection will be a direct interconnection to the 115-kV bus at Bloomfield Substation owned by CT_CL&P.",F,CNR,235.008,237.6,235.008,235.008,False,2024-05-06,2024,2027-01-31,2026-11-30,2025-10-10,1.429158110882957,N,N,,2025-10-10
1525,Battery Storage,G,True,,withdrawn,W,BAT,Storage,OT,CT,False,New Haven,CT,"The Primary Point of Interconnection will be located on the IC’s property (Lat, long:  41°28'9.40""N, 73° 7'52.44""W) by tapping the 115-kV Line 1619 (Towantic-Stevenson) at approx. 1.8 Km from Towantic Substation. The Alternative Point of Interconnection will be a direct interconnection to the 115-kV bus at Oxford Substation owned by CT_CL&P.",F,CNR,134.7,134.7,134.7,134.7,False,2024-05-06,2024,2027-01-31,2026-11-30,2024-06-25,0.13689253935660506,N,N,,2024-06-25
1526,EE 2024 SEMA/Cape ASO Group Study,G,True,,withdrawn,W,SUN BAT,Solar + storage,OT,MA,True,Bristol,SEMA,EE STA_636 Industrial Park,N,NA,4.98,4.98,4.98,4.98,False,2024-05-08,2024,2026-12-31,2026-12-31,2025-06-13,1.0978781656399725,N,N,,2025-06-16
1527,EE 2024 SEMA/Cape ASO Group Study,G,True,,withdrawn,W,SUN BAT,Solar + storage,OT,MA,True,Barnstable,SEMA,EE STA_933 Falmouth,N,NA,2.5,2.5,2.5,2.5,False,2024-05-08,2024,2026-12-31,,2025-06-13,1.0978781656399725,N,N,,2025-06-16
1528,EE 2024 SEMA/Cape ASO Group Study,G,True,,withdrawn,W,BAT,Storage,OT,MA,True,Plymouth,SEMA,EE TA_739 Marshfield,N,NA,4.9992,4.9992,4.9992,4.9992,False,2024-05-08,2024,2026-12-31,2026-12-31,2025-06-13,1.0978781656399725,N,N,,2025-06-16
1529,EE 2024 SEMA/Cape ASO Group Study,G,True,,withdrawn,W,BAT,Storage,OT,MA,True,Plymouth,SEMA,EE STA_738 Duxbury,N,NA,4.99,4.99,4.99,4.99,False,2024-05-08,2024,2024-12-31,2024-12-31,2025-06-13,1.0978781656399725,N,N,,2025-06-16
1530,EE 2024 SEMA/Cape ASO Group Study,G,True,,withdrawn,W,SUN BAT,Solar + storage,OT,MA,True,Bristol,SEMA,EE STA_624 Wing Lane,N,NA,4.999,4.999,4.999,4.999,False,2024-05-08,2024,2026-12-31,2026-12-31,2025-06-13,1.0978781656399725,N,N,,2025-06-16
1531,EE 2024 SEMA/Cape ASO Group Study,G,True,,withdrawn,W,SUN BAT,Solar + storage,OT,MA,True,Plymouth,SEMA,EE STA_745 Rochester,N,NA,4.98,4.98,4.98,4.98,False,2024-05-08,2024,2024-12-31,2024-12-31,2025-06-13,1.0978781656399725,N,N,,2025-06-16
1532,EE 2024 SEMA/Cape ASO Group Study,G,True,,withdrawn,W,SUN BAT,Solar + storage,OT,MA,True,Plymouth,SEMA,EE STA_727 Brook Street,N,NA,4.999,4.999,4.999,4.999,False,2024-05-08,2024,2026-12-31,2026-12-31,2025-06-13,1.0978781656399725,N,N,,2025-06-16
1533,EE 2024 SEMA/Cape ASO Group Study,G,True,,withdrawn,W,SUN BAT,Solar + storage,OT,MA,True,Plymouth,SEMA,EE STA_713 Tremont,N,NA,16.94,16.94,16.94,16.94,False,2024-05-08,2024,2026-12-31,2026-12-31,2025-06-13,1.0978781656399725,N,N,,2025-06-16
1534,EE 2024 SEMA/Cape ASO Group Study,G,True,,withdrawn,W,SUN BAT,Solar + storage,OT,MA,True,Plymouth,SEMA,EE STA_646 Crystal Spring,N,NA,4.98,4.98,4.98,4.98,False,2024-05-08,2024,2026-12-31,2026-12-31,2025-06-13,1.0978781656399725,N,N,,2025-06-16
1535,EE 2024 SEMA/Cape ASO Group Study,G,True,,withdrawn,W,SUN BAT,Solar + storage,OT,MA,True,Barnstable,SEMA,EE STA_946 Mashpee,N,NA,2.805,2.805,2.805,2.805,False,2024-05-08,2024,2026-12-31,2026-12-31,2025-06-13,1.0978781656399725,N,N,,2025-06-16
1536,EE CT DER Group Study,G,True,,withdrawn,W,SUN,Solar,PV,CT,False,Litchfield,CT,EE WINSTED 33B/CAMPVILLE,N,NA,3.74,3.74,3.74,3.74,False,2024-05-15,2024,2024-07-01,2024-07-01,2024-05-29,0.038329911019849415,N,N,,2025-06-17
1537,EE CT DER Group Study,G,True,,withdrawn,W,BAT,Storage,OT,CT,False,New London,CT,EE 1Q UNCASVILLE,N,NA,4.99,4.99,4.99,4.99,False,2024-05-15,2024,2025-12-31,2025-12-21,2025-06-13,1.0787132101300478,N,N,,2025-06-16
1538,EE CT DER Group Study,G,True,,withdrawn,W,BAT,Storage,OT,CT,False,New London,CT,EE Flanders 11Y,N,NA,4.99,4.99,4.99,4.99,False,2024-05-15,2024,2025-12-31,2025-12-31,2025-06-13,1.0787132101300478,N,N,,2025-06-16
1539,EE CT DER Group Study,G,True,,withdrawn,W,BAT,Storage,OT,CT,False,Middlesex,CT,EE 30K DOOLEY,N,NA,20.0,20.0,20.0,20.0,False,2024-05-15,2024,2027-04-05,2027-04-05,2025-06-13,1.0787132101300478,N,N,,2025-06-16
1540,EE CT DER Group Study,G,True,,withdrawn,W,BAT,Storage,OT,CT,False,Hartford,CT,EE Enfield 12C,N,NA,19.999,19.999,19.999,19.999,False,2024-05-15,2024,2025-12-31,2025-12-31,2025-06-13,1.0787132101300478,N,N,,2025-06-16
1541,Battery Storage,G,True,,withdrawn,W,BAT,Storage,OT,MA,True,Middlesex,BOST,"42.385528, -71.490823 on Hudson-Sudbury 115kV line",F,CNR,101.0,101.0,101.0,101.0,False,2024-05-28,2024,2028-05-31,2028-05-01,2025-10-11,1.3716632443531827,N,N,,2025-10-17
1542,Battery Storage,G,True,TCS,withdrawn,W,BAT,Storage,OT,MA,True,Hampden,WMA,MA_WMECO Blandford 115kV substation,F,CNR,170.0,170.0,170.0,170.0,False,2024-05-28,2024,2029-12-31,2029-06-30,2026-07-01,2.0917180013689256,N,N,,2026-07-01
1543,Battery Storage,G,True,TCS,active,A,BAT,Storage,OT,MA,True,Barnstable,SEMA,The project will tap the 342-2 W line between the 345 kV Canal Substation and Jordan Tap with a new three breaker ring bus to connect the project,F,CNR,585.3,500.0,585.3,585.3,False,2024-05-28,2024,2028-12-01,2028-09-15,,2.3408624229979464,N,N,In Progress,2026-08-21
1544,Battery Storage,G,True,,withdrawn,W,BAT,Storage,OT,MA,True,Franklin,WMA,115 kV B128 line; 18.88 miles from Barre B128 and 5.3 miles from French King,F,CNR,105.0,0.0,105.0,105.0,True,2024-05-29,2024,2029-12-30,2029-07-09,2024-07-03,0.09582477754962354,N,N,,2024-07-03
1545,Battery Storage,G,True,,withdrawn,W,BAT,Storage,OT,MA,True,Franklin,WMA,MA_WMECO  115 kV Erving Substation Bus No. 116107,F,CNR,100.7521,100.7521,100.7521,100.7521,False,2024-05-30,2024,2028-08-01,2028-04-01,2025-10-10,1.3634496919917864,N,N,,2025-10-10
1546,Battery Storage,G,True,TCS,withdrawn,W,BAT,Storage,OT,MA,True,Berkshire,WMA,MA_WMECO Partridge 115kV substation.,F,CNR,170.0,170.0,170.0,170.0,False,2024-05-30,2024,2029-12-31,2029-06-30,2026-06-25,2.0698151950718686,N,N,,2026-06-26
1547,Solar,G,True,,withdrawn,W,SUN,Solar,PV,ME,False,Penobscot,BHE,"Clifton Switchyard in Clifton, Maine.",F,NR,19.6,19.6,,,False,2024-05-31,2024,2027-12-01,2027-11-01,2025-09-04,1.2621492128678986,N,N,,2025-09-04
1548,Battery Storage,G,True,,withdrawn,W,BAT,Storage,OT,RI,False,Providence,RI,"Primary POI: 42.001693, -71.710650, Eversource Line 347, Sherman Road to Killingly 345kV 

Alternate POI: 42.001693, -71.710650, Eversource West Farnum to Lake Road 345kV",F,CNR,165.76,165.76,165.76,165.76,False,2024-05-31,2024,2028-03-01,2028-01-01,2024-10-17,0.3805612594113621,N,N,,2024-10-17
1549,Battery Storage,G,True,,withdrawn,W,BAT,Storage,OT,RI,False,Providence,RI,"The Primary Point of Interconnection will be a direct interconnection to the 115-kV bus at Highland Park Substation owned by RI_NGRID. The Alternative Point of Interconnection will be located on the IC’s property (Lat, long:    41°59'46.60""N, 71°28'16.01""W) by tapping the 115-kV Line J16 (Riverside-Highland Park) at approx. 0.27 km from Highland Park Substation.",F,CNR,108.0,108.0,108.0,108.0,False,2024-06-03,2024,2027-01-31,2026-11-30,2024-10-18,0.3750855578370979,N,N,,2024-10-18
1550,Battery Storage,G,True,,withdrawn,W,BAT,Storage,OT,MA,True,Plymouth,SEMA,"The Primary Point of Interconnection will be located on the IC’s property (Lat, long:  41°58'7.22""N, 71° 1'18.59""W) by tapping the 115-kV Line U6-4 (Bridgewater-Raynham) at approx. 7,87 Km from Bridgewater Substation. The Alternative Point of Interconnection will be a direct interconnection to the 115-kV bus at Bridgewater Substation owned by MA_NGRID.",F,CNR,76.0,76.0,76.0,76.0,False,2024-05-31,2024,2027-01-31,2026-11-30,2024-08-02,0.17248459958932238,N,N,,2024-08-02
1551,Battery Storage,G,True,TCS,active,A,BAT,Storage,OT,MA,True,Worcester,CMA,"The Point of Interconnection will be located on the IC’s property (Lat, long: 42°21'44.53""N, 72° 2'22.57""W) by tapping the 115-kV Line A127-4 (Barre-Paxton) at approx. 6km from Barre Substation owned by MA_NGRID.",F,CNR,181.78,180.0,181.78,181.78,False,2024-05-31,2024,2028-04-27,2028-02-29,,2.3326488706365502,N,N,In Progress,2026-08-21
1552,Battery Storage,G,True,,withdrawn,W,BAT,Storage,OT,CT,False,Hartford,CT,Eversource Energy Corporation owned 115 kV Line 1756,F,CNR,133.2,133.2,133.2,133.2,False,2024-06-04,2024,2028-04-01,2028-03-15,2024-11-22,0.4681724845995893,N,N,,2024-11-22
1553,Battery Storage,G,True,TCS,withdrawn,W,BAT,Storage,OT,MA,True,Middlesex,CMA,"Point of Interconnection - National Grid Tewksbury 115kV substation, Open position opposite the J-162 line",F,CNR,126.401,125.0,126.401,126.401,False,2024-06-04,2024,2028-05-01,2028-04-15,2026-08-31,2.239561943874059,N,N,In Progress,2026-08-31
1554,Battery Storage,G,True,,withdrawn,W,BAT,Storage,OT,RI,False,Providence,RI,"NEP transmission line: 345 kV line 359, approximately 10.55 miles from West Farnum and 10.81 miles from Kent County substations.",F,CNR,414.632,414.632,414.632,414.632,False,2024-06-07,2024,2027-10-11,2027-09-27,2024-11-07,0.4188911704312115,N,N,,2024-11-07
1555,Battery Storage,G,True,TCS,active,A,BAT,Storage,OT,MA,True,Essex,BOST,115KV Line Q-169 between Resco-Saugus Tap and Melrose #2 Tap. Approximately 2.4 miles from Melrose #2 Tap and approximately 2.35 miles from Resco-Saugus Tap,F,CNR,207.44,200.0,207.44,207.44,False,2024-06-06,2024,2028-01-01,2027-12-01,,2.316221765913758,N,N,In Progress,2026-08-21
1556,Battery Storage,G,True,,withdrawn,W,BAT,Storage,OT,MA,True,Worcester,CMA,"Eversource 345 kV Line 3361, approximately 3.2 miles from Sherman Road and 7.6 miles from Blackstone.",F,CNR,204.818,204.818,204.818,204.818,False,2024-06-06,2024,2027-10-11,2027-09-27,2025-10-10,1.3442847364818618,N,N,,2025-10-10
1557,Battery Storage,G,True,TCS,active,A,BAT,Storage,OT,MA,True,Essex,BOST,115 kV Wakefield Junction Substation,F,CNR,240.1577,225.0,240.1577,240.1577,False,2024-06-06,2024,2028-01-01,2027-12-01,,2.316221765913758,N,N,In Progress,2026-08-21
1558,Battery Storage,G,True,,withdrawn,W,BAT,Storage,OT,MA,True,Bristol,SEMA,"115 kV line W4S between Grand Army Substation and Pottersville Substation.
Approximately 0.43 miles from Grand Army - 115KV Substation and approximately 2.33 miles from Pottersville / Somerset substations",F,CNR,141.5,141.5,141.5,141.5,False,2024-06-06,2024,2028-01-01,2027-12-01,2025-09-22,1.2950034223134839,N,N,,2025-09-22
1559,Battery Storage,G,True,,withdrawn,W,BAT,Storage,OT,CT,False,New London,CT,"115 kV line 1070 between Ft Hill Farms and Stockhouse Substations, interconnected by a new three-breaker ring bus approximately 2.5 miles from Ft Hill Farms substation and 5.2 miles from Stockhouse Substations.",F,CNR,93.2,93.2,93.2,93.2,False,2024-06-06,2024,2027-05-01,2027-04-01,2025-09-22,1.2950034223134839,N,N,,2025-09-22
1560,Battery Storage,G,True,,withdrawn,W,BAT,Storage,OT,MA,True,Bristol,SEMA,"Non-PTF 115KV lines ET and W owned by TMLP between Cleary Flood Substation and Substation #16 (W Water St), approximately 1.26 miles from Cleary Flood. Project will interconnect half of the new MW capability to each line.",F,CNR,133.796,133.796,133.796,133.796,False,2024-06-06,2024,2027-04-01,2027-03-01,2025-09-22,1.2950034223134839,N,N,,2025-09-22
1561,Battery Storage,G,True,,withdrawn,W,BAT,Storage,OT,CT,False,Litchfield,CT,115 kV line between Rocky River and Bulls Bridge substations,F,CNR,141.6,141.6,141.6,141.6,False,2024-06-06,2024,2027-04-01,2027-03-01,2025-05-09,0.9226557152635181,N,N,,2025-05-09
1562,Battery Storage,G,True,,withdrawn,W,BAT,Storage,OT,CT,False,Litchfield,CT,Eversource 115 kV Line from Frost Bridge #8R to Carmel Hill #11S,F,CNR,45.29,45.29,45.29,45.29,False,2024-06-07,2024,2027-06-01,2026-12-01,2024-08-28,0.2245037645448323,N,N,,2024-08-28
1563,Solar,G,True,,withdrawn,W,SUN,Solar,PV,ME,False,Somerset,ME,CMP 115kV Line 83,F,CNR,165.0,165.0,165.0,165.0,False,2024-06-06,2024,2028-06-06,2028-06-06,2025-05-01,0.9007529089664613,N,N,,2025-05-04
1564,Battery Storage,G,True,,withdrawn,W,BAT,Storage,OT,VT,False,Windham,VT,"Vernon 115 kV (Line K-40)

Coordinates: 42.78270705350802, -72.51706642321578",F,CNR,100.955,100.955,100.955,100.955,False,2024-06-06,2024,2027-09-30,2027-03-30,2025-10-06,1.3333333333333333,N,N,,2025-10-06
1565,Battery Storage,G,True,,withdrawn,W,BAT,Storage,OT,MA,True,Bristol,SEMA,Interconnect at the 115kV Sykes Rd Substation owned by MA_NGRID.,F,CNR,81.0,81.0,81.0,81.0,False,2024-06-10,2024,2027-01-31,2026-11-30,2024-09-11,0.2546201232032854,N,N,,2024-09-11
1566,Wind,G,True,,withdrawn,W,WND,All other,WT,ME,False,Aroostook,BHE,Orrington – Albion Road 345kV,F,CNR,197.4,197.4,197.4,197.4,False,2024-06-11,2024,2028-10-01,2028-05-01,2025-10-11,1.3333333333333333,N,N,,2025-10-17
1567,Battery Storage,G,True,TCS,active,A,BAT,Storage,OT,MA,True,Middlesex,SEMA,"The Point of Interconnection will be a direct interconnection will be located on the IC’s property (Lat, long:    42°41'23.38""N, 71°26'20.43""W) by tapping the 345-kV Line 326-2 (Sandy Pond-Lawrence Rd), owned by RI_NGRID, at approx. 8.4 miles from the 345-kV Lawerence Rd Substation (42% of line from Lawerence Rd).",F,CNR,509.184,500.0,509.184,509.184,False,2024-06-11,2024,2028-04-27,2028-02-29,,2.302532511978097,N,N,In Progress,2026-08-21
1568,Battery Storage,G,True,,withdrawn,W,BAT,Storage,OT,RI,False,Washington,RI,The Primary Point of Interconnection will be a direct interconnection to the 115-kV bus at Davisville Substation Expansion owned by RI_NGRID.,F,CNR,152.7552,312.84,152.7552,152.7552,False,2024-06-12,2024,2027-01-31,2026-11-30,2025-10-10,1.3278576317590691,N,N,,2025-10-10
1569,Non-controllable objective ETU to enable 2400 MW injection,ETU,False,,withdrawn,W,N/A,All other,NA,CT,False,New London,CT,N/A,F,N/A,2400.0,2400.0,,,False,2024-06-13,2024,2031-06-30,2030-12-30,2025-10-06,1.3141683778234086,N,N,,2025-10-06
1570,Battery Storage,G,True,,withdrawn,W,BAT,Storage,OT,MA,True,Worcester,CMA,"National Grid 69kV line tap on line A-1S Coordinates: 42.493823759032914, -71.77425691308422. Based off the ISO-NE system diagram, it is assumed that the eastern circuit is A-1S and is the preferred connection.  however seeking this to be confirmed with ISO-NE""",F,CNR,19.73,19.73,19.73,19.73,False,2024-06-13,2024,2027-06-30,2027-02-28,2024-09-27,0.29021218343600275,N,N,,2024-09-27
1571,Battery Storage,G,True,,withdrawn,W,BAT,Storage,OT,MA,True,Worcester,CMA,"42.066328, -71.864144 National Grid 69 kV Substation the East Webster 412 substation.",F,CNR,19.73,19.73,19.73,19.73,False,2024-06-13,2024,2027-06-30,2027-02-28,2025-10-11,1.3278576317590691,N,N,,2025-10-17
1572,Solar,G,True,,withdrawn,W,SUN,Solar,PV,VT,False,Windham,VT,Vernon #13 69kV,F,CNR,4.042,8.084,4.042,4.042,False,2024-06-24,2024,2026-06-30,2026-06-23,2024-08-06,0.11772758384668036,N,N,,2024-08-06
1573,Solar,G,True,,withdrawn,W,SUN,Solar,PV,ME,False,York,ME,"CMP 34.5kV Line 182, located approximately 2.5 miles from the West Buxton Substation.",F,CNR,20.0,20.0,20.0,20.0,False,2024-06-26,2024,2028-06-06,2028-05-20,2024-08-12,0.12867898699520877,N,N,,2024-08-12
1574,Battery Storage,G,True,,withdrawn,W,BAT,Storage,OT,NH,False,Merrimack,NH,"EVERSOURCE 115KV SECTION C196, APPROXIMATELY 1.5 MILES SOUTH OF THE MERRIMACK SUBSTATION.",F,CNR,20.0,20.0,20.0,20.0,False,2024-06-26,2024,2028-06-06,2028-05-20,2024-08-12,0.12867898699520877,N,N,,2024-08-12
1575,Solar,G,True,,withdrawn,W,SUN,Solar,PV,ME,False,Oxford,ME,CMP 115kV Woodstock Substation,F,CNR,20.0,20.0,20.0,20.0,False,2024-06-26,2024,2028-06-06,2028-05-20,2024-08-12,0.12867898699520877,N,N,,2024-08-12
1576,Solar,G,True,,withdrawn,W,SUN,Solar,PV,NH,False,Cheshire,NH,"Eversource 115kV Section L-163, approximately 2.6 miles north of North Keene Substation.",F,CNR,20.0,20.0,20.0,20.0,False,2024-06-26,2024,2028-06-06,2028-05-20,2024-08-12,0.12867898699520877,N,N,,2024-08-12
1577,Solar,G,True,,withdrawn,W,SUN,Solar,PV,ME,False,Knox,ME,CMP 115KV SECTION 80,F,CNR,20.0,20.0,20.0,20.0,False,2024-06-26,2024,2028-06-06,2028-05-20,2024-08-12,0.12867898699520877,N,N,,2024-08-12
1578,Solar,G,True,,withdrawn,W,SUN,Solar,PV,ME,False,Oxford,ME,CMP 115kV Woodstock Substation,F,CNR,20.0,20.0,20.0,20.0,False,2024-06-26,2024,2028-06-06,2028-05-20,2024-08-12,0.12867898699520877,N,N,,2024-08-12
1579,RMLD DER Group Study,G,True,,withdrawn,W,BAT,Storage,OT,MA,True,Middlesex,CMA,RMLD Station 4/EE 211-503 & 211-504 Lines,N,NA,4.996,4.996,4.996,4.996,False,2024-07-29,2024,2025-02-16,2025-02-15,2025-06-13,0.8733744010951403,Y,Y,,2025-06-16
1580,RMLD DER Group Study,G,True,,withdrawn,W,BAT,Storage,OT,MA,True,Middlesex,CMA,RMLD Station 3/NG S145 & T146 Lines,N,NA,9.98,9.98,9.98,9.98,False,2024-07-29,2024,2025-06-16,2025-06-15,2025-06-13,0.8733744010951403,Y,Y,,2025-06-16
1581,TMLP Landfill Solar,G,True,,withdrawn,W,SUN,Solar,PV,MA,True,Bristol,SEMA,TMLP Dist Feeder 1841.32 Station 18 13.8kV/115kV,N,NA,2.99,2.99,2.99,2.99,False,2024-07-29,2024,2025-01-25,2025-01-24,2025-06-13,0.8733744010951403,Y,Y,,2025-06-16
1582,Paxton BESS,G,True,,withdrawn,W,BAT,Storage,OT,MA,True,Worcester,SEMA,Paxton Municipal Light Department 13.8KV,N,NA,3.0,3.0,3.0,3.0,False,2024-07-29,2024,2024-12-02,2024-11-25,2025-06-13,0.8733744010951403,Y,Y,,2025-06-16
1583,HGE Group Study,G,True,,withdrawn,W,BAT,Storage,OT,MA,True,Hampden,WMA,Holyoke 17L via 17L16 Circuit,N,NA,4.95,4.95,4.95,4.95,False,2024-08-13,2024,2025-02-15,2025-02-15,2025-06-13,0.8323066392881588,N,N,,2025-06-16
1584,HGE Group Study,G,True,,withdrawn,W,NG,All other,GT,MA,True,Hampden,WMA,Holyoke 44P via New 34.5 kV Circuit,N,NA,4.0,4.0,4.0,4.0,False,2024-08-13,2024,2026-01-01,2026-01-01,2025-06-13,0.8323066392881588,N,N,,2025-06-16
1585,HGE Group Study,G,True,,withdrawn,W,BAT,Storage,OT,MA,True,Hampden,WMA,Holyoke 52W via 52W6 Circuit or New Circuit,N,NA,12.98,12.98,12.98,12.98,False,2024-08-13,2024,2026-01-01,2025-03-01,2025-06-13,0.8323066392881588,N,N,,2025-06-16
1586,Battery Storage,G,True,,withdrawn,W,BAT,Storage,OT,VT,False,Chittenden,VT,Global Foundries 13.8 kV bus,N,NA,16.0,16.0,16.0,16.0,False,2024-08-14,2024,2026-04-01,2026-03-01,2025-06-13,0.8295687885010267,N,N,,2025-06-16
1587,Battery Storage,G,True,,withdrawn,W,BAT,Storage,OT,MA,True,Worcester,CMA,West Boylston Denton Lovell Substation T2 Transformer fed from the P142W.  Distribution Feeder -F23 Hartwell Feeder,N,NA,3.0,3.0,3.0,3.0,False,2024-08-15,2024,2025-10-15,2025-09-15,2025-06-13,0.8268309377138946,N,N,,2025-06-16
1588,Wood River Substation - Western RI DER Study #3,G,True,,withdrawn,W,SUN,Solar,PV,RI,False,Washington,RI,"RIE feeder 85T2 and 85T3, Wood River Substation",N,NA,49.0,49.0,49.0,49.0,False,2024-08-19,2024,2026-12-31,2026-12-01,2025-06-13,0.8158795345653662,N,N,,2025-06-16
1589,Kent County Substation - Western RI DER Study #3,G,True,,withdrawn,W,SUN,Solar,PV,RI,False,Kent,RI,"RIE feeder 3309 and 3311, Kent County Substation",N,NA,21.748,21.748,21.748,21.748,False,2024-08-19,2024,2026-12-31,2026-12-01,2025-06-13,0.8158795345653662,N,N,,2025-06-16
1590,Tower Hill Substation -  Western RI DER Study #3,G,True,,withdrawn,W,SUN,Solar,PV,RI,False,Washington,RI,"RIE Feeder 88F7, Tower Hill Substation",N,NA,3.06,3.06,3.06,3.06,False,2024-08-19,2024,2026-12-31,2026-12-01,2025-06-13,0.8158795345653662,N,N,,2025-06-16
1591,Chase Hill Substation -  Western RI DER Study #3,G,True,,withdrawn,W,SUN,Solar,PV,RI,False,Washington,RI,"RIE Feeder 155F2, Chase Hill Substation",N,NA,2.375,2.375,2.375,2.375,False,2024-08-19,2024,2026-12-31,2026-12-01,2025-06-13,0.8158795345653662,N,N,,2025-06-16
1592,SHELD BESS,G,True,,withdrawn,W,BAT,Storage,OT,MA,True,Hampden,WMA,South Hadley Electric Light Department 13.8KV,N,NA,3.0,3.0,3.0,3.0,False,2024-08-21,2024,2025-09-01,2025-09-01,2025-06-13,0.810403832991102,N,N,,2025-06-16
1593,Point St Substation – Aldrich St BESS,G,True,,withdrawn,W,BAT,Storage,OT,RI,False,Providence,RI,"RIE feeder 76F6, Point St Substation",N,NA,3.0,3.0,3.0,3.0,False,2024-11-15,2024,2026-12-31,2026-12-31,2025-06-13,0.5749486652977412,N,N,,2025-06-16
1594,Woonsocket Substation – Tifft ST BESS,G,True,,withdrawn,W,BAT,Storage,OT,RI,False,Providence,RI,"RIE feeder 26W7, Woonsocket Substation",N,NA,4.5,4.5,4.5,4.5,False,2024-11-15,2024,2026-12-31,2026-12-31,2025-06-13,0.5749486652977412,N,N,,2025-06-16
1595,Willard Storage (NYISO-C24-148),G,True,,active,A,BAT,Storage,OT,NY,False,Rensselaer,N/A,NYISO Eastover 115 kV,N,CNR,300.0,300.0,300.0,300.0,False,2024-12-12,2024,2028-10-01,2028-10-01,,1.7987679671457906,N,N,,2025-01-10
1596,NY Chateaugay 0 Willis Rd Storage (NYISO-C24-304-004),G,True,,active,A,BAT,Storage,OT,NY,False,Franklin,N/A,NYISO Willis 230 kV Substation,N,CNR,150.0,150.0,150.0,150.0,False,2024-12-12,2024,2028-02-01,2028-02-01,,1.7987679671457906,N,N,,2025-01-10
1597,New Scotland BESS (NYISO-C24-045),G,True,,withdrawn,W,BAT,Storage,OT,NY,False,Albany,N/A,NYISO New Scotland 345 kV,N,CNR,1350.0,1350.0,1350.0,1350.0,False,2024-12-12,2024,2027-09-01,2027-09-01,2025-06-26,0.5366187542778919,N,N,,2025-06-26
1598,Zenobe Rotterdam LLC (NYISO-C24-191),G,True,,withdrawn,W,BAT,Storage,OT,NY,False,Schenectady,N/A,NYISO Rotterdam 115 kV,N,CNR,100.0,100.0,100.0,100.0,False,2024-12-12,2024,2028-06-01,2028-06-01,2025-12-05,0.9801505817932923,N,N,,2025-12-08
1599,Dover NY BESS (NYISO-C24-316),G,True,,withdrawn,W,BAT,Storage,OT,NY,False,Dutchess,N/A,NYISO Pleasant Valley-Cricket Valley 345 kV,N,CNR,1000.0,1000.0,1000.0,1000.0,False,2024-12-12,2024,2028-05-01,2028-05-01,2025-06-26,0.5366187542778919,N,N,,2025-06-26
1600,Chazy Lake BESS (NYISO-C24-308),G,True,,withdrawn,W,BAT,Storage,OT,NY,False,Clinton,N/A,NYISO Patnode 230 kV,N,CNR,50.0,50.0,50.0,50.0,False,2024-12-12,2024,2028-08-01,2028-08-01,2025-03-14,0.2518822724161533,N,N,,2025-03-14
1601,BESS,G,True,,withdrawn,W,BAT,Storage,OT,MA,True,Essex,BOST,NGRID KING ST T3,N,NA,4.99,4.99,4.99,4.99,False,2025-01-14,2025,2027-02-03,2027-02-03,2025-06-13,0.4106776180698152,N,N,,2025-06-16
